"GeoID_Description","GeoID_Name","SitsinState","GeoID","GeoID_Formatted","mhhinc","TimeFrame","GeoVintage","Layer_Source","store_name","address","address2","city","state","zip5","county","store_type","incentive_program","grantee_name","Point_Source","Location"
"Census Tract","04013116606","AZ","04013116606","=""04013116606""","76021","2020-2024","2022","Census","TASAN INCORPORATED","3901 W Southern Ave","","Phoenix","AZ","85041","MARICOPA","Convenience Store","","","USDA","Maricopa (County, 2022)"
"Census Tract","04013116718","AZ","04013116718","=""04013116718""","77025","2020-2024","2022","Census","Target Store T-0909","4734 E Ray Rd","","Phoenix","AZ","85044","MARICOPA","Super Store","","","USDA","Maricopa (County, 2022)"
"Census Tract","04013116300","AZ","04013116300","=""04013116300""","64457","2020-2024","2022","Census","Target Store T-1905","2140 E Baseline Rd","","Phoenix","AZ","85042","MARICOPA","Super Store","","","USDA","Maricopa (County, 2022)"
"Census Tract","04013116712","AZ","04013116712","=""04013116712""","89068","2020-2024","2022","Census","Trader Joe's 177","4025 E Chandler Blvd Ste 38","","Phoenix","AZ","85048","MARICOPA","Supermarket","","","USDA","Maricopa (County, 2022)"
"Census Tract","04013116500","AZ","04013116500","=""04013116500""","65701","2020-2024","2022","Census","WBF AZ LLC McDonalds 23290","6005 E Central Ave","","Phoenix","AZ","85042","MARICOPA","Restaurant Meals Program","","","USDA","Maricopa (County, 2022)"
"Census Tract","04013116203","AZ","04013116203","=""04013116203""","84144","2020-2024","2022","Census","WBF AZ LLC McDonalds 25250","2430 Baseline Rd","","Phoenix","AZ","85042","MARICOPA","Restaurant Meals Program","","","USDA","Maricopa (County, 2022)"
"Census Tract","04013115200","AZ","04013115200","=""04013115200""","57281","2020-2024","2022","Census","WBF AZ LLC McDonalds 26394","3130 E Broadway Rd","","Phoenix","AZ","85040","MARICOPA","Restaurant Meals Program","","","USDA","Maricopa (County, 2022)"
"Census Tract","04013116100","AZ","04013116100","=""04013116100""","45242","2020-2024","2022","Census","WONGS MINI MART","2803 E Broadway Rd","","Phoenix","AZ","85040","MARICOPA","Convenience Store","","","USDA","Maricopa (County, 2022)"
"Census Tract","04013116721","AZ","04013116721","=""04013116721""","108750","2020-2024","2022","Census","Walgreens 04046","3960 E Chandler Blvd","","Phoenix","AZ","85048","MARICOPA","Other","","","USDA","Maricopa (County, 2022)"
"Census Tract","04013116725","AZ","04013116725","=""04013116725""","112569","2020-2024","2022","Census","Walgreens 05569","1315 E Chandler Blvd","","Phoenix","AZ","85048","MARICOPA","Other","","","USDA","Maricopa (County, 2022)"
"Census Tract","04013116619","AZ","04013116619","=""04013116619""","120368","2020-2024","2022","Census","Walgreens 09179","5115 W Baseline Rd","","Laveen","AZ","85339","MARICOPA","Other","","","USDA","Maricopa (County, 2022)"
"Census Tract","04013116607","AZ","04013116607","=""04013116607""","95800","2020-2024","2022","Census","Walgreens 10111","3434 W Southern Ave","","Phoenix","AZ","85041","MARICOPA","Other","","","USDA","Maricopa (County, 2022)"
"Census Tract","04013116708","AZ","04013116708","=""04013116708""","87521","2020-2024","2022","Census","Walgreens 13870","4875 E Elliot Rd","","Phoenix","AZ","85044","MARICOPA","Other","","","USDA","Maricopa (County, 2022)"
"Census Tract","04013116203","AZ","04013116203","=""04013116203""","84144","2020-2024","2022","Census","Walgreens 4422","3945 E Southern Ave","","Phoenix","AZ","85040","MARICOPA","Other","","","USDA","Maricopa (County, 2022)"
"Census Tract","04013116203","AZ","04013116203","=""04013116203""","84144","2020-2024","2022","Census","Walgreens 6535","2420 E Baseline Rd","","Phoenix","AZ","85042","MARICOPA","Other","","","USDA","Maricopa (County, 2022)"
"Census Tract","04013116736","AZ","04013116736","=""04013116736""","49704","2020-2024","2022","Census","Walgreens 6697","7606 S 7th St","","Phoenix","AZ","85042","MARICOPA","Other","","","USDA","Maricopa (County, 2022)"
"Census Tract","04013116606","AZ","04013116606","=""04013116606""","76021","2020-2024","2022","Census","Walmart 3771","6150 S 35TH AVE","","PHOENIX","AZ","85041","MARICOPA","Super Store","","","USDA","Maricopa (County, 2022)"
"Census Tract","04013116738","AZ","04013116738","=""04013116738""","120326","2020-2024","2022","Census","Walmart 4293","2435 E BASELINE RD","","PHOENIX","AZ","85042","MARICOPA","Super Store","","","USDA","Maricopa (County, 2022)"
"Census Tract","04013115802","AZ","04013115802","=""04013115802""","44821","2020-2024","2022","Census","Yes Mart","5448 S Central Ave","","Phoenix","AZ","85040","MARICOPA","Convenience Store","","","USDA","Maricopa (County, 2022)"
"Census Tract","04013115500","AZ","04013115500","=""04013115500""","47358","2020-2024","2022","Census","Mcl Llc","4702 S 35th Ave","","Phoenix","AZ","85041","MARICOPA","Convenience Store","","","USDA","Maricopa (County, 2022)"
"Census Tract","04013116605","AZ","04013116605","=""04013116605""","88555","2020-2024","2022","Census","Mi Ranchito 2","5035 W Southern Ave","Ste 110","Laveen","AZ","85339","MARICOPA","Grocery Store","","","USDA","Maricopa (County, 2022)"
"Census Tract","04013116611","AZ","04013116611","=""04013116611""","130266","2020-2024","2022","Census","Mountain Light Farm LLC","4023 W Elliot Rd","Unit B","Laveen","AZ","85339","MARICOPA","Specialty Store","","","USDA","Maricopa (County, 2022)"
"Census Tract","04013116711","AZ","04013116711","=""04013116711""","113854","2020-2024","2022","Census","Papa Johns #1686","4302 E Ray Rd","","Phoenix","AZ","85044","MARICOPA","Restaurant Meals Program","","","USDA","Maricopa (County, 2022)"
"Census Tract","04013116204","AZ","04013116204","=""04013116204""","72780","2020-2024","2022","Census","Papa Johns #2803","4645 E Broadway Rd","Ste 106","Phoenix","AZ","85040","MARICOPA","Restaurant Meals Program","","","USDA","Maricopa (County, 2022)"
"Census Tract","04013116610","AZ","04013116610","=""04013116610""","118888","2020-2024","2022","Census","Papa Johns #3672","5045 W Baseline Rd","Ste 130","Laveen","AZ","85339","MARICOPA","Restaurant Meals Program","","","USDA","Maricopa (County, 2022)"
"Census Tract","04013115700","AZ","04013115700","=""04013115700""","77174","2020-2024","2022","Census","Paradise Liquor  Mini Mart","722 W Southern Ave","","Phoenix","AZ","85041","MARICOPA","Convenience Store","","","USDA","Maricopa (County, 2022)"
"Census Tract","04013116615","AZ","04013116615","=""04013116615""","52763","2020-2024","2022","Census","Quick Korner Market","1869 W Southern Ave","","Phoenix","AZ","85041","MARICOPA","Convenience Store","","","USDA","Maricopa (County, 2022)"
"Census Tract","04013115200","AZ","04013115200","=""04013115200""","57281","2020-2024","2022","Census","QuikTrip 0432","4075 S 32nd St","","Phoenix","AZ","85040","MARICOPA","Convenience Store","","","USDA","Maricopa (County, 2022)"
"Census Tract","04013116712","AZ","04013116712","=""04013116712""","89068","2020-2024","2022","Census","QuikTrip 1402","4015 E Cottonwood Ln","","Phoenix","AZ","85048","MARICOPA","Convenience Store","","","USDA","Maricopa (County, 2022)"
"Census Tract","04013116400","AZ","04013116400","=""04013116400""","76635","2020-2024","2022","Census","QuikTrip 1403","1550 E Baseline Rd","","Phoenix","AZ","85042","MARICOPA","Convenience Store","","","USDA","Maricopa (County, 2022)"
"Census Tract","04013116616","AZ","04013116616","=""04013116616""","95611","2020-2024","2022","Census","QuikTrip 434","1915 W Southern Ave","","Phoenix","AZ","85041","MARICOPA","Convenience Store","","","USDA","Maricopa (County, 2022)"
"Census Tract","04013116738","AZ","04013116738","=""04013116738""","120326","2020-2024","2022","Census","QuikTrip 463","4725 E Baseline Rd","","Phoenix","AZ","85042","MARICOPA","Convenience Store","","","USDA","Maricopa (County, 2022)"
"Census Tract","04013116612","AZ","04013116612","=""04013116612""","115984","2020-2024","2022","Census","QuikTrip 493","3445 W Baseline Rd","","Laveen","AZ","85339","MARICOPA","Convenience Store","","","USDA","Maricopa (County, 2022)"
"Census Tract","04013116500","AZ","04013116500","=""04013116500""","65701","2020-2024","2022","Census","Rest & Market Monarcas Llc","602 W Baseline Rd","","Phoenix","AZ","85041","MARICOPA","Grocery Store","","","USDA","Maricopa (County, 2022)"
"Census Tract","04013116712","AZ","04013116712","=""04013116712""","89068","2020-2024","2022","Census","SAFEWAY  1201","4005 E Chandler Blvd","","Phoenix","AZ","85048","MARICOPA","Supermarket","","","USDA","Maricopa (County, 2022)"
"Census Tract","04013116400","AZ","04013116400","=""04013116400""","76635","2020-2024","2022","Census","SAFEWAY  1591","6202 S 16th St","","Phoenix","AZ","85042","MARICOPA","Supermarket","","","USDA","Maricopa (County, 2022)"
"Census Tract","04013116719","AZ","04013116719","=""04013116719""","110316","2020-2024","2022","Census","SAFEWAY  1980","1334 W Chandler Blvd","","Phoenix","AZ","85048","MARICOPA","Supermarket","","","USDA","Maricopa (County, 2022)"
"Census Tract","04013116708","AZ","04013116708","=""04013116708""","87521","2020-2024","2022","Census","SAFEWAY  752","4747 E Elliot Rd","","Phoenix","AZ","85044","MARICOPA","Supermarket","","","USDA","Maricopa (County, 2022)"
"Census Tract","04013116610","AZ","04013116610","=""04013116610""","118888","2020-2024","2022","Census","Safeway 2709","5035 W Baseline Rd","","Laveen","AZ","85339","MARICOPA","Supermarket","","","USDA","Maricopa (County, 2022)"
"Census Tract","04013810400","AZ","04013810400","=""04013810400""","114953","2020-2024","2022","Census","Sam's Club 6213","700 N 54th St","","Chandler","AZ","85226","MARICOPA","Super Store","","","USDA","Maricopa (County, 2022)"
"Census Tract","04013115900","AZ","04013115900","=""04013115900""","61944","2020-2024","2022","Census","Snappy  Convenience Store Llc","702 E Roeser Rd","","Phoenix","AZ","85040","MARICOPA","Convenience Store","","","USDA","Maricopa (County, 2022)"
"Census Tract","04013115700","AZ","04013115700","=""04013115700""","77174","2020-2024","2022","Census","Soon's Market","5201 S 15th Ave","","Phoenix","AZ","85041","MARICOPA","Convenience Store","","","USDA","Maricopa (County, 2022)"
"Census Tract","04013116500","AZ","04013116500","=""04013116500""","65701","2020-2024","2022","Census","South Central Nutrition LLC","6064 S Central Ave","","Phoenix","AZ","85042","MARICOPA","Restaurant Meals Program","","","USDA","Maricopa (County, 2022)"
"Census Tract","04013116615","AZ","04013116615","=""04013116615""","52763","2020-2024","2022","Census","Southern Belle Louisiana Cajun Spices And Foods 2","1717 W Southern Ave","Ste 104","Phoenix","AZ","85041","MARICOPA","Grocery Store","","","USDA","Maricopa (County, 2022)"
"Census Tract","04013116615","AZ","04013116615","=""04013116615""","52763","2020-2024","2022","Census","Spaces Of Opportunity Farmers Market","1200 W Vineyard Rd","","Phoenix","AZ","85041","MARICOPA","Farmers and Markets","","","USDA","Maricopa (County, 2022)"
"Census Tract","04013116000","AZ","04013116000","=""04013116000""","63925","2020-2024","2022","Census","Speedy Stop","5033 S 16th St","","Phoenix","AZ","85040","MARICOPA","Convenience Store","","","USDA","Maricopa (County, 2022)"
"Census Tract","04013116719","AZ","04013116719","=""04013116719""","110316","2020-2024","2022","Census","Sprouts Farmers Market 16","4735 E Ray Rd","Unit A001","Phoenix","AZ","85044","MARICOPA","Supermarket","","","USDA","Maricopa (County, 2022)"
"Census Tract","04013116619","AZ","04013116619","=""04013116619""","120368","2020-2024","2022","Census","Sprouts Farmers Market 40","7700 S 59th Avenue","","LaVeen","AZ","85339","MARICOPA","Supermarket","","","USDA","Maricopa (County, 2022)"
"Census Tract","04013116719","AZ","04013116719","=""04013116719""","110316","2020-2024","2022","Census","Starcorp LLC dba Carls Jr 7503","4916 E Chandler Blvd","","Phoenix","AZ","85048","MARICOPA","Restaurant Meals Program","","","USDA","Maricopa (County, 2022)"
"Census Tract","04013116605","AZ","04013116605","=""04013116605""","88555","2020-2024","2022","Census","Starcorp LLC dba Carls Jr 7610","5040 W Baseline Rd","","Laveen","AZ","85339","MARICOPA","Restaurant Meals Program","","","USDA","Maricopa (County, 2022)"
"Census Tract","04013116717","AZ","04013116717","=""04013116717""","64321","2020-2024","2022","Census","Subway #10780","4810 East Ray Rd","Space A1","Phoenix","AZ","85044","MARICOPA","Restaurant Meals Program","","","USDA","Maricopa (County, 2022)"
"Census Tract","04013116500","AZ","04013116500","=""04013116500""","65701","2020-2024","2022","Census","Subway #14449","610 E Baseline Rd","Suite C2","Chandler","AZ","85042","MARICOPA","Restaurant Meals Program","","","USDA","Maricopa (County, 2022)"
"Census Tract","04013116300","AZ","04013116300","=""04013116300""","64457","2020-2024","2022","Census","Subway #33469","2160 E Baseline Rd","Ste 126","Phoenix","AZ","85042","MARICOPA","Restaurant Meals Program","","","USDA","Maricopa (County, 2022)"
"Census Tract","04013116606","AZ","04013116606","=""04013116606""","76021","2020-2024","2022","Census","Subway #36448","6150 S 35th Ave","","Phoenix","AZ","85041","MARICOPA","Restaurant Meals Program","","","USDA","Maricopa (County, 2022)"
"Census Tract","04013116607","AZ","04013116607","=""04013116607""","95800","2020-2024","2022","Census","Subway #43792","3424 W Southern Ave","Ste 171","Phoenix","AZ","85041","MARICOPA","Restaurant Meals Program","","","USDA","Maricopa (County, 2022)"
"Census Tract","04013116202","AZ","04013116202","=""04013116202""","93340","2020-2024","2022","Census","Subway #57430","4005 E Southern Ave","","Phoenix","AZ","85042","MARICOPA","Restaurant Meals Program","","","USDA","Maricopa (County, 2022)"
"Census Tract","04013115801","AZ","04013115801","=""04013115801""","44000","2020-2024","2022","Census","Subway 1618","5217 S Central Ave","Ste B2","Phoenix","AZ","85040","MARICOPA","Restaurant Meals Program","","","USDA","Maricopa (County, 2022)"
"Census Tract","04013319708","AZ","04013319708","=""04013319708""","59375","2020-2024","2022","Census","Subway 27186","2700 W Baseline Rd","Ste 131","Tempe","AZ","85283","MARICOPA","Restaurant Meals Program","","","USDA","Maricopa (County, 2022)"
"Census Tract","04013116616","AZ","04013116616","=""04013116616""","95611","2020-2024","2022","Census","Subway 34155","2020 W Baseline Rd","Ste C166","Phoenix","AZ","85041","MARICOPA","Restaurant Meals Program","","","USDA","Maricopa (County, 2022)"
"Census Tract","04013116732","AZ","04013116732","=""04013116732""","113232","2020-2024","2022","Census","Super Sam","9201 S 7th Ave","","Phoenix","AZ","85041","MARICOPA","Convenience Store","","","USDA","Maricopa (County, 2022)"
"Census Tract","04013116605","AZ","04013116605","=""04013116605""","88555","2020-2024","2022","Census","Burger King # 16422","5055 W Southern Ave","","Laveen","AZ","85339","MARICOPA","Restaurant Meals Program","","","USDA","Maricopa (County, 2022)"
"Census Tract","04013116300","AZ","04013116300","=""04013116300""","64457","2020-2024","2022","Census","Burger King 28485","2337 E. Southern Ave.","","Phoenix","AZ","85040","MARICOPA","Restaurant Meals Program","","","USDA","Maricopa (County, 2022)"
"Census Tract","04013116717","AZ","04013116717","=""04013116717""","64321","2020-2024","2022","Census","Burger King 7043","4805 E Warner Rd","","Phoenix","AZ","85044","MARICOPA","Restaurant Meals Program","","","USDA","Maricopa (County, 2022)"
"Census Tract","04013116736","AZ","04013116736","=""04013116736""","49704","2020-2024","2022","Census","Burger King 9867","665 E Baseline Rd","","Phoenix","AZ","85042","MARICOPA","Restaurant Meals Program","","","USDA","Maricopa (County, 2022)"
"Census Tract","04013116607","AZ","04013116607","=""04013116607""","95800","2020-2024","2022","Census","By the Bucket","3424 W Southern Ave","Ste 174","Phoenix","AZ","85041","MARICOPA","Restaurant Meals Program","","","USDA","Maricopa (County, 2022)"
"Census Tract","04013116616","AZ","04013116616","=""04013116616""","95611","2020-2024","2022","Census","CVS Pharmacy 3383","7550 S 19th Ave","","Phoenix","AZ","85041","MARICOPA","Other","","","USDA","Maricopa (County, 2022)"
"Census Tract","04013116712","AZ","04013116712","=""04013116712""","89068","2020-2024","2022","Census","CVS Pharmacy 52","4657 E Chandler Blvd","","Phoenix","AZ","85048","MARICOPA","Other","","","USDA","Maricopa (County, 2022)"
"Census Tract","04013116605","AZ","04013116605","=""04013116605""","88555","2020-2024","2022","Census","CVS Pharmacy 5892","5050 W Baseline Rd","","Laveen","AZ","85041","MARICOPA","Other","","","USDA","Maricopa (County, 2022)"
"Census Tract","04013116737","AZ","04013116737","=""04013116737""","129524","2020-2024","2022","Census","CVS Pharmacy 7860","1615 E Baseline Rd","","Phoenix","AZ","85042","MARICOPA","Other","","","USDA","Maricopa (County, 2022)"
"Census Tract","04013116718","AZ","04013116718","=""04013116718""","77025","2020-2024","2022","Census","CVS Pharmacy 9290","4430 E Ray Rd","","Phoenix","AZ","85044","MARICOPA","Other","","","USDA","Maricopa (County, 2022)"
"Census Tract","04013116619","AZ","04013116619","=""04013116619""","120368","2020-2024","2022","Census","Carioca Shell 6","9170 S 51st Ave","","Laveen village","AZ","85339","MARICOPA","Convenience Store","","","USDA","Maricopa (County, 2022)"
"Census Tract","04013115200","AZ","04013115200","=""04013115200""","57281","2020-2024","2022","Census","Carioca Shell 78","3444 S 40th St","","Phoenix","AZ","85040","MARICOPA","Convenience Store","","","USDA","Maricopa (County, 2022)"
"Census Tract","04013115600","AZ","04013115600","=""04013115600""","79481","2020-2024","2022","Census","Carniceria Mexico LLC","4450 S 19th Ave","","Phoenix","AZ","85041","MARICOPA","Other","","","USDA","Maricopa (County, 2022)"
"Census Tract","04013116606","AZ","04013116606","=""04013116606""","76021","2020-2024","2022","Census","Carniceria Agave LLC","3525 W Southern Ave","Ste 144","Phoenix","AZ","85041","MARICOPA","Convenience Store","","","USDA","Maricopa (County, 2022)"
"Census Tract","04013115400","AZ","04013115400","=""04013115400""","53717","2020-2024","2022","Census","Carniceria El Rancho Grande Llc","4227 S Central Ave","","Phoenix","AZ","85040","MARICOPA","Supermarket","","","USDA","Maricopa (County, 2022)"
"Census Tract","04013116000","AZ","04013116000","=""04013116000""","63925","2020-2024","2022","Census","Carniceria Mr. Muuu","1628 E Southern Ave","","Phoenix","AZ","85040","MARICOPA","Other","","","USDA","Maricopa (County, 2022)"
"Census Tract","04013319709","AZ","04013319709","=""04013319709""","N/A","2020-2024","2022","Census","Carniceria Sonora","3135 S 48th St","Ste 107","Tempe","AZ","85282","MARICOPA","Convenience Store","","","USDA","Maricopa (County, 2022)"
"Census Tract","04013115600","AZ","04013115600","=""04013115600""","79481","2020-2024","2022","Census","Circle K 2700693","5850 S 19th Ave","","Phoenix","AZ","85041","MARICOPA","Convenience Store","","","USDA","Maricopa (County, 2022)"
"Census Tract","04013116203","AZ","04013116203","=""04013116203""","84144","2020-2024","2022","Census","Circle K 2701216","3955 E Broadway Rd","","Phoenix","AZ","85040","MARICOPA","Convenience Store","","","USDA","Maricopa (County, 2022)"
"Census Tract","04013115802","AZ","04013115802","=""04013115802""","44821","2020-2024","2022","Census","Circle K 2701570","4401 S 7th Ave","","Phoenix","AZ","85041","MARICOPA","Convenience Store","","","USDA","Maricopa (County, 2022)"
"Census Tract","04013116203","AZ","04013116203","=""04013116203""","84144","2020-2024","2022","Census","Circle K 2701637","2401 E SOUTHERN","","PHOENIX","AZ","85040","MARICOPA","Convenience Store","","","USDA","Maricopa (County, 2022)"
"Census Tract","04013116614","AZ","04013116614","=""04013116614""","62826","2020-2024","2022","Census","Circle K 2701739","7440 S 7th Ave","","Phoenix","AZ","85041","MARICOPA","Convenience Store","","","USDA","Maricopa (County, 2022)"
"Census Tract","04013115300","AZ","04013115300","=""04013115300""","44464","2020-2024","2022","Census","Circle K 2701781","1540 E Broadway Rd","","Phoenix","AZ","85040","MARICOPA","Convenience Store","","","USDA","Maricopa (County, 2022)"
"Census Tract","04013116606","AZ","04013116606","=""04013116606""","76021","2020-2024","2022","Census","Circle K 2701844","3508 W Baseline Rd","","Laveen","AZ","85339","MARICOPA","Convenience Store","","","USDA","Maricopa (County, 2022)"
"Census Tract","04013115400","AZ","04013115400","=""04013115400""","53717","2020-2024","2022","Census","Circle K 2701850","630 E Broadway Rd","","Phoenix","AZ","85040","MARICOPA","Convenience Store","","","USDA","Maricopa (County, 2022)"
"Census Tract","04013116100","AZ","04013116100","=""04013116100""","45242","2020-2024","2022","Census","Circle K 2701918","3151 E Broadway Rd","","Phoenix","AZ","85040","MARICOPA","Convenience Store","","","USDA","Maricopa (County, 2022)"
"Census Tract","04013116735","AZ","04013116735","=""04013116735""","56082","2020-2024","2022","Census","Circle K 2701950","9040 S Central Ave","","Phoenix","AZ","85042","MARICOPA","Convenience Store","","","USDA","Maricopa (County, 2022)"
"Census Tract","04013114800","AZ","04013114800","=""04013114800""","69944","2020-2024","2022","Census","Circle K 2701968","4305 S 19th Ave","","Phoenix","AZ","85041","MARICOPA","Convenience Store","","","USDA","Maricopa (County, 2022)"
"Census Tract","04013116203","AZ","04013116203","=""04013116203""","84144","2020-2024","2022","Census","Circle K 2702873","3930 E Southern Ave","","Phoenix","AZ","85040","MARICOPA","Convenience Store","","","USDA","Maricopa (County, 2022)"
"Census Tract","04013116203","AZ","04013116203","=""04013116203""","84144","2020-2024","2022","Census","Circle K 2703425","3950 E Baseline Rd","","Phoenix","AZ","85042","MARICOPA","Convenience Store","","","USDA","Maricopa (County, 2022)"
"Census Tract","04013116708","AZ","04013116708","=""04013116708""","87521","2020-2024","2022","Census","Circle K 2703480","4810 E Warner Rd","","Phoenix","AZ","85044","MARICOPA","Convenience Store","","","USDA","Maricopa (County, 2022)"
"Census Tract","04013116708","AZ","04013116708","=""04013116708""","87521","2020-2024","2022","Census","Circle K 2705282","5060 E Warner Rd","","Phoenix","AZ","85044","MARICOPA","Convenience Store","","","USDA","Maricopa (County, 2022)"
"Census Tract","04013116713","AZ","04013116713","=""04013116713""","144891","2020-2024","2022","Census","Circle K 2705283","3201 E Chandler Blvd","","Phoenix","AZ","85048","MARICOPA","Convenience Store","","","USDA","Maricopa (County, 2022)"
"Census Tract","04013116708","AZ","04013116708","=""04013116708""","87521","2020-2024","2022","Census","Circle K 2705287","3801 E ELLIOTT RD","","PHOENIX","AZ","85044","MARICOPA","Convenience Store","","","USDA","Maricopa (County, 2022)"
"Census Tract","04013116728","AZ","04013116728","=""04013116728""","164615","2020-2024","2022","Census","Circle K 2705298","1250 E Chandler Blvd","","Phoenix","AZ","85048","MARICOPA","Convenience Store","","","USDA","Maricopa (County, 2022)"
"Census Tract","04013116719","AZ","04013116719","=""04013116719""","110316","2020-2024","2022","Census","Circle K 2705549","4939 E Ray Rd","","Phoenix","AZ","85044","MARICOPA","Convenience Store","","","USDA","Maricopa (County, 2022)"
"Census Tract","04013116718","AZ","04013116718","=""04013116718""","77025","2020-2024","2022","Census","Circle K 2706360","4410 E Ray Rd","","Phoenix","AZ","85044","MARICOPA","Convenience Store","","","USDA","Maricopa (County, 2022)"
"Census Tract","04013116719","AZ","04013116719","=""04013116719""","110316","2020-2024","2022","Census","Circle K 2706362","4950 E Chandler Blvd","","Phoenix","AZ","85048","MARICOPA","Convenience Store","","","USDA","Maricopa (County, 2022)"
"Census Tract","04013115900","AZ","04013115900","=""04013115900""","61944","2020-2024","2022","Census","Circle K 2708776","1544 E Southern Ave","","Phoenix","AZ","85040","MARICOPA","Convenience Store","","","USDA","Maricopa (County, 2022)"
"Census Tract","04013116708","AZ","04013116708","=""04013116708""","87521","2020-2024","2022","Census","Circle K 2709152","5105 E Elliot Rd","","Phoenix","AZ","85044","MARICOPA","Convenience Store","","","USDA","Maricopa (County, 2022)"
"Census Tract","04013116712","AZ","04013116712","=""04013116712""","89068","2020-2024","2022","Census","Circle K 2709164","4001 E Chandler Blvd","","Phoenix","AZ","85048","MARICOPA","Convenience Store","","","USDA","Maricopa (County, 2022)"
"Census Tract","04013115200","AZ","04013115200","=""04013115200""","57281","2020-2024","2022","Census","Circle K 2709193","3140 E Broadway Rd","","Phoenix","AZ","85040","MARICOPA","Convenience Store","","","USDA","Maricopa (County, 2022)"
"Census Tract","04013116300","AZ","04013116300","=""04013116300""","64457","2020-2024","2022","Census","Circle K Store 2741622","2350 E Baseline Rd","","Phoenix","AZ","85042","MARICOPA","Convenience Store","","","USDA","Maricopa (County, 2022)"
"Census Tract","04013116621","AZ","04013116621","=""04013116621""","132801","2020-2024","2022","Census","Circle K Store 2741655","5110 W Baseline Rd","","Laveen","AZ","85339","MARICOPA","Convenience Store","","","USDA","Maricopa (County, 2022)"
"Census Tract","04013116735","AZ","04013116735","=""04013116735""","56082","2020-2024","2022","Census","DOLLAR GENERAL 13511","8550 S Central Ave","","Phoenix","AZ","85042","MARICOPA","Other","","","USDA","Maricopa (County, 2022)"
"Census Tract","04013116500","AZ","04013116500","=""04013116500""","65701","2020-2024","2022","Census","Hungry Howies 1852","7227 S Central Ave","Suite 1025","Phoenix","AZ","85042","MARICOPA","Restaurant Meals Program","","","USDA","Maricopa (County, 2022)"
"Census Tract","04013116616","AZ","04013116616","=""04013116616""","95611","2020-2024","2022","Census","India Spices","2640 W Baseline Rd","Ste 101","Phoenix","AZ","85041","MARICOPA","Other","","","USDA","Maricopa (County, 2022)"
"Census Tract","04013115801","AZ","04013115801","=""04013115801""","44000","2020-2024","2022","Census","JJ Water & Ice N/A","5817 S Central Ave","","Phoenix","AZ","85040","MARICOPA","Convenience Store","","","USDA","Maricopa (County, 2022)"
"Census Tract","04013115700","AZ","04013115700","=""04013115700""","77174","2020-2024","2022","Census","JOHN'S RANCHO MARKET","4447 S 15th Ave","","Phoenix","AZ","85041","MARICOPA","Convenience Store","","","USDA","Maricopa (County, 2022)"
"Census Tract","04013116717","AZ","04013116717","=""04013116717""","64321","2020-2024","2022","Census","Jack in The Box #1130","4950 E Ray Rd","","Phoenix","AZ","85044","MARICOPA","Restaurant Meals Program","","","USDA","Maricopa (County, 2022)"
"Census Tract","04013115802","AZ","04013115802","=""04013115802""","44821","2020-2024","2022","Census","Jack in The Box #1180","5814 S Central Ave","","Phoenix","AZ","85040","MARICOPA","Restaurant Meals Program","","","USDA","Maricopa (County, 2022)"
"Census Tract","04013116202","AZ","04013116202","=""04013116202""","93340","2020-2024","2022","Census","Jack in The Box #1183","4749 E Southern Ave","","Phoenix","AZ","85042","MARICOPA","Restaurant Meals Program","","","USDA","Maricopa (County, 2022)"
"Census Tract","04013115600","AZ","04013115600","=""04013115600""","79481","2020-2024","2022","Census","Jack in The Box #1529","1921 W Broadway Rd","","Phoenix","AZ","85041","MARICOPA","Restaurant Meals Program","","","USDA","Maricopa (County, 2022)"
"Census Tract","04013116616","AZ","04013116616","=""04013116616""","95611","2020-2024","2022","Census","Jack in The Box #1533","2330 W Baseline Rd","","Phoenix","AZ","85041","MARICOPA","Restaurant Meals Program","","","USDA","Maricopa (County, 2022)"
"Census Tract","04013116621","AZ","04013116621","=""04013116621""","132801","2020-2024","2022","Census","Jack in The Box #1541","5115 W Southern Ave","","Laveen","AZ","85339","MARICOPA","Restaurant Meals Program","","","USDA","Maricopa (County, 2022)"
"Census Tract","04013116606","AZ","04013116606","=""04013116606""","76021","2020-2024","2022","Census","Jack in The Box #1552","6120 S 35th Ave","","Phoenix","AZ","85041","MARICOPA","Restaurant Meals Program","","","USDA","Maricopa (County, 2022)"
"Census Tract","04013941000","AZ","04013941000","=""04013941000""","55259","2020-2024","2022","Census","Komatke Market 809","17197 S 51st Avenue","","Laveen","AZ","85339","MARICOPA","Convenience Store","","","USDA","Maricopa (County, 2022)"
"Census Tract","04013116500","AZ","04013116500","=""04013116500""","65701","2020-2024","2022","Census","La Esquina Market","317 W Alta Vista Rd","","Phoenix","AZ","85041","MARICOPA","Convenience Store","","","USDA","Maricopa (County, 2022)"
"Census Tract","04013116621","AZ","04013116621","=""04013116621""","132801","2020-2024","2022","Census","Laveen Chevron","5115 W Southern Ave","","Laveen","AZ","85339","MARICOPA","Convenience Store","","","USDA","Maricopa (County, 2022)"
"Census Tract","04013115801","AZ","04013115801","=""04013115801""","44000","2020-2024","2022","Census","Los Altos Ranch Market 1","5833 S Central Ave","","Phoenix","AZ","85040","MARICOPA","Super Store","","","USDA","Maricopa (County, 2022)"
"Census Tract","04013115900","AZ","04013115900","=""04013115900""","61944","2020-2024","2022","Census","Los Primos Food Mart","5201 S 7th St","","Phoenix","AZ","85040","MARICOPA","Convenience Store","","","USDA","Maricopa (County, 2022)"
"Census Tract","04013319709","AZ","04013319709","=""04013319709""","N/A","2020-2024","2022","Census","McDONALD'S 4909","3255 S. 48th STREET","","TEMPE","AZ","85282","MARICOPA","Restaurant Meals Program","","","USDA","Maricopa (County, 2022)"
"Census Tract","04013116712","AZ","04013116712","=""04013116712""","89068","2020-2024","2022","Census","McDonald's #11018","4019 E Chandler Blvd","","Phoenix","AZ","85048","MARICOPA","Restaurant Meals Program","","","USDA","Maricopa (County, 2022)"
"Census Tract","04013116708","AZ","04013116708","=""04013116708""","87521","2020-2024","2022","Census","McDonald's #16040","4750 E Warner Rd","","Phoenix","AZ","85044","MARICOPA","Restaurant Meals Program","","","USDA","Maricopa (County, 2022)"
"Census Tract","04013319708","AZ","04013319708","=""04013319708""","59375","2020-2024","2022","Census","24/7 Food Mart","2785 W Baseline Rd","","Tempe","AZ","85283","MARICOPA","Convenience Store","","","USDA","Maricopa (County, 2022)"
"Census Tract","04013116607","AZ","04013116607","=""04013116607""","95800","2020-2024","2022","Census","ATL WINGS AZ3320","3320 W Southern Ave","Ste 120","Phoenix","AZ","85041","MARICOPA","Restaurant Meals Program","","","USDA","Maricopa (County, 2022)"
"Census Tract","04013116717","AZ","04013116717","=""04013116717""","64321","2020-2024","2022","Census","Ahwatukee 9086","4802 E. Ray Road","Suite A-11","Phoenix","AZ","85044","MARICOPA","Specialty Store","","","USDA","Maricopa (County, 2022)"
"Census Tract","04013116619","AZ","04013116619","=""04013116619""","120368","2020-2024","2022","Census","Aldi 79157","5775 W Baseline Rd","","Phoenix","AZ","85339","MARICOPA","Supermarket","","","USDA","Maricopa (County, 2022)"
"Census Tract","04013115900","AZ","04013115900","=""04013115900""","61944","2020-2024","2022","Census","BURGER KING 14737","709 E Broadway Rd","","Phoenix","AZ","85040","MARICOPA","Restaurant Meals Program","","","USDA","Maricopa (County, 2022)"
"Census Tract","04013116616","AZ","04013116616","=""04013116616""","95611","2020-2024","2022","Census","BURGER KING 16209","1970 W Baseline Rd","","Phoenix","AZ","85041","MARICOPA","Restaurant Meals Program","","","USDA","Maricopa (County, 2022)"
"Census Tract","04013319708","AZ","04013319708","=""04013319708""","59375","2020-2024","2022","Census","BURGER KING 23884","2260 W Baseline Rd","","Tempe","AZ","85283","MARICOPA","Restaurant Meals Program","","","USDA","Maricopa (County, 2022)"
"Census Tract","04013115200","AZ","04013115200","=""04013115200""","57281","2020-2024","2022","Census","BURGER KING 5241","4002 E Broadway Rd","","Phoenix","AZ","85040","MARICOPA","Restaurant Meals Program","","","USDA","Maricopa (County, 2022)"
"Census Tract","04013114800","AZ","04013114800","=""04013114800""","69944","2020-2024","2022","Census","Bambi Buckeye Operating Llc","702 W Broadway Rd","","Phoenix","AZ","85041","MARICOPA","Convenience Store","","","USDA","Maricopa (County, 2022)"
"Census Tract","04013116717","AZ","04013116717","=""04013116717""","64321","2020-2024","2022","Census","Bashas' 11","4855 E Warner Rd","","Phoenix","AZ","85044","MARICOPA","Super Store","","","USDA","Maricopa (County, 2022)"
"Census Tract","04013116615","AZ","04013116615","=""04013116615""","52763","2020-2024","2022","Census","Big Papa Pizza","825 W Southern Ave","Ste 108","Phoenix","AZ","85041","MARICOPA","Restaurant Meals Program","","","USDA","Maricopa (County, 2022)"
"Census Tract","04013116718","AZ","04013116718","=""04013116718""","77025","2020-2024","2022","Census","El Pollo Loco 3856","4728 E Ray Rd","","Phoenix","AZ","85044","MARICOPA","Restaurant Meals Program","","","USDA","Maricopa (County, 2022)"
"Census Tract","04013115200","AZ","04013115200","=""04013115200""","57281","2020-2024","2022","Census","FOOD STATE MARKET","3202 E Broadway Rd","","Phoenix","AZ","85040","MARICOPA","Grocery Store","","","USDA","Maricopa (County, 2022)"
"Census Tract","04013116720","AZ","04013116720","=""04013116720""","96580","2020-2024","2022","Census","FRY'S 27","3616 E Ray Rd","","Phoenix","AZ","85044","MARICOPA","Super Store","","","USDA","Maricopa (County, 2022)"
"Census Tract","04013319708","AZ","04013319708","=""04013319708""","59375","2020-2024","2022","Census","FRY'S 43","2700 W Baseline Rd","","Tempe","AZ","85283","MARICOPA","Super Store","","","USDA","Maricopa (County, 2022)"
"Census Tract","04013116500","AZ","04013116500","=""04013116500""","65701","2020-2024","2022","Census","FRY'S 46","520 E Baseline Rd","","Phoenix","AZ","85042","MARICOPA","Super Store","","","USDA","Maricopa (County, 2022)"
"Census Tract","04013116713","AZ","04013116713","=""04013116713""","144891","2020-2024","2022","Census","FRY'S 628","3949 E Chandler Blvd","","Phoenix","AZ","85048","MARICOPA","Super Store","","","USDA","Maricopa (County, 2022)"
"Census Tract","04013116300","AZ","04013116300","=""04013116300""","64457","2020-2024","2022","Census","FRY'S 81","2250 E Baseline Rd","","Phoenix","AZ","85042","MARICOPA","Super Store","","","USDA","Maricopa (County, 2022)"
"Census Tract","04013116621","AZ","04013116621","=""04013116621""","132801","2020-2024","2022","Census","FRY'S 87","5140 W Baseline Rd","","Laveen","AZ","85339","MARICOPA","Super Store","","","USDA","Maricopa (County, 2022)"
"Census Tract","04013115300","AZ","04013115300","=""04013115300""","44464","2020-2024","2022","Census","Family Dollar 11505","2230 E Broadway Rd","","Phoenix","AZ","85040","MARICOPA","Other","","","USDA","Maricopa (County, 2022)"
"Census Tract","04013116202","AZ","04013116202","=""04013116202""","93340","2020-2024","2022","Census","Family Dollar 8531","4725 E Southern Ave","","Phoenix","AZ","85042","MARICOPA","Other","","","USDA","Maricopa (County, 2022)"
"Census Tract","04013115801","AZ","04013115801","=""04013115801""","44000","2020-2024","2022","Census","Family Dollar 9149","5255 S Central Ave","","Phoenix","AZ","85040","MARICOPA","Other","","","USDA","Maricopa (County, 2022)"
"Census Tract","04013116300","AZ","04013116300","=""04013116300""","64457","2020-2024","2022","Census","Family Dollar Store 4743","1635 E Southern Ave","","Phoenix","AZ","85040","MARICOPA","Other","","","USDA","Maricopa (County, 2022)"
"Census Tract","04013116500","AZ","04013116500","=""04013116500""","65701","2020-2024","2022","Census","Family Dollar Store 6103","7026 S Central Ave","","Phoenix","AZ","85042","MARICOPA","Other","","","USDA","Maricopa (County, 2022)"
"Census Tract","04013116615","AZ","04013116615","=""04013116615""","52763","2020-2024","2022","Census","Family Dollar Store 7899","1717 W Southern Ave","","Phoenix","AZ","85041","MARICOPA","Other","","","USDA","Maricopa (County, 2022)"
"Census Tract","04013116615","AZ","04013116615","=""04013116615""","52763","2020-2024","2022","Census","Fast Stop & Go","709 W Southern Ave","","Phoenix","AZ","85041","MARICOPA","Convenience Store","","","USDA","Maricopa (County, 2022)"
"Census Tract","04013116619","AZ","04013116619","=""04013116619""","120368","2020-2024","2022","Census","Firehouse Subs","5225 W Baseline Rd","Ste 102","Laveen","AZ","85339","MARICOPA","Restaurant Meals Program","","","USDA","Maricopa (County, 2022)"
"Census Tract","04013116500","AZ","04013116500","=""04013116500""","65701","2020-2024","2022","Census","Food City 107","7227 S Central Ave","","Phoenix","AZ","85042","MARICOPA","Super Store","","","USDA","Maricopa (County, 2022)"
"Census Tract","04013116202","AZ","04013116202","=""04013116202""","93340","2020-2024","2022","Census","Food City 152","4727 E Southern Ave","","Phoenix","AZ","85042","MARICOPA","Super Store","","","USDA","Maricopa (County, 2022)"
"Census Tract","04013116615","AZ","04013116615","=""04013116615""","52763","2020-2024","2022","Census","Food City 162","845 W Southern Ave","","Phoenix","AZ","85041","MARICOPA","Super Store","","","USDA","Maricopa (County, 2022)"
"Census Tract","04013115700","AZ","04013115700","=""04013115700""","77174","2020-2024","2022","Census","Food Island Market","4421 S 19th Ave","","Phoenix","AZ","85041","MARICOPA","Convenience Store","","","USDA","Maricopa (County, 2022)"
"Census Tract","04013116735","AZ","04013116735","=""04013116735""","56082","2020-2024","2022","Census","Grab N Go 909 No","8802 S Central Ave","","Phoenix","AZ","85042","MARICOPA","Convenience Store","","","USDA","Maricopa (County, 2022)"
"Census Tract","04013116606","AZ","04013116606","=""04013116606""","76021","2020-2024","2022","Census","DOLLARTREE 10381","3610 W Baseline Rd","","Laveen","AZ","85339","MARICOPA","Other","","","USDA","Maricopa (County, 2022)"
"Census Tract","04013116708","AZ","04013116708","=""04013116708""","87521","2020-2024","2022","Census","DOLLARTREE 9839","5051 E Elliot Rd","","Phoenix","AZ","85044","MARICOPA","Other","","","USDA","Maricopa (County, 2022)"
"Census Tract","04013116203","AZ","04013116203","=""04013116203""","84144","2020-2024","2022","Census","DQ 43504","3308 E Baseline Rd","","Phoenix","AZ","85042","MARICOPA","Restaurant Meals Program","","","USDA","Maricopa (County, 2022)"
"Census Tract","04013115801","AZ","04013115801","=""04013115801""","44000","2020-2024","2022","Census","Dairy Queen #13474","5217 S Central Ave","","Phoenix","AZ","85040","MARICOPA","Restaurant Meals Program","","","USDA","Maricopa (County, 2022)"
"Census Tract","04013116719","AZ","04013116719","=""04013116719""","110316","2020-2024","2022","Census","Del Taco #851","4926 E Chandler Blvd","","Phoenix","AZ","85048","MARICOPA","Restaurant Meals Program","","","USDA","Maricopa (County, 2022)"
"Census Tract","04013116615","AZ","04013116615","=""04013116615""","52763","2020-2024","2022","Census","Diana Gregory Outreach Services","1200 W Vineyard","","Phoenix","AZ","85041","MARICOPA","Farmers and Markets","","","USDA","Maricopa (County, 2022)"
"Census Tract","04013116615","AZ","04013116615","=""04013116615""","52763","2020-2024","2022","Census","Dollar General 20071","1809 W Southern Ave","","Phoenix","AZ","85041","MARICOPA","Other","","","USDA","Maricopa (County, 2022)"
"Census Tract","04013116500","AZ","04013116500","=""04013116500""","65701","2020-2024","2022","Census","Dollar Tree 2622","26 E Baseline Rd","36","Phoenix","AZ","85042","MARICOPA","Other","","","USDA","Maricopa (County, 2022)"
"Census Tract","04013116712","AZ","04013116712","=""04013116712""","89068","2020-2024","2022","Census","Dollar Tree 3465","4005 E Chandler Blvd","Ste 2","Phoenix","AZ","85048","MARICOPA","Other","","","USDA","Maricopa (County, 2022)"
"Census Tract","04013116621","AZ","04013116621","=""04013116621""","132801","2020-2024","2022","Census","Dollar Tree 3538","5250 W Baseline Rd","","Laveen","AZ","85339","MARICOPA","Other","","","USDA","Maricopa (County, 2022)"
"Census Tract","04013116607","AZ","04013116607","=""04013116607""","95800","2020-2024","2022","Census","Dollar Tree 3605","3330 W Southern Ave","Ste 125","Phoenix","AZ","85041","MARICOPA","Other","","","USDA","Maricopa (County, 2022)"
"Census Tract","04013116719","AZ","04013116719","=""04013116719""","110316","2020-2024","2022","Census","Dollar Tree 6280","5031 E Ray Rd","","Phoenix","AZ","85044","MARICOPA","Other","","","USDA","Maricopa (County, 2022)"
"Census Tract","04013116204","AZ","04013116204","=""04013116204""","72780","2020-2024","2022","Census","Dollar Tree 6491","4645 E Broadway Rd","","Phoenix","AZ","85040","MARICOPA","Other","","","USDA","Maricopa (County, 2022)"
"Census Tract","04013116621","AZ","04013116621","=""04013116621""","132801","2020-2024","2022","Census","Domino's Pizza #7584","6170 S 51st Ave","Ste 101","Laveen","AZ","85339","MARICOPA","Restaurant Meals Program","","","USDA","Maricopa (County, 2022)"
"Census Tract","04013115801","AZ","04013115801","=""04013115801""","44000","2020-2024","2022","Census","Domino's Pizza #7663","324 E Southern Ave","","Phoenix","AZ","85040","MARICOPA","Restaurant Meals Program","","","USDA","Maricopa (County, 2022)"
"Census Tract","04013112502","AZ","04013112502","=""04013112502""","81446","2020-2024","2022","Census","Walgreens 6021","1620 N 59th Ave","","Phoenix","AZ","85035","MARICOPA","Other","","","USDA","Maricopa (County, 2022)"
"Census Tract","04013112402","AZ","04013112402","=""04013112402""","82745","2020-2024","2022","Census","Carniceria Novillo","1619 N 59th Ave","Ste 4","Phoenix","AZ","85035","MARICOPA","Supermarket","","","USDA","Maricopa (County, 2022)"
"Census Tract","04013112402","AZ","04013112402","=""04013112402""","82745","2020-2024","2022","Census","Circle K Store 2741612","5850 W McDowell Rd","","Phoenix","AZ","85035","MARICOPA","Convenience Store","","","USDA","Maricopa (County, 2022)"
"Census Tract","04013109900","AZ","04013109900","=""04013109900""","70328","2020-2024","2022","Census","Los Altos Ranch Market 2","5802 W Thomas Rd","","Phoenix","AZ","85031","MARICOPA","Super Store","","","USDA","Maricopa (County, 2022)"
"Census Tract","04013112521","AZ","04013112521","=""04013112521""","45562","2020-2024","2022","Census","7-Eleven 19158E","5901 W Mcdowell Rd","","Phoenix","AZ","85035","MARICOPA","Convenience Store","","","USDA","Maricopa (County, 2022)"
"Census Tract","04013109900","AZ","04013109900","=""04013109900""","70328","2020-2024","2022","Census","7-eleven 26123D","5850 W Thomas Rd","","Phoenix","AZ","85031","MARICOPA","Convenience Store","","","USDA","Maricopa (County, 2022)"
"Census Tract","04013112402","AZ","04013112402","=""04013112402""","82745","2020-2024","2022","Census","Family Dollar Store 6228","1623 N 59th Ave","","Phoenix","AZ","85035","MARICOPA","Other","","","USDA","Maricopa (County, 2022)"
"Census Tract","04013811100","AZ","04013811100","=""04013811100""","91870","2020-2024","2022","Census","Target Store T-1838","3425 W Frye Rd","","Chandler","AZ","85226","MARICOPA","Super Store","","","USDA","Maricopa (County, 2022)"
"Census Tract","04013815901","AZ","04013815901","=""04013815901""","175800","2020-2024","2022","Census","Target Store T-1960","3931 S Gilbert Rd","","Gilbert","AZ","85297","MARICOPA","Super Store","","","USDA","Maricopa (County, 2022)"
"Census Tract","04013815502","AZ","04013815502","=""04013815502""","67917","2020-2024","2022","Census","Trader Joe's 285","1779 E Williams Field Rd","","Gilbert","AZ","85295","MARICOPA","Supermarket","","","USDA","Maricopa (County, 2022)"
"Census Tract","04013815502","AZ","04013815502","=""04013815502""","67917","2020-2024","2022","Census","Vitamin Cottage Natural Food Market U121","1625 Williams Field Rd","","Gilbert","AZ","85295","MARICOPA","Supermarket","","","USDA","Maricopa (County, 2022)"
"Census Tract","04013523103","AZ","04013523103","=""04013523103""","75863","2020-2024","2022","Census","Walgreens 02056","1925 W Chandler Blvd","","Chandler","AZ","85224","MARICOPA","Other","","","USDA","Maricopa (County, 2022)"
"Census Tract","04013811000","AZ","04013811000","=""04013811000""","122243","2020-2024","2022","Census","Walgreens 03531","4949 W Chandler Blvd","","Chandler","AZ","85226","MARICOPA","Other","","","USDA","Maricopa (County, 2022)"
"Census Tract","04013811600","AZ","04013811600","=""04013811600""","112682","2020-2024","2022","Census","Walgreens 03726","1985 E Chandler Blvd","","Chandler","AZ","85225","MARICOPA","Other","","","USDA","Maricopa (County, 2022)"
"Census Tract","04013811900","AZ","04013811900","=""04013811900""","106903","2020-2024","2022","Census","Walgreens 04793","1975 S Alma School Rd","","Chandler","AZ","85286","MARICOPA","Other","","","USDA","Maricopa (County, 2022)"
"Census Tract","04013815000","AZ","04013815000","=""04013815000""","147969","2020-2024","2022","Census","Walgreens 05215","2363 S Lindsay Rd","","Gilbert","AZ","85295","MARICOPA","Other","","","USDA","Maricopa (County, 2022)"
"Census Tract","04013815602","AZ","04013815602","=""04013815602""","138646","2020-2024","2022","Census","Walgreens 06880","2431 S Higley Rd","","Gilbert","AZ","85295","MARICOPA","Other","","","USDA","Maricopa (County, 2022)"
"Census Tract","04013816001","AZ","04013816001","=""04013816001""","173096","2020-2024","2022","Census","Walgreens 7747","3233 E Germann Rd","","Gilbert","AZ","85297","MARICOPA","Other","","","USDA","Maricopa (County, 2022)"
"Census Tract","04013812100","AZ","04013812100","=""04013812100""","110349","2020-2024","2022","Census","Walmart 2671","1175 S ARIZONA AVE","","CHANDLER","AZ","85286","MARICOPA","Super Store","","","USDA","Maricopa (County, 2022)"
"Census Tract","04013812400","AZ","04013812400","=""04013812400""","131548","2020-2024","2022","Census","Walmart 3360","2750 E GERMANN RD","","CHANDLER","AZ","85286","MARICOPA","Super Store","","","USDA","Maricopa (County, 2022)"
"Census Tract","04013815502","AZ","04013815502","=""04013815502""","67917","2020-2024","2022","Census","Walmart 5186","2501 S MARKET ST","","GILBERT","AZ","85295","MARICOPA","Super Store","","","USDA","Maricopa (County, 2022)"
"Census Tract","04013811400","AZ","04013811400","=""04013811400""","131161","2020-2024","2022","Census","Walmart Neighborhood Market 4324","1900 E Chandler Blvd","","Chandler","AZ","85225","MARICOPA","Super Store","","","USDA","Maricopa (County, 2022)"
"Census Tract","04013810700","AZ","04013810700","=""04013810700""","95068","2020-2024","2022","Census","Walmart Supercenter 6480","3460 W Chandler Blvd","","Chandler","AZ","85226","MARICOPA","Super Store","","","USDA","Maricopa (County, 2022)"
"Census Tract","04013815402","AZ","04013815402","=""04013815402""","121409","2020-2024","2022","Census","WinCo Foods 114","1967 E Pecos Rd","","Gilbert","AZ","85295","MARICOPA","Supermarket","","","USDA","Maricopa (County, 2022)"
"Census Tract","04013812000","AZ","04013812000","=""04013812000""","92844","2020-2024","2022","Census","WinCo Foods 129","222 W Willis Rd","","Chandler","AZ","85286","MARICOPA","Supermarket","","","USDA","Maricopa (County, 2022)"
"Census Tract","04013941100","AZ","04013941100","=""04013941100""","N/A","2020-2024","2022","Census","McDonald's #32753","6990 W Sundust Rd","","Chandler","AZ","85226","MARICOPA","Restaurant Meals Program","","","USDA","Maricopa (County, 2022)"
"Census Tract","04013523102","AZ","04013523102","=""04013523102""","89217","2020-2024","2022","Census","Payless Market","405 S Arizona Ave","","Chandler","AZ","85225","MARICOPA","Convenience Store","","","USDA","Maricopa (County, 2022)"
"Census Tract","04013815401","AZ","04013815401","=""04013815401""","119750","2020-2024","2022","Census","QuikTrip 1404","3720 S Val Vista Dr","","Gilbert","AZ","85297","MARICOPA","Convenience Store","","","USDA","Maricopa (County, 2022)"
"Census Tract","04013815100","AZ","04013815100","=""04013815100""","144179","2020-2024","2022","Census","QuikTrip 1405","3130 E Williams Field Rd","","Gilbert","AZ","85295","MARICOPA","Convenience Store","","","USDA","Maricopa (County, 2022)"
"Census Tract","04013811600","AZ","04013811600","=""04013811600""","112682","2020-2024","2022","Census","QuikTrip 450","175 N McQueen Rd","","Chandler","AZ","85225","MARICOPA","Convenience Store","","","USDA","Maricopa (County, 2022)"
"Census Tract","04013815300","AZ","04013815300","=""04013815300""","195425","2020-2024","2022","Census","QuikTrip 473","2975 S Gilber Rd","","Chandler","AZ","85286","MARICOPA","Convenience Store","","","USDA","Maricopa (County, 2022)"
"Census Tract","04013523102","AZ","04013523102","=""04013523102""","89217","2020-2024","2022","Census","Rucker Rest Holdings LLC dba Jack in The Box 138","141 N Arizona Ave","","Chandler","AZ","85224","MARICOPA","Restaurant Meals Program","","","USDA","Maricopa (County, 2022)"
"Census Tract","04013523103","AZ","04013523103","=""04013523103""","75863","2020-2024","2022","Census","SAFEWAY  1604","1159 W Chandler Blvd","","Chandler","AZ","85224","MARICOPA","Supermarket","","","USDA","Maricopa (County, 2022)"
"Census Tract","04013815502","AZ","04013815502","=""04013815502""","67917","2020-2024","2022","Census","Sam's Club 4829","2621 S Market St","","Gilbert","AZ","85295","MARICOPA","Super Store","","","USDA","Maricopa (County, 2022)"
"Census Tract","04013815501","AZ","04013815501","=""04013815501""","120054","2020-2024","2022","Census","Simon Xpress Pizza DBA Hungry Howie's # 1823","3126 S Higley Rd","Ste 108","Gilbert","AZ","85295","MARICOPA","Restaurant Meals Program","","","USDA","Maricopa (County, 2022)"
"Census Tract","04013815402","AZ","04013815402","=""04013815402""","121409","2020-2024","2022","Census","Sprouts Farmers Market 14","2582 S Val Vista Dr","","Gilbert","AZ","85295","MARICOPA","Supermarket","","","USDA","Maricopa (County, 2022)"
"Census Tract","04013815901","AZ","04013815901","=""04013815901""","175800","2020-2024","2022","Census","Starcorp LLC dba Carls Jr 7672","85 E Germann Rd","","Gilbert","AZ","85297","MARICOPA","Restaurant Meals Program","","","USDA","Maricopa (County, 2022)"
"Census Tract","04013810700","AZ","04013810700","=""04013810700""","95068","2020-2024","2022","Census","Subway","3460 W Chandler Blvd","","Chandler","AZ","85226","MARICOPA","Restaurant Meals Program","","","USDA","Maricopa (County, 2022)"
"Census Tract","04013815700","AZ","04013815700","=""04013815700""","125987","2020-2024","2022","Census","Subway 29724","3317 S Higley Rd","Ste 108","Gilbert","AZ","85297","MARICOPA","Restaurant Meals Program","","","USDA","Maricopa (County, 2022)"
"Census Tract","04013811500","AZ","04013811500","=""04013811500""","124280","2020-2024","2022","Census","Burger King # 25011","222 N Cooper Rd","","Chandler","AZ","85225","MARICOPA","Restaurant Meals Program","","","USDA","Maricopa (County, 2022)"
"Census Tract","04013812000","AZ","04013812000","=""04013812000""","92844","2020-2024","2022","Census","Burger King 14177","1945 S Alma School Rd","","Chandler","AZ","85286","MARICOPA","Restaurant Meals Program","","","USDA","Maricopa (County, 2022)"
"Census Tract","04013815401","AZ","04013815401","=""04013815401""","119750","2020-2024","2022","Census","CIRCLE K 2709550","1650 E Germann Road","","Gilbert","AZ","85297","MARICOPA","Convenience Store","","","USDA","Maricopa (County, 2022)"
"Census Tract","04013523102","AZ","04013523102","=""04013523102""","89217","2020-2024","2022","Census","CVS Pharmacy 5849","990 E Pecos Rd","","Chandler","AZ","85225","MARICOPA","Other","","","USDA","Maricopa (County, 2022)"
"Census Tract","04013815501","AZ","04013815501","=""04013815501""","120054","2020-2024","2022","Census","CVS Pharmacy 5891","3170 S Higley Rd","","Gilbert","AZ","85236","MARICOPA","Other","","","USDA","Maricopa (County, 2022)"
"Census Tract","04013811200","AZ","04013811200","=""04013811200""","86541","2020-2024","2022","Census","CVS Pharmacy 9283","180 N Dobson Rd","","Chandler","AZ","85224","MARICOPA","Other","","","USDA","Maricopa (County, 2022)"
"Census Tract","04013523102","AZ","04013523102","=""04013523102""","89217","2020-2024","2022","Census","Carniceria El Potrero","731 S Arizona Ave","","Chandler","AZ","85225","MARICOPA","Grocery Store","","","USDA","Maricopa (County, 2022)"
"Census Tract","04013812400","AZ","04013812400","=""04013812400""","131548","2020-2024","2022","Census","Chandler Grocery LLC","1315 S Arizona Ave","","Chandler","AZ","85286","MARICOPA","Grocery Store","","","USDA","Maricopa (County, 2022)"
"Census Tract","04013523104","AZ","04013523104","=""04013523104""","78026","2020-2024","2022","Census","Circle K 2700905","498 S Arizona Ave","","Chandler","AZ","85225","MARICOPA","Convenience Store","","","USDA","Maricopa (County, 2022)"
"Census Tract","04013523006","AZ","04013523006","=""04013523006""","86052","2020-2024","2022","Census","Circle K 2702854","1262 W Chandler Blvd","","Chandler","AZ","85224","MARICOPA","Convenience Store","","","USDA","Maricopa (County, 2022)"
"Census Tract","04013815502","AZ","04013815502","=""04013815502""","67917","2020-2024","2022","Census","Circle K 2703372","3077 S Val Vista Dr","","Gilbert","AZ","85295","MARICOPA","Convenience Store","","","USDA","Maricopa (County, 2022)"
"Census Tract","04013815300","AZ","04013815300","=""04013815300""","195425","2020-2024","2022","Census","Circle K 2703462","3155 S Gilbert Rd","","Gilbert","AZ","85295","MARICOPA","Convenience Store","","","USDA","Maricopa (County, 2022)"
"Census Tract","04013810400","AZ","04013810400","=""04013810400""","114953","2020-2024","2022","Census","Circle K 2705032","6950 W Chandler Blvd","","Chandler","AZ","85226","MARICOPA","Convenience Store","","","USDA","Maricopa (County, 2022)"
"Census Tract","04013815202","AZ","04013815202","=""04013815202""","94298","2020-2024","2022","Census","Circle K 2705293","16802 E WILLIAMS FIELD RD","","HIGLEY","AZ","85236","MARICOPA","Convenience Store","","","USDA","Maricopa (County, 2022)"
"Census Tract","04013980400","AZ","04013980400","=""04013980400""","N/A","2020-2024","2022","Census","Circle K 2705400","7351 W Chandler Blvd","","Chandler","AZ","85226","MARICOPA","Convenience Store","","","USDA","Maricopa (County, 2022)"
"Census Tract","04013811400","AZ","04013811400","=""04013811400""","131161","2020-2024","2022","Census","Circle K 2706651","1010 E Chandler Blvd","","Chandler","AZ","85225","MARICOPA","Convenience Store","","","USDA","Maricopa (County, 2022)"
"Census Tract","04013811700","AZ","04013811700","=""04013811700""","77213","2020-2024","2022","Census","Circle K 2708834","13549 E WILLIAMS FIELD RD","","CHANDLER","AZ","85224","MARICOPA","Convenience Store","","","USDA","Maricopa (County, 2022)"
"Census Tract","04013810600","AZ","04013810600","=""04013810600""","128636","2020-2024","2022","Census","Circle K 2709161","4040 W Chandler Blvd","","Chandler","AZ","85226","MARICOPA","Convenience Store","","","USDA","Maricopa (County, 2022)"
"Census Tract","04013523103","AZ","04013523103","=""04013523103""","75863","2020-2024","2022","Census","Circle K 2709162","1995 W Chandler Blvd","","Chandler","AZ","85224","MARICOPA","Convenience Store","","","USDA","Maricopa (County, 2022)"
"Census Tract","04013523102","AZ","04013523102","=""04013523102""","89217","2020-2024","2022","Census","Circle K 2709187","295 S Arizona Ave","","Chandler","AZ","85225","MARICOPA","Convenience Store","","","USDA","Maricopa (County, 2022)"
"Census Tract","04013812100","AZ","04013812100","=""04013812100""","110349","2020-2024","2022","Census","Circle K 2741604","1015 S COOPER RD","","CHANDLER","AZ","85225","MARICOPA","Convenience Store","","","USDA","Maricopa (County, 2022)"
"Census Tract","04013815502","AZ","04013815502","=""04013815502""","67917","2020-2024","2022","Census","Costco Wholesale 0644","2887 S Market St","","Gilbert","AZ","85295","MARICOPA","Super Store","","","USDA","Maricopa (County, 2022)"
"Census Tract","04013811100","AZ","04013811100","=""04013811100""","91870","2020-2024","2022","Census","Costco Wholesale 0736","595 S Galleria Way","","Chandler","AZ","85226","MARICOPA","Super Store","","","USDA","Maricopa (County, 2022)"
"Census Tract","04013523006","AZ","04013523006","=""04013523006""","86052","2020-2024","2022","Census","Jack in The Box #1144","1790 W Chandler Blvd.","","Chandler","AZ","85224","MARICOPA","Restaurant Meals Program","","","USDA","Maricopa (County, 2022)"
"Census Tract","04013815901","AZ","04013815901","=""04013815901""","175800","2020-2024","2022","Census","Jacksons Food Stores 811","4027 S Gilbert Rd","","Gilbert","AZ","85296","MARICOPA","Convenience Store","","","USDA","Maricopa (County, 2022)"
"Census Tract","04013815502","AZ","04013815502","=""04013815502""","67917","2020-2024","2022","Census","Jacksons Food Stores 812","2870 S Market St","","Gilbert","AZ","85296","MARICOPA","Convenience Store","","","USDA","Maricopa (County, 2022)"
"Census Tract","04013941100","AZ","04013941100","=""04013941100""","N/A","2020-2024","2022","Census","Love's Travel Stop 328","7001 W Sundust Rd","","Chandler","AZ","85226","MARICOPA","Convenience Store","","","USDA","Maricopa (County, 2022)"
"Census Tract","04013811600","AZ","04013811600","=""04013811600""","112682","2020-2024","2022","Census","McDONALD'S    26543","1090 E. PECOS RD","","CHANDLER","AZ","85225","MARICOPA","Restaurant Meals Program","","","USDA","Maricopa (County, 2022)"
"Census Tract","04013810800","AZ","04013810800","=""04013810800""","122593","2020-2024","2022","Census","McDONALD'S   25154","2540 W CHANDLER BLVD","","CHANDLER","AZ","85224","MARICOPA","Restaurant Meals Program","","","USDA","Maricopa (County, 2022)"
"Census Tract","04013810500","AZ","04013810500","=""04013810500""","142669","2020-2024","2022","Census","McDonald's #13643","5900 W Chandler Blvd","","Chandler","AZ","85226","MARICOPA","Restaurant Meals Program","","","USDA","Maricopa (County, 2022)"
"Census Tract","04013523006","AZ","04013523006","=""04013523006""","86052","2020-2024","2022","Census","99 Ranch Market 53","1920 W Chandler Blvd","","Chandler","AZ","85224","MARICOPA","Super Store","","","USDA","Maricopa (County, 2022)"
"Census Tract","04013522903","AZ","04013522903","=""04013522903""","53762","2020-2024","2022","Census","A Amigos Food Mart","500 E Chandler Blvd","","Chandler","AZ","85225","MARICOPA","Convenience Store","","","USDA","Maricopa (County, 2022)"
"Census Tract","04013815402","AZ","04013815402","=""04013815402""","121409","2020-2024","2022","Census","ALDI 79165","1801 E Pecos Rd","","Gilbert","AZ","85295","MARICOPA","Supermarket","","","USDA","Maricopa (County, 2022)"
"Census Tract","04013812400","AZ","04013812400","=""04013812400""","131548","2020-2024","2022","Census","Arco Ampm 42525","1735 S Cooper Rd","","Chandler","AZ","85286","MARICOPA","Convenience Store","","","USDA","Maricopa (County, 2022)"
"Census Tract","04013810400","AZ","04013810400","=""04013810400""","114953","2020-2024","2022","Census","Bill's Oak Grove Gas & Food Mart Inc.","7000 W Chandler Blvd","","Chandler","AZ","85226","MARICOPA","Convenience Store","","","USDA","Maricopa (County, 2022)"
"Census Tract","04013810800","AZ","04013810800","=""04013810800""","122593","2020-2024","2022","Census","El Pollo Loco 3860","2520 W Chandler Blvd","","Chandler","AZ","85224","MARICOPA","Restaurant Meals Program","","","USDA","Maricopa (County, 2022)"
"Census Tract","04013815300","AZ","04013815300","=""04013815300""","195425","2020-2024","2022","Census","FRY'S 72","87 E Williams Field Rd","","Gilbert","AZ","85295","MARICOPA","Super Store","","","USDA","Maricopa (County, 2022)"
"Census Tract","04013815700","AZ","04013815700","=""04013815700""","125987","2020-2024","2022","Census","FRY'S 75","3261 E Pecos Rd","","Gilbert","AZ","85295","MARICOPA","Super Store","","","USDA","Maricopa (County, 2022)"
"Census Tract","04013814600","AZ","04013814600","=""04013814600""","76044","2020-2024","2022","Census","Fast Market 4602","2367 S Val Vista Dr","","Gilbert","AZ","85295","MARICOPA","Convenience Store","","","USDA","Maricopa (County, 2022)"
"Census Tract","04013815700","AZ","04013815700","=""04013815700""","125987","2020-2024","2022","Census","Fast Market 4604","3171 E Pecos Rd","","Gilbert","AZ","85295","MARICOPA","Convenience Store","","","USDA","Maricopa (County, 2022)"
"Census Tract","04013810400","AZ","04013810400","=""04013810400""","114953","2020-2024","2022","Census","Firehouse Subs","6050 W Chandler Blvd","Ste 1","Chandler","AZ","85226","MARICOPA","Restaurant Meals Program","","","USDA","Maricopa (County, 2022)"
"Census Tract","04013815502","AZ","04013815502","=""04013815502""","67917","2020-2024","2022","Census","Firehouse Subs 918","2894 S. SanTan Village Pkwy.","","Gilbert","AZ","85295","MARICOPA","Restaurant Meals Program","","","USDA","Maricopa (County, 2022)"
"Census Tract","04013810400","AZ","04013810400","=""04013810400""","114953","2020-2024","2022","Census","Flowers Bakery Outlet 770","7275 W Detroit St","","Chandler","AZ","85226","MARICOPA","Convenience Store","","","USDA","Maricopa (County, 2022)"
"Census Tract","04013815502","AZ","04013815502","=""04013815502""","67917","2020-2024","2022","Census","Fry's 658","4075 E. Williams Field Rd.","","Gilbert","AZ","85295","MARICOPA","Super Store","","","USDA","Maricopa (County, 2022)"
"Census Tract","04013811700","AZ","04013811700","=""04013811700""","77213","2020-2024","2022","Census","Fuel Bros Chandler","2025 E Chandler Blvd","","Chandler","AZ","85225","MARICOPA","Convenience Store","","","USDA","Maricopa (County, 2022)"
"Census Tract","04013810800","AZ","04013810800","=""04013810800""","122593","2020-2024","2022","Census","Dollar Tree 5783","2600 W Chandler Blvd","Ste 4","Chandler","AZ","85224","MARICOPA","Other","","","USDA","Maricopa (County, 2022)"
"Census Tract","04013523102","AZ","04013523102","=""04013523102""","89217","2020-2024","2022","Census","EL ALAMO SUPER CARNICERIA","773 E Chandler Blvd","","Chandler","AZ","85225","MARICOPA","Convenience Store","","","USDA","Maricopa (County, 2022)"
"Census Tract","04013103305","AZ","04013103305","=""04013103305""","49739","2020-2024","2022","Census","Tala Bakery","2507 E Bell Rd","","Phoenix","AZ","85032","MARICOPA","Other","","","USDA","Maricopa (County, 2022)"
"Census Tract","04013103604","AZ","04013103604","=""04013103604""","85833","2020-2024","2022","Census","Target Store T-2236","16806 N 7th St","","Phoenix","AZ","85022","MARICOPA","Super Store","","","USDA","Maricopa (County, 2022)"
"Census Tract","04013618900","AZ","04013618900","=""04013618900""","81201","2020-2024","2022","Census","The Buffalo Spot - West Bell","320 W Bell Rd","Ste 104","Phoenix","AZ","85023","MARICOPA","Restaurant Meals Program","","","USDA","Maricopa (County, 2022)"
"Census Tract","04013618800","AZ","04013618800","=""04013618800""","53316","2020-2024","2022","Census","Track Market & Liquor","1502 W Bell Rd","Ste 1","Phoenix","AZ","85023","MARICOPA","Convenience Store","","","USDA","Maricopa (County, 2022)"
"Census Tract","04013618700","AZ","04013618700","=""04013618700""","80536","2020-2024","2022","Census","Urban Chilli 1","18425 N 19th Ave","Ste 110","Phoenix","AZ","85023","MARICOPA","Grocery Store","","","USDA","Maricopa (County, 2022)"
"Census Tract","04013104225","AZ","04013104225","=""04013104225""","106417","2020-2024","2022","Census","Walgreens 03049","4965 W Bell Rd","","Glendale","AZ","85308","MARICOPA","Other","","","USDA","Maricopa (County, 2022)"
"Census Tract","04013618900","AZ","04013618900","=""04013618900""","81201","2020-2024","2022","Census","Walgreens 03477","204 E Bell Rd","","Phoenix","AZ","85022","MARICOPA","Other","","","USDA","Maricopa (County, 2022)"
"Census Tract","04013618400","AZ","04013618400","=""04013618400""","60254","2020-2024","2022","Census","Walgreens 04508","3431 W Union Hills Dr","","Phoenix","AZ","85027","MARICOPA","Other","","","USDA","Maricopa (County, 2022)"
"Census Tract","04013619800","AZ","04013619800","=""04013619800""","69491","2020-2024","2022","Census","Walgreens 04951","4006 E Bell Rd","","Phoenix","AZ","85032","MARICOPA","Other","","","USDA","Maricopa (County, 2022)"
"Census Tract","04013618700","AZ","04013618700","=""04013618700""","80536","2020-2024","2022","Census","Walgreens 09057","18433 N 19th Ave","","Phoenix","AZ","85023","MARICOPA","Other","","","USDA","Maricopa (County, 2022)"
"Census Tract","04013619500","AZ","04013619500","=""04013619500""","86408","2020-2024","2022","Census","Walgreens 3132","2415 E Union Hills Dr","","Phoenix","AZ","85050","MARICOPA","Other","","","USDA","Maricopa (County, 2022)"
"Census Tract","04013618100","AZ","04013618100","=""04013618100""","112150","2020-2024","2022","Census","Walgreens 5851","5011 W Union Hills Dr","","Glendale","AZ","85308","MARICOPA","Other","","","USDA","Maricopa (County, 2022)"
"Census Tract","04013104214","AZ","04013104214","=""04013104214""","71070","2020-2024","2022","Census","Walmart 1532","5845 W BELL RD","","GLENDALE","AZ","85308","MARICOPA","Super Store","","","USDA","Maricopa (County, 2022)"
"Census Tract","04013103215","AZ","04013103215","=""04013103215""","156442","2020-2024","2022","Census","Walmart 1598","4617 E BELL RD","","PHOENIX","AZ","85032","MARICOPA","Super Store","","","USDA","Maricopa (County, 2022)"
"Census Tract","04013103604","AZ","04013103604","=""04013103604""","85833","2020-2024","2022","Census","Walmart 2512","1825 W Bell Rd","","Phoenix","AZ","85023","MARICOPA","Super Store","","","USDA","Maricopa (County, 2022)"
"Census Tract","04013616300","AZ","04013616300","=""04013616300""","101662","2020-2024","2022","Census","Walmart 3315","4230 W UNION HILLS DR","","GLENDALE","AZ","85308","MARICOPA","Super Store","","","USDA","Maricopa (County, 2022)"
"Census Tract","04013618900","AZ","04013618900","=""04013618900""","81201","2020-2024","2022","Census","WinCo Foods 108","330 W Bell Rd","","Phoenix","AZ","85023","MARICOPA","Supermarket","","","USDA","Maricopa (County, 2022)"
"Census Tract","04013618000","AZ","04013618000","=""04013618000""","103275","2020-2024","2022","Census","WinCo Foods 109","5850 W Bell Rd","","Glendale","AZ","85308","MARICOPA","Supermarket","","","USDA","Maricopa (County, 2022)"
"Census Tract","04013104215","AZ","04013104215","=""04013104215""","97146","2020-2024","2022","Census","McDonald's #7381","16874 N 59th Ave","","Glendale","AZ","85306","MARICOPA","Restaurant Meals Program","","","USDA","Maricopa (County, 2022)"
"Census Tract","04013103305","AZ","04013103305","=""04013103305""","49739","2020-2024","2022","Census","Mercado Y Carniceria El Rancho 2","2601 E Bell Rd","Ste 6","Phoenix","AZ","85032","MARICOPA","Supermarket","","","USDA","Maricopa (County, 2022)"
"Census Tract","04013618800","AZ","04013618800","=""04013618800""","53316","2020-2024","2022","Census","Mercado Y Carniceria Sepulveda","1612 W Bell Rd","","Phoenix","AZ","85023","MARICOPA","Grocery Store","","","USDA","Maricopa (County, 2022)"
"Census Tract","04013104225","AZ","04013104225","=""04013104225""","106417","2020-2024","2022","Census","Open Sesame #2","4925 W Bell Rd","Ste D2","Glendale","AZ","85308","MARICOPA","Grocery Store","","","USDA","Maricopa (County, 2022)"
"Census Tract","04013103611","AZ","04013103611","=""04013103611""","131339","2020-2024","2022","Census","Papa Johns #2147","751 E Bell Rd","Ste 10","Phoenix","AZ","85022","MARICOPA","Restaurant Meals Program","","","USDA","Maricopa (County, 2022)"
"Census Tract","04013619500","AZ","04013619500","=""04013619500""","86408","2020-2024","2022","Census","Papa Johns #2162","18413 N Cave Creek Rd","","Phoenix","AZ","85032","MARICOPA","Restaurant Meals Program","","","USDA","Maricopa (County, 2022)"
"Census Tract","04013617200","AZ","04013617200","=""04013617200""","145606","2020-2024","2022","Census","Papa Murphy's AZ011","3230 E Union Hills Dr","","Phoenix","AZ","85050","MARICOPA","Specialty Store","","","USDA","Maricopa (County, 2022)"
"Census Tract","04013618500","AZ","04013618500","=""04013618500""","52175","2020-2024","2022","Census","QuikTrip 1415","2834 W Bell Rd","","Phoenix","AZ","85053","MARICOPA","Convenience Store","","","USDA","Maricopa (County, 2022)"
"Census Tract","04013619400","AZ","04013619400","=""04013619400""","77298","2020-2024","2022","Census","QuikTrip 406","2212 E Bell Rd","","Phoenix","AZ","85022","MARICOPA","Convenience Store","","","USDA","Maricopa (County, 2022)"
"Census Tract","04013103604","AZ","04013103604","=""04013103604""","85833","2020-2024","2022","Census","QuikTrip 411","1707 W Bell Rd","","Phoenix","AZ","85023","MARICOPA","Convenience Store","","","USDA","Maricopa (County, 2022)"
"Census Tract","04013618200","AZ","04013618200","=""04013618200""","64741","2020-2024","2022","Census","QuikTrip 413","4255 W Union Hills Dr","","Glendale","AZ","85308","MARICOPA","Convenience Store","","","USDA","Maricopa (County, 2022)"
"Census Tract","04013617002","AZ","04013617002","=""04013617002""","89010","2020-2024","2022","Census","QuikTrip 420","2450 E Union Hills Dr","","Phoenix","AZ","85050","MARICOPA","Convenience Store","","","USDA","Maricopa (County, 2022)"
"Census Tract","04013617002","AZ","04013617002","=""04013617002""","89010","2020-2024","2022","Census","Raithu Bazaar","3130 E Union Hills Dr","Ste 104","Phoenix","AZ","85050","MARICOPA","Other","","","USDA","Maricopa (County, 2022)"
"Census Tract","04013103604","AZ","04013103604","=""04013103604""","85833","2020-2024","2022","Census","Rally's # 4374","617 W Bell Rd","","Phoenix","AZ","85023","MARICOPA","Restaurant Meals Program","","","USDA","Maricopa (County, 2022)"
"Census Tract","04013618500","AZ","04013618500","=""04013618500""","52175","2020-2024","2022","Census","SAFEWAY  240","3450 W Bell Rd","","Phoenix","AZ","85053","MARICOPA","Supermarket","","","USDA","Maricopa (County, 2022)"
"Census Tract","04013618900","AZ","04013618900","=""04013618900""","81201","2020-2024","2022","Census","SAFEWAY  413","550 E Bell Rd","","Phoenix","AZ","85022","MARICOPA","Supermarket","","","USDA","Maricopa (County, 2022)"
"Census Tract","04013103604","AZ","04013103604","=""04013103604""","85833","2020-2024","2022","Census","Sam's Club 6608","1525 W Bell Rd","","Phoenix","AZ","85023","MARICOPA","Super Store","","","USDA","Maricopa (County, 2022)"
"Census Tract","04013103604","AZ","04013103604","=""04013103604""","85833","2020-2024","2022","Census","Sprouts Farmers Market 18","245 E Bell Rd Ste 15","","Phoenix","AZ","85022","MARICOPA","Supermarket","","","USDA","Maricopa (County, 2022)"
"Census Tract","04013103611","AZ","04013103611","=""04013103611""","131339","2020-2024","2022","Census","Burger King # 23173","1375 E Bell Rd","","Phoenix","AZ","85022","MARICOPA","Restaurant Meals Program","","","USDA","Maricopa (County, 2022)"
"Census Tract","04013103604","AZ","04013103604","=""04013103604""","85833","2020-2024","2022","Census","Burger King # 25513","1615 W Bell Rd","","Phoenix","AZ","85023","MARICOPA","Restaurant Meals Program","","","USDA","Maricopa (County, 2022)"
"Census Tract","04013619500","AZ","04013619500","=""04013619500""","86408","2020-2024","2022","Census","By the Bucket North Phoenix","18409 N Cave Creek Rd","","Phoenix","AZ","85032","MARICOPA","Restaurant Meals Program","","","USDA","Maricopa (County, 2022)"
"Census Tract","04013618000","AZ","04013618000","=""04013618000""","103275","2020-2024","2022","Census","CVS Pharmacy 17","18591 N 59th Ave","","Glendale","AZ","85308","MARICOPA","Other","","","USDA","Maricopa (County, 2022)"
"Census Tract","04013617200","AZ","04013617200","=""04013617200""","145606","2020-2024","2022","Census","CVS Pharmacy 3264","3210 E Union Hills Dr","","Phoenix","AZ","85050","MARICOPA","Other","","","USDA","Maricopa (County, 2022)"
"Census Tract","04013618900","AZ","04013618900","=""04013618900""","81201","2020-2024","2022","Census","CVS Pharmacy 7262","18460 N 7th St","","Phoenix","AZ","85022","MARICOPA","Other","","","USDA","Maricopa (County, 2022)"
"Census Tract","04013103606","AZ","04013103606","=""04013103606""","90625","2020-2024","2022","Census","Carl's Jr 1087","2343 E Bell Rd","","Phoenix","AZ","85022","MARICOPA","Restaurant Meals Program","","","USDA","Maricopa (County, 2022)"
"Census Tract","04013618500","AZ","04013618500","=""04013618500""","52175","2020-2024","2022","Census","Carl's Jr.# 1101078","3470 W Bell Rd","","Phoenix","AZ","85053","MARICOPA","Restaurant Meals Program","","","USDA","Maricopa (County, 2022)"
"Census Tract","04013618300","AZ","04013618300","=""04013618300""","95694","2020-2024","2022","Census","Carniceria Ponderosa 2","3510 W Bell Rd","","Glendale","AZ","85308","MARICOPA","Grocery Store","","","USDA","Maricopa (County, 2022)"
"Census Tract","04013619500","AZ","04013619500","=""04013619500""","86408","2020-2024","2022","Census","Cave Creek Mini Mart","17027 N Cave Creek Rd","","Phoenix","AZ","85032","MARICOPA","Convenience Store","","","USDA","Maricopa (County, 2022)"
"Census Tract","04013618100","AZ","04013618100","=""04013618100""","112150","2020-2024","2022","Census","Chevron Food Mart 211637","5060 W Bell Rd","Ste B","Glendale","AZ","85308","MARICOPA","Convenience Store","","","USDA","Maricopa (County, 2022)"
"Census Tract","04013103608","AZ","04013103608","=""04013103608""","90356","2020-2024","2022","Census","Chevron Food Mart 96856","1901 W Bell Rd","","Phoenix","AZ","85023","MARICOPA","Convenience Store","","","USDA","Maricopa (County, 2022)"
"Census Tract","04013619900","AZ","04013619900","=""04013619900""","137989","2020-2024","2022","Census","Circle K 2701929","4808 E Bell Rd","","Scottsdale","AZ","85254","MARICOPA","Convenience Store","","","USDA","Maricopa (County, 2022)"
"Census Tract","04013616300","AZ","04013616300","=""04013616300""","101662","2020-2024","2022","Census","Circle K 2704272","3502 W Union Hills Dr","","Glendale","AZ","85308","MARICOPA","Convenience Store","","","USDA","Maricopa (County, 2022)"
"Census Tract","04013619700","AZ","04013619700","=""04013619700""","108696","2020-2024","2022","Census","Circle K 2705545","18422 N Tatum Blvd","","Phoenix","AZ","85032","MARICOPA","Convenience Store","","","USDA","Maricopa (County, 2022)"
"Census Tract","04013616600","AZ","04013616600","=""04013616600""","84575","2020-2024","2022","Census","Circle K 2706644","1850 W Union Hills Dr","","Phoenix","AZ","85027","MARICOPA","Convenience Store","","","USDA","Maricopa (County, 2022)"
"Census Tract","04013617002","AZ","04013617002","=""04013617002""","89010","2020-2024","2022","Census","Circle K 2708747","3196 E Union Hills Dr","","Phoenix","AZ","85050","MARICOPA","Convenience Store","","","USDA","Maricopa (County, 2022)"
"Census Tract","04013618400","AZ","04013618400","=""04013618400""","60254","2020-2024","2022","Census","Circle K 2709166","3441 W Union Hills Dr","","Phoenix","AZ","85027","MARICOPA","Convenience Store","","","USDA","Maricopa (County, 2022)"
"Census Tract","04013618200","AZ","04013618200","=""04013618200""","64741","2020-2024","2022","Census","Hungry Howie's # 1838","3515 W Union Hills Dr","Suite 115","Glendale","AZ","85308","MARICOPA","Restaurant Meals Program","","","USDA","Maricopa (County, 2022)"
"Census Tract","04013104226","AZ","04013104226","=""04013104226""","64514","2020-2024","2022","Census","Jack in the Box # 1190","4151 W Bell Rd","","Phoenix","AZ","85053","MARICOPA","Restaurant Meals Program","","","USDA","Maricopa (County, 2022)"
"Census Tract","04013103305","AZ","04013103305","=""04013103305""","49739","2020-2024","2022","Census","Lucky Market 1","16401 N Cave Creek Rd","","Phoenix","AZ","85032","MARICOPA","Convenience Store","","","USDA","Maricopa (County, 2022)"
"Census Tract","04013104214","AZ","04013104214","=""04013104214""","71070","2020-2024","2022","Census","7-Eleven 42301A","5303 W Bell Rd","","Glendale","AZ","85308","MARICOPA","Convenience Store","","","USDA","Maricopa (County, 2022)"
"Census Tract","04013619602","AZ","04013619602","=""04013619602""","80982","2020-2024","2022","Census","Arco 42530","3610 E Bell Rd","","Phoenix","AZ","85032","MARICOPA","Convenience Store","","","USDA","Maricopa (County, 2022)"
"Census Tract","04013616200","AZ","04013616200","=""04013616200""","107588","2020-2024","2022","Census","Asiana Market Glendale Inc.","4410 W Union Hills Dr","","Glendale","AZ","85308","MARICOPA","Super Store","","","USDA","Maricopa (County, 2022)"
"Census Tract","04013618000","AZ","04013618000","=""04013618000""","103275","2020-2024","2022","Census","El Pollo Loco 3561","5810 W Bell Rd","","Glendale","AZ","85308","MARICOPA","Restaurant Meals Program","","","USDA","Maricopa (County, 2022)"
"Census Tract","04013619900","AZ","04013619900","=""04013619900""","137989","2020-2024","2022","Census","FRY'S 54","4842 E Bell Rd","","Scottsdale","AZ","85254","MARICOPA","Super Store","","","USDA","Maricopa (County, 2022)"
"Census Tract","04013103215","AZ","04013103215","=""04013103215""","156442","2020-2024","2022","Census","DOLLARTREE 10328","4323 E Bell Rd","","Phoenix","AZ","85032","MARICOPA","Other","","","USDA","Maricopa (County, 2022)"
"Census Tract","04013616200","AZ","04013616200","=""04013616200""","107588","2020-2024","2022","Census","DQ 13488","4410 W Union Hills Dr","Ste 3","Glendale","AZ","85308","MARICOPA","Restaurant Meals Program","","","USDA","Maricopa (County, 2022)"
"Census Tract","04013103216","AZ","04013103216","=""04013103216""","113571","2020-2024","2022","Census","Del Taco # 746","16649 N Tatum Blvd","","Phoenix","AZ","85032","MARICOPA","Restaurant Meals Program","","","USDA","Maricopa (County, 2022)"
"Census Tract","04013616600","AZ","04013616600","=""04013616600""","84575","2020-2024","2022","Census","Dollar General 10996","18631 N 19th Ave","Ste 318","Phoenix","AZ","85027","MARICOPA","Other","","","USDA","Maricopa (County, 2022)"
"Census Tract","04013618800","AZ","04013618800","=""04013618800""","53316","2020-2024","2022","Census","Dollar Tree 5942","1818 W Bell Rd","Ste 120","Phoenix","AZ","85023","MARICOPA","Other","","","USDA","Maricopa (County, 2022)"
"Census Tract","04013941300","AZ","04013941300","=""04013941300""","43117","2020-2024","2022","Census","Target Store T-0363","9000 E Indian Bend Rd","","Scottsdale","AZ","85250","MARICOPA","Super Store","","","USDA","Maricopa (County, 2022)"
"Census Tract","04013216850","AZ","04013216850","=""04013216850""","72898","2020-2024","2022","Census","Target Store T-0936","15444 N Frank Lloyd Wright Blvd","","Scottsdale","AZ","85260","MARICOPA","Super Store","","","USDA","Maricopa (County, 2022)"
"Census Tract","04013216821","AZ","04013216821","=""04013216821""","119115","2020-2024","2022","Census","Target Store T-1432","16825 E Shea Blvd","","Fountain Hills","AZ","85268","MARICOPA","Super Store","","","USDA","Maricopa (County, 2022)"
"Census Tract","04013216816","AZ","04013216816","=""04013216816""","107225","2020-2024","2022","Census","Trader Joe's 87","7555 E Frank Lloyd Wright Blvd","","Scottsdale","AZ","85260","MARICOPA","Supermarket","","","USDA","Maricopa (County, 2022)"
"Census Tract","04013216901","AZ","04013216901","=""04013216901""","108472","2020-2024","2022","Census","Trader Joe's 94","6202 N Scottsdale Rd","","Scottsdale","AZ","85253","MARICOPA","Supermarket","","","USDA","Maricopa (County, 2022)"
"Census Tract","04013216816","AZ","04013216816","=""04013216816""","107225","2020-2024","2022","Census","Vitamin Cottage Natural Food Markets Inc U101","13802 N Scottsdale Rd","Ste 110","Scottsdale","AZ","85254","MARICOPA","Supermarket","","","USDA","Maricopa (County, 2022)"
"Census Tract","04013216833","AZ","04013216833","=""04013216833""","112361","2020-2024","2022","Census","Walgreens 01950","10135 E Via Linda","","Scottsdale","AZ","85258","MARICOPA","Other","","","USDA","Maricopa (County, 2022)"
"Census Tract","04013216806","AZ","04013216806","=""04013216806""","113631","2020-2024","2022","Census","Walgreens 02599","7337 N Via Paseo del Sur","","Scottsdale","AZ","85258","MARICOPA","Other","","","USDA","Maricopa (County, 2022)"
"Census Tract","04013216830","AZ","04013216830","=""04013216830""","71675","2020-2024","2022","Census","Walgreens 03177","7011 E Shea Blvd","","Scottsdale","AZ","85254","MARICOPA","Other","","","USDA","Maricopa (County, 2022)"
"Census Tract","04013216853","AZ","04013216853","=""04013216853""","81267","2020-2024","2022","Census","Walgreens 04507","15025 N Thompson Peak Pkwy","","Scottsdale","AZ","85260","MARICOPA","Other","","","USDA","Maricopa (County, 2022)"
"Census Tract","04013103220","AZ","04013103220","=""04013103220""","98952","2020-2024","2022","Census","Walgreens 05453","6501 E Greenway Pkwy","","Scottsdale","AZ","85254","MARICOPA","Other","","","USDA","Maricopa (County, 2022)"
"Census Tract","04013216837","AZ","04013216837","=""04013216837""","66250","2020-2024","2022","Census","Walgreens 05890","11250 E Via Linda","","Scottsdale","AZ","85259","MARICOPA","Other","","","USDA","Maricopa (County, 2022)"
"Census Tract","04013216857","AZ","04013216857","=""04013216857""","86568","2020-2024","2022","Census","Walgreens 06060","16415 E Palisades Blvd","","Fountain Hills","AZ","85268","MARICOPA","Other","","","USDA","Maricopa (County, 2022)"
"Census Tract","04013217002","AZ","04013217002","=""04013217002""","91486","2020-2024","2022","Census","Walgreens 09262","8469 E McDonald Dr","","Scottsdale","AZ","85250","MARICOPA","Other","","","USDA","Maricopa (County, 2022)"
"Census Tract","04013216901","AZ","04013216901","=""04013216901""","108472","2020-2024","2022","Census","Walgreens 13758","6200 N Scottsdale Rd","","Paradise Valley","AZ","85253","MARICOPA","Other","","","USDA","Maricopa (County, 2022)"
"Census Tract","04013217400","AZ","04013217400","=""04013217400""","85725","2020-2024","2022","Census","Walgreens 3087","5625 E Thomas Rd","","Phoenix","AZ","85018","MARICOPA","Other","","","USDA","Maricopa (County, 2022)"
"Census Tract","04013217201","AZ","04013217201","=""04013217201""","92259","2020-2024","2022","Census","Walgreens 3163","3420 N Scottsdale Rd","","Scottsdale","AZ","85251","MARICOPA","Other","","","USDA","Maricopa (County, 2022)"
"Census Tract","04013217700","AZ","04013217700","=""04013217700""","103500","2020-2024","2022","Census","Walgreens 4506","8015 E Indian School Rd","","Scottsdale","AZ","85251","MARICOPA","Other","","","USDA","Maricopa (County, 2022)"
"Census Tract","04013941300","AZ","04013941300","=""04013941300""","43117","2020-2024","2022","Census","Walmart 2112","4915 N PIMA RD","","SCOTTSDALE","AZ","85251","MARICOPA","Super Store","","","USDA","Maricopa (County, 2022)"
"Census Tract","04013216816","AZ","04013216816","=""04013216816""","107225","2020-2024","2022","Census","Walmart 2766","15355 N NORTHSIGHT BLVD","","SCOTTSDALE","AZ","85260","MARICOPA","Super Store","","","USDA","Maricopa (County, 2022)"
"Census Tract","04013615201","AZ","04013615201","=""04013615201""","91313","2020-2024","2022","Census","Whole Foods Market 10246","7111 E Mayo Blvd","","Phoenix","AZ","85054","MARICOPA","Super Store","","","USDA","Maricopa (County, 2022)"
"Census Tract","04013216837","AZ","04013216837","=""04013216837""","66250","2020-2024","2022","Census","Zata Mediterranean Market 1","11291 E Via Linda","Ste 144","Scottsdale","AZ","85259","MARICOPA","Convenience Store","","","USDA","Maricopa (County, 2022)"
"Census Tract","04013217002","AZ","04013217002","=""04013217002""","91486","2020-2024","2022","Census","McDonald's #36225","5998 N Granite Reef Rd","","Scottsdale","AZ","85250","MARICOPA","Restaurant Meals Program","","","USDA","Maricopa (County, 2022)"
"Census Tract","04013217201","AZ","04013217201","=""04013217201""","92259","2020-2024","2022","Census","Old Town Scottsdale Farmers Market","7250 E 1st St","","Scottsdale","AZ","85251","MARICOPA","Farmers and Markets","","","USDA","Maricopa (County, 2022)"
"Census Tract","04013216837","AZ","04013216837","=""04013216837""","66250","2020-2024","2022","Census","Papa Johns #2864","11300 E Via Linda","Ste C","Scottsdale","AZ","85259","MARICOPA","Restaurant Meals Program","","","USDA","Maricopa (County, 2022)"
"Census Tract","04013216857","AZ","04013216857","=""04013216857""","86568","2020-2024","2022","Census","Papa Murphy's AZ035","13525 N Fountain Hills Blvd","Ste 103","Fountain Hills","AZ","85268","MARICOPA","Specialty Store","","","USDA","Maricopa (County, 2022)"
"Census Tract","04013216810","AZ","04013216810","=""04013216810""","76161","2020-2024","2022","Census","Papa Murphy's Pizza AZ067","8912 E Via Linda","Ste 115","Scottsdale","AZ","85258","MARICOPA","Specialty Store","","","USDA","Maricopa (County, 2022)"
"Census Tract","04013217600","AZ","04013217600","=""04013217600""","91766","2020-2024","2022","Census","Pebblestone Market","3399 N Scottsdale Rd","","Scottsdale","AZ","85251","MARICOPA","Convenience Store","","","USDA","Maricopa (County, 2022)"
"Census Tract","04013217001","AZ","04013217001","=""04013217001""","95740","2020-2024","2022","Census","SAFEWAY  1491","7920 E Chaparral Rd","","Scottsdale","AZ","85250","MARICOPA","Supermarket","","","USDA","Maricopa (County, 2022)"
"Census Tract","04013216853","AZ","04013216853","=""04013216853""","81267","2020-2024","2022","Census","SAFEWAY  1549","14696 N Frank Lloyd Wright Blvd","","Scottsdale","AZ","85260","MARICOPA","Supermarket","","","USDA","Maricopa (County, 2022)"
"Census Tract","04013103220","AZ","04013103220","=""04013103220""","98952","2020-2024","2022","Census","SAFEWAY  1750","6501 E Greenway Pkwy Bldg 4","","Scottsdale","AZ","85254","MARICOPA","Supermarket","","","USDA","Maricopa (County, 2022)"
"Census Tract","04013216857","AZ","04013216857","=""04013216857""","86568","2020-2024","2022","Census","SAFEWAY 1291","13733 N Fountain Hills Blvd","","Fountain Hills","AZ","85268","MARICOPA","Supermarket","","","USDA","Maricopa (County, 2022)"
"Census Tract","04013216831","AZ","04013216831","=""04013216831""","121570","2020-2024","2022","Census","SAFEWAY 2032","10773 N Scottsdale Rd","","Scottsdale","AZ","85254","MARICOPA","Supermarket","","","USDA","Maricopa (County, 2022)"
"Census Tract","04013216816","AZ","04013216816","=""04013216816""","107225","2020-2024","2022","Census","Saffron Indian Grocery N Kitchen 1","15050 N Northsight Blvd","Ste 101","Scottsdale","AZ","85260","MARICOPA","Grocery Store","","","USDA","Maricopa (County, 2022)"
"Census Tract","04013217600","AZ","04013217600","=""04013217600""","91766","2020-2024","2022","Census","Simon Xpress Pizza DBA Hungry Howie's # 1806","2934 N Hayden Rd","","Scottsdale","AZ","85251","MARICOPA","Restaurant Meals Program","","","USDA","Maricopa (County, 2022)"
"Census Tract","04013217201","AZ","04013217201","=""04013217201""","92259","2020-2024","2022","Census","Sprouts Farmers Market 19","4402 N Miller Rd","","Scottsdale","AZ","85251","MARICOPA","Supermarket","","","USDA","Maricopa (County, 2022)"
"Census Tract","04013216810","AZ","04013216810","=""04013216810""","76161","2020-2024","2022","Census","Sprouts Farmers Market 2","9301 E Shea Blvd","Ste 132","Scottsdale","AZ","85260","MARICOPA","Supermarket","","","USDA","Maricopa (County, 2022)"
"Census Tract","04013216834","AZ","04013216834","=""04013216834""","143059","2020-2024","2022","Census","Sprouts Farmers Market 39","8787 N Scottsdale Rd","Ste 124","Scottsdale","AZ","85253","MARICOPA","Supermarket","","","USDA","Maricopa (County, 2022)"
"Census Tract","04013216816","AZ","04013216816","=""04013216816""","107225","2020-2024","2022","Census","Subway # 22363","15475 N Greenway Hayden Loop","Ste B21","Scottsdale","AZ","85260","MARICOPA","Restaurant Meals Program","","","USDA","Maricopa (County, 2022)"
"Census Tract","04013103220","AZ","04013103220","=""04013103220""","98952","2020-2024","2022","Census","Subway #22340","6501 E Greenway Pkwy","Ste 105","Scottsdale","AZ","85254","MARICOPA","Restaurant Meals Program","","","USDA","Maricopa (County, 2022)"
"Census Tract","04013216810","AZ","04013216810","=""04013216810""","76161","2020-2024","2022","Census","Subway #27057","9015 E Via Linda","Ste 109","Scottsdale","AZ","85258","MARICOPA","Restaurant Meals Program","","","USDA","Maricopa (County, 2022)"
"Census Tract","04013217001","AZ","04013217001","=""04013217001""","95740","2020-2024","2022","Census","Subway #40441","7908 E Chaparral Rd","Ste B104","Scottsdale","AZ","85250","MARICOPA","Restaurant Meals Program","","","USDA","Maricopa (County, 2022)"
"Census Tract","04013216857","AZ","04013216857","=""04013216857""","86568","2020-2024","2022","Census","Subway 12847","13771 Fountain Hills Blvd","Ste 113","Fountain Hills","AZ","85268","MARICOPA","Restaurant Meals Program","","","USDA","Maricopa (County, 2022)"
"Census Tract","04013216816","AZ","04013216816","=""04013216816""","107225","2020-2024","2022","Census","Subway 27035","15475 N Greenway Hayden Loop","Ste B 21","Scottsdale","AZ","85260","MARICOPA","Restaurant Meals Program","","","USDA","Maricopa (County, 2022)"
"Census Tract","04013216821","AZ","04013216821","=""04013216821""","119115","2020-2024","2022","Census","Subway 28817","16841 E Shea Blvd","Ste 1-102","Fountain Hills","AZ","85268","MARICOPA","Restaurant Meals Program","","","USDA","Maricopa (County, 2022)"
"Census Tract","04013941300","AZ","04013941300","=""04013941300""","43117","2020-2024","2022","Census","Subway 50388","4915 N. Pima Road","","Scottsdale","AZ","85251","MARICOPA","Restaurant Meals Program","","","USDA","Maricopa (County, 2022)"
"Census Tract","04013216857","AZ","04013216857","=""04013216857""","86568","2020-2024","2022","Census","Burger King # 8850","13725 N. Fountain Hills Blvd","","Fountain Hills","AZ","85268","MARICOPA","Restaurant Meals Program","","","USDA","Maricopa (County, 2022)"
"Census Tract","04013216816","AZ","04013216816","=""04013216816""","107225","2020-2024","2022","Census","Burger King 20501","15355 N Northsight Blvd","","Scottsdale","AZ","85260","MARICOPA","Restaurant Meals Program","","","USDA","Maricopa (County, 2022)"
"Census Tract","04013217700","AZ","04013217700","=""04013217700""","103500","2020-2024","2022","Census","CACTUS FOOD MART","8040 E Thomas Rd","","Scottsdale","AZ","85251","MARICOPA","Convenience Store","","","USDA","Maricopa (County, 2022)"
"Census Tract","04013103219","AZ","04013103219","=""04013103219""","107441","2020-2024","2022","Census","CVS 10529","7111 E Bell Rd","","Scottsdale","AZ","85254","MARICOPA","Other","","","USDA","Maricopa (County, 2022)"
"Census Tract","04013217001","AZ","04013217001","=""04013217001""","95740","2020-2024","2022","Census","CVS Pharmacy 10007","6045 N Scottsdale Rd","","Scottsdale","AZ","85253","MARICOPA","Other","","","USDA","Maricopa (County, 2022)"
"Census Tract","04013217201","AZ","04013217201","=""04013217201""","92259","2020-2024","2022","Census","CVS Pharmacy 7845","7552 E Indian School Rd","","Scottsdale","AZ","85251","MARICOPA","Other","","","USDA","Maricopa (County, 2022)"
"Census Tract","04013216860","AZ","04013216860","=""04013216860""","84250","2020-2024","2022","Census","CVS Pharmacy 7862","10160 Bell Rd East","","Scottsdale","AZ","85255","MARICOPA","Other","","","USDA","Maricopa (County, 2022)"
"Census Tract","04013216831","AZ","04013216831","=""04013216831""","121570","2020-2024","2022","Census","CVS Pharmacy 9210","10653 N Scottsdale Rd","","Scottsdale","AZ","85254","MARICOPA","Other","","","USDA","Maricopa (County, 2022)"
"Census Tract","04013216853","AZ","04013216853","=""04013216853""","81267","2020-2024","2022","Census","CVS Pharmacy 9252","14672 N Frank Lloyd Wright Blvd","","Scottsdale","AZ","85260","MARICOPA","Other","","","USDA","Maricopa (County, 2022)"
"Census Tract","04013216857","AZ","04013216857","=""04013216857""","86568","2020-2024","2022","Census","CVS Pharmacy 9279","16545 E Palisades Blvd","","Fountain Hills","AZ","85268","MARICOPA","Other","","","USDA","Maricopa (County, 2022)"
"Census Tract","04013217900","AZ","04013217900","=""04013217900""","102100","2020-2024","2022","Census","CVS Pharmacy 9328","7901 E Thomas Rd","","Scottsdale","AZ","85251","MARICOPA","Other","","","USDA","Maricopa (County, 2022)"
"Census Tract","04013216845","AZ","04013216845","=""04013216845""","88875","2020-2024","2022","Census","Caspian Food Market","17040 N Scottsdale Rd","Ste 108","Scottsdale","AZ","85255","MARICOPA","Grocery Store","","","USDA","Maricopa (County, 2022)"
"Census Tract","04013217502","AZ","04013217502","=""04013217502""","113308","2020-2024","2022","Census","Chevron Gas","6930 E Thomas Rd","","Scottsdale","AZ","85251","MARICOPA","Convenience Store","","","USDA","Maricopa (County, 2022)"
"Census Tract","04013217501","AZ","04013217501","=""04013217501""","55050","2020-2024","2022","Census","Circle K 2700079","3050 N 68th St","","Scottsdale","AZ","85251","MARICOPA","Convenience Store","","","USDA","Maricopa (County, 2022)"
"Census Tract","04013217201","AZ","04013217201","=""04013217201""","92259","2020-2024","2022","Census","Circle K 2700127","4440 N Miller Rd","","Scottsdale","AZ","85251","MARICOPA","Convenience Store","","","USDA","Maricopa (County, 2022)"
"Census Tract","04013217201","AZ","04013217201","=""04013217201""","92259","2020-2024","2022","Census","Circle K 2700248","6901 E Indian School Rd","","Scottsdale","AZ","85251","MARICOPA","Convenience Store","","","USDA","Maricopa (County, 2022)"
"Census Tract","04013217800","AZ","04013217800","=""04013217800""","102406","2020-2024","2022","Census","Circle K 2701613","8001 E Thomas Rd","","Scottsdale","AZ","85251","MARICOPA","Convenience Store","","","USDA","Maricopa (County, 2022)"
"Census Tract","04013217600","AZ","04013217600","=""04013217600""","91766","2020-2024","2022","Census","Circle K 2703745","3410 N Hayden Rd","","Scottsdale","AZ","85251","MARICOPA","Convenience Store","","","USDA","Maricopa (County, 2022)"
"Census Tract","04013216830","AZ","04013216830","=""04013216830""","71675","2020-2024","2022","Census","Circle K 2705027","7140 E Shea Blvd","","Scottsdale","AZ","85254","MARICOPA","Convenience Store","","","USDA","Maricopa (County, 2022)"
"Census Tract","04013216856","AZ","04013216856","=""04013216856""","113920","2020-2024","2022","Census","Circle K 2705030","9618 Saguaro Blvd","","Fountain Hills","AZ","85268","MARICOPA","Convenience Store","","","USDA","Maricopa (County, 2022)"
"Census Tract","04013216839","AZ","04013216839","=""04013216839""","180172","2020-2024","2022","Census","Circle K 2705296","13880 N Frank Lloyd Wright Blvd","","Scottsdale","AZ","85260","MARICOPA","Convenience Store","","","USDA","Maricopa (County, 2022)"
"Census Tract","04013216826","AZ","04013216826","=""04013216826""","90814","2020-2024","2022","Census","Circle K 2705410","8890 E Shea Blvd","","Scottsdale","AZ","85260","MARICOPA","Convenience Store","","","USDA","Maricopa (County, 2022)"
"Census Tract","04013216821","AZ","04013216821","=""04013216821""","119115","2020-2024","2022","Census","Circle K 2706664","17125 E Shea Blvd","","Fountain Hills","AZ","85268","MARICOPA","Convenience Store","","","USDA","Maricopa (County, 2022)"
"Census Tract","04013216807","AZ","04013216807","=""04013216807""","152639","2020-2024","2022","Census","Circle K 2709167","9709 N Hayden Rd","","Scottsdale","AZ","85258","MARICOPA","Convenience Store","","","USDA","Maricopa (County, 2022)"
"Census Tract","04013217101","AZ","04013217101","=""04013217101""","54675","2020-2024","2022","Census","Circle K 2709169","4101 N Hayden Rd","","Scottsdale","AZ","85251","MARICOPA","Convenience Store","","","USDA","Maricopa (County, 2022)"
"Census Tract","04013216830","AZ","04013216830","=""04013216830""","71675","2020-2024","2022","Census","Circle K 2709170","10200 N Scottsdale Rd","","Paradise Valley","AZ","85253","MARICOPA","Convenience Store","","","USDA","Maricopa (County, 2022)"
"Census Tract","04013216833","AZ","04013216833","=""04013216833""","112361","2020-2024","2022","Census","Circle K 2709174","10050 E Mountain View Rd","","Scottsdale","AZ","85258","MARICOPA","Convenience Store","","","USDA","Maricopa (County, 2022)"
"Census Tract","04013103217","AZ","04013103217","=""04013103217""","114034","2020-2024","2022","Census","Circle K 2709529","5601 E Bell Rd","","Scottsdale","AZ","85254","MARICOPA","Convenience Store","","","USDA","Maricopa (County, 2022)"
"Census Tract","04013217900","AZ","04013217900","=""04013217900""","102100","2020-2024","2022","Census","Circle K Store 2741711","2865 N Scottsdale Rd","","Scottsdale","AZ","85257","MARICOPA","Convenience Store","","","USDA","Maricopa (County, 2022)"
"Census Tract","04013216826","AZ","04013216826","=""04013216826""","90814","2020-2024","2022","Census","Convenient Corner Market","9330 E Poinsettia Dr","Ste 108","Scottsdale","AZ","85260","MARICOPA","Convenience Store","","","USDA","Maricopa (County, 2022)"
"Census Tract","04013216816","AZ","04013216816","=""04013216816""","107225","2020-2024","2022","Census","Costco Wholesale 0427","15255 N Hayden Rd","","Scottsdale","AZ","85260","MARICOPA","Super Store","","","USDA","Maricopa (County, 2022)"
"Census Tract","04013217201","AZ","04013217201","=""04013217201""","92259","2020-2024","2022","Census","D's Market","3640 N Miller Rd","","Scottsdale","AZ","85251","MARICOPA","Convenience Store","","","USDA","Maricopa (County, 2022)"
"Census Tract","04013216816","AZ","04013216816","=""04013216816""","107225","2020-2024","2022","Census","Jacksons Food Stores 805","16610 N Scottsdale Rd","","Phoenix","AZ","85254","MARICOPA","Convenience Store","","","USDA","Maricopa (County, 2022)"
"Census Tract","04013216816","AZ","04013216816","=""04013216816""","107225","2020-2024","2022","Census","Jacksons Food Stores 806","15515 N Scottsdale Rd","","Scottsdale","AZ","85254","MARICOPA","Convenience Store","","","USDA","Maricopa (County, 2022)"
"Census Tract","04013216816","AZ","04013216816","=""04013216816""","107225","2020-2024","2022","Census","Jacksons Food Stores 807","14717 N Northsight Blvd","","Scottsdale","AZ","85260","MARICOPA","Convenience Store","","","USDA","Maricopa (County, 2022)"
"Census Tract","04013216856","AZ","04013216856","=""04013216856""","113920","2020-2024","2022","Census","McDonald's #10896","16936 E Shea Blvd","","Fountain Hills","AZ","85268","MARICOPA","Restaurant Meals Program","","","USDA","Maricopa (County, 2022)"
"Census Tract","04013218000","AZ","04013218000","=""04013218000""","81929","2020-2024","2022","Census","McDonald's #12536","2882 N Scottsdale Rd","","Scottsdale","AZ","85257","MARICOPA","Restaurant Meals Program","","","USDA","Maricopa (County, 2022)"
"Census Tract","04013216902","AZ","04013216902","=""04013216902""","96944","2020-2024","2022","Census","7-Eleven 26411B","8410 E McDonald Dr","","Scottsdale","AZ","85250","MARICOPA","Convenience Store","","","USDA","Maricopa (County, 2022)"
"Census Tract","04013216853","AZ","04013216853","=""04013216853""","81267","2020-2024","2022","Census","AJ's Fine Foods 118","15031 N Thompson Peak Pkwy","","Scottsdale","AZ","85260","MARICOPA","Super Store","","","USDA","Maricopa (County, 2022)"
"Census Tract","04013216854","AZ","04013216854","=""04013216854""","196926","2020-2024","2022","Census","AJ's Fine Foods 173","18271 N Pima Rd","","Scottsdale","AZ","85255","MARICOPA","Super Store","","","USDA","Maricopa (County, 2022)"
"Census Tract","04013105002","AZ","04013105002","=""04013105002""","210625","2020-2024","2022","Census","AJ's Fine Foods 63","7141 E Lincoln Dr","","Scottsdale","AZ","85253","MARICOPA","Super Store","","","USDA","Maricopa (County, 2022)"
"Census Tract","04013216902","AZ","04013216902","=""04013216902""","96944","2020-2024","2022","Census","ALBERTSONS  966","6965 N Hayden Rd","","Scottsdale","AZ","85250","MARICOPA","Supermarket","","","USDA","Maricopa (County, 2022)"
"Census Tract","04013216837","AZ","04013216837","=""04013216837""","66250","2020-2024","2022","Census","Albertsons 197","11475 E Via Linda","","Scottsdale","AZ","85259","MARICOPA","Supermarket","","","USDA","Maricopa (County, 2022)"
"Census Tract","04013217900","AZ","04013217900","=""04013217900""","102100","2020-2024","2022","Census","Albertsons 2955","2785 N Scottsdale Rd","","Scottsdale","AZ","85257","MARICOPA","Supermarket","","","USDA","Maricopa (County, 2022)"
"Census Tract","04013217502","AZ","04013217502","=""04013217502""","113308","2020-2024","2022","Census","America Market Place Llc","6802 E Thomas Rd","","Scottsdale","AZ","85251","MARICOPA","Other","","","USDA","Maricopa (County, 2022)"
"Census Tract","04013218000","AZ","04013218000","=""04013218000""","81929","2020-2024","2022","Census","BURGER KING 4985","6737 E Thomas Rd","","Scottsdale","AZ","85251","MARICOPA","Restaurant Meals Program","","","USDA","Maricopa (County, 2022)"
"Census Tract","04013217002","AZ","04013217002","=""04013217002""","91486","2020-2024","2022","Census","Bashas' 16","8423 E McDonald Dr","","Scottsdale","AZ","85250","MARICOPA","Super Store","","","USDA","Maricopa (County, 2022)"
"Census Tract","04013216857","AZ","04013216857","=""04013216857""","86568","2020-2024","2022","Census","Bashas' 47","16605 E Palisades Blvd","Ste 125","Fountain Hills","AZ","85268","MARICOPA","Super Store","","","USDA","Maricopa (County, 2022)"
"Census Tract","04013217700","AZ","04013217700","=""04013217700""","103500","2020-2024","2022","Census","Bashas' 7","8035 E Indian School Rd","","Scottsdale","AZ","85251","MARICOPA","Super Store","","","USDA","Maricopa (County, 2022)"
"Census Tract","04013216860","AZ","04013216860","=""04013216860""","84250","2020-2024","2022","Census","Bashas' 99","10111 E Bell Rd","","Scottsdale","AZ","85260","MARICOPA","Super Store","","","USDA","Maricopa (County, 2022)"
"Census Tract","04013216816","AZ","04013216816","=""04013216816""","107225","2020-2024","2022","Census","El Pollo Loco 3855","15540 N Hayden Rd","","Scottsdale","AZ","85260","MARICOPA","Restaurant Meals Program","","","USDA","Maricopa (County, 2022)"
"Census Tract","04013217502","AZ","04013217502","=""04013217502""","113308","2020-2024","2022","Census","Em Valero (Scottsdale Minimart)","6842 E Thomas Rd","","Scottsdale","AZ","85251","MARICOPA","Convenience Store","","","USDA","Maricopa (County, 2022)"
"Census Tract","04013216810","AZ","04013216810","=""04013216810""","76161","2020-2024","2022","Census","FRY'S 125","10450 N 90th St","","Scottsdale","AZ","85258","MARICOPA","Super Store","","","USDA","Maricopa (County, 2022)"
"Census Tract","04013216810","AZ","04013216810","=""04013216810""","76161","2020-2024","2022","Census","FRY'S 621","8900 E Via Linda","","Scottsdale","AZ","85258","MARICOPA","Super Store","","","USDA","Maricopa (County, 2022)"
"Census Tract","04013941300","AZ","04013941300","=""04013941300""","43117","2020-2024","2022","Census","DOLLARTREE 10436","8940 E Indian Bend Rd","","Scottsdale","AZ","85250","MARICOPA","Other","","","USDA","Maricopa (County, 2022)"
"Census Tract","04013217600","AZ","04013217600","=""04013217600""","91766","2020-2024","2022","Census","DOLLARTREE 9891","3350 N Hayden Rd","","Scottsdale","AZ","85251","MARICOPA","Other","","","USDA","Maricopa (County, 2022)"
"Census Tract","04013217600","AZ","04013217600","=""04013217600""","91766","2020-2024","2022","Census","Denny's #9584","3315 N Scottsdale Rd","","Scottsdale","AZ","85251","MARICOPA","Restaurant Meals Program","","","USDA","Maricopa (County, 2022)"
"Census Tract","04013216837","AZ","04013216837","=""04013216837""","66250","2020-2024","2022","Census","Dollar Tree 3639","11227 E Via Linda","","Scottsdale","AZ","85259","MARICOPA","Other","","","USDA","Maricopa (County, 2022)"
"Census Tract","04013217501","AZ","04013217501","=""04013217501""","55050","2020-2024","2022","Census","Domino's Pizza #7659","2902 N 68th St","Ste 100","Scottsdale","AZ","85251","MARICOPA","Restaurant Meals Program","","","USDA","Maricopa (County, 2022)"
"Census Tract","04013109300","AZ","04013109300","=""04013109300""","92321","2020-2024","2022","Census","Taco Bell 32728","4304 W Indian School Rd","","Phoenix","AZ","85031","MARICOPA","Restaurant Meals Program","","","USDA","Maricopa (County, 2022)"
"Census Tract","04013109401","AZ","04013109401","=""04013109401""","55417","2020-2024","2022","Census","Tienda Santaneca","5825 W Indian School Rd","","Phoenix","AZ","85031","MARICOPA","Other","","","USDA","Maricopa (County, 2022)"
"Census Tract","04013093101","AZ","04013093101","=""04013093101""","51743","2020-2024","2022","Census","Two Brothers Market 1","5508 N 43rd Ave","","Glendale","AZ","85301","MARICOPA","Convenience Store","","","USDA","Maricopa (County, 2022)"
"Census Tract","04013109900","AZ","04013109900","=""04013109900""","70328","2020-2024","2022","Census","Walgreens 01272","5101 W Indian School Rd","","Phoenix","AZ","85031","MARICOPA","Other","","","USDA","Maricopa (County, 2022)"
"Census Tract","04013107001","AZ","04013107001","=""04013107001""","58406","2020-2024","2022","Census","Walgreens 05504","4249 W Glendale Ave","","Phoenix","AZ","85051","MARICOPA","Other","","","USDA","Maricopa (County, 2022)"
"Census Tract","04013109401","AZ","04013109401","=""04013109401""","55417","2020-2024","2022","Census","Walmart 5189","5250 W INDIAN SCHOOL RD","","PHOENIX","AZ","85031","MARICOPA","Super Store","","","USDA","Maricopa (County, 2022)"
"Census Tract","04013110002","AZ","04013110002","=""04013110002""","64583","2020-2024","2022","Census","Yass Convenience and More","4002 N 43rd Ave","","Phoenix","AZ","85031","MARICOPA","Convenience Store","","","USDA","Maricopa (County, 2022)"
"Census Tract","04013109300","AZ","04013109300","=""04013109300""","92321","2020-2024","2022","Census","McDonald's #36667","5050 W Indian School Rd","","Phoenix","AZ","85031","MARICOPA","Restaurant Meals Program","","","USDA","Maricopa (County, 2022)"
"Census Tract","04013092401","AZ","04013092401","=""04013092401""","53125","2020-2024","2022","Census","New Africa Supermarket Llc 4740","4734 W Glendale Ave","Ste 4740","Glendale","AZ","85301","MARICOPA","Grocery Store","","","USDA","Maricopa (County, 2022)"
"Census Tract","04013092402","AZ","04013092402","=""04013092402""","48179","2020-2024","2022","Census","Pizza Hut 26994","4322 W Glendale Ave","","Glendale","AZ","85301","MARICOPA","Restaurant Meals Program","","","USDA","Maricopa (County, 2022)"
"Census Tract","04013110100","AZ","04013110100","=""04013110100""","57302","2020-2024","2022","Census","QuikTrip 443","4275 W Indian School Rd","","Phoenix","AZ","85019","MARICOPA","Convenience Store","","","USDA","Maricopa (County, 2022)"
"Census Tract","04013093101","AZ","04013093101","=""04013093101""","51743","2020-2024","2022","Census","QuikTrip 456","5082 NW Grand Ave","","Glendale","AZ","85301","MARICOPA","Convenience Store","","","USDA","Maricopa (County, 2022)"
"Census Tract","04013109300","AZ","04013109300","=""04013109300""","92321","2020-2024","2022","Census","QuikTrip 488","4949 N 51st Ave","","Phoenix","AZ","85031","MARICOPA","Convenience Store","","","USDA","Maricopa (County, 2022)"
"Census Tract","04013093101","AZ","04013093101","=""04013093101""","51743","2020-2024","2022","Census","SUBWAY","5862 N 43rd Ave","","Glendale","AZ","85301","MARICOPA","Restaurant Meals Program","","","USDA","Maricopa (County, 2022)"
"Census Tract","04013104215","AZ","04013104215","=""04013104215""","97146","2020-2024","2022","Census","Shell 24","5904 W Greenway Rd","","Glendale","AZ","85306","MARICOPA","Convenience Store","","","USDA","Maricopa (County, 2022)"
"Census Tract","04013093106","AZ","04013093106","=""04013093106""","59896","2020-2024","2022","Census","Smokey Booze","5270 N 59th Ave","Ste 7","Glendale","AZ","85301","MARICOPA","Convenience Store","","","USDA","Maricopa (County, 2022)"
"Census Tract","04013110100","AZ","04013110100","=""04013110100""","57302","2020-2024","2022","Census","Star Stop Fast Go","3533 N 43rd Ave","","Phoenix","AZ","85031","MARICOPA","Convenience Store","","","USDA","Maricopa (County, 2022)"
"Census Tract","04013109300","AZ","04013109300","=""04013109300""","92321","2020-2024","2022","Census","Starcorp LLC dba Carls Jr 7567","4311 W Camelback Rd","","Phoenix","AZ","85031","MARICOPA","Restaurant Meals Program","","","USDA","Maricopa (County, 2022)"
"Census Tract","04013093104","AZ","04013093104","=""04013093104""","60116","2020-2024","2022","Census","Subway","5808 W Camelback Rd","","Glendale","AZ","85301","MARICOPA","Restaurant Meals Program","","","USDA","Maricopa (County, 2022)"
"Census Tract","04013617900","AZ","04013617900","=""04013617900""","55966","2020-2024","2022","Census","Subway #3478","5932 W Bell Rd","Ste D104","Glendale","AZ","85308","MARICOPA","Restaurant Meals Program","","","USDA","Maricopa (County, 2022)"
"Census Tract","04013618300","AZ","04013618300","=""04013618300""","95694","2020-2024","2022","Census","Subway 28756","17037 N 43rd Ave","Ste A9","Glendale","AZ","85308","MARICOPA","Restaurant Meals Program","","","USDA","Maricopa (County, 2022)"
"Census Tract","04013618000","AZ","04013618000","=""04013618000""","103275","2020-2024","2022","Census","Burger King # 25499","5120 W Bell Rd","","Glendale","AZ","85308","MARICOPA","Restaurant Meals Program","","","USDA","Maricopa (County, 2022)"
"Census Tract","04013109300","AZ","04013109300","=""04013109300""","92321","2020-2024","2022","Census","Burger King # 5749","4302 W Indian School Rd","","Phoenix","AZ","85031","MARICOPA","Restaurant Meals Program","","","USDA","Maricopa (County, 2022)"
"Census Tract","04013093104","AZ","04013093104","=""04013093104""","60116","2020-2024","2022","Census","Burger King #15518","5840 W Camelback Rd","","Glendale","AZ","85301","MARICOPA","Restaurant Meals Program","","","USDA","Maricopa (County, 2022)"
"Census Tract","04013092308","AZ","04013092308","=""04013092308""","74275","2020-2024","2022","Census","Burger King #3200","5090 W Olive Ave","","Glendale","AZ","85302","MARICOPA","Restaurant Meals Program","","","USDA","Maricopa (County, 2022)"
"Census Tract","04013104224","AZ","04013104224","=""04013104224""","86741","2020-2024","2022","Census","Burger King #3973","5841 W Thunderbird Rd","","Glendale","AZ","85306","MARICOPA","Restaurant Meals Program","","","USDA","Maricopa (County, 2022)"
"Census Tract","04013109900","AZ","04013109900","=""04013109900""","70328","2020-2024","2022","Census","CVS Pharmacy 6718","5835 W Indian School Rd","","Phoenix","AZ","85031","MARICOPA","Other","","","USDA","Maricopa (County, 2022)"
"Census Tract","04013092500","AZ","04013092500","=""04013092500""","53482","2020-2024","2022","Census","Carniceria Uruapan Llc","7011 N 55th Ave","","Glendale","AZ","85301","MARICOPA","Grocery Store","","","USDA","Maricopa (County, 2022)"
"Census Tract","04013093104","AZ","04013093104","=""04013093104""","60116","2020-2024","2022","Census","Chavelas Water Ice-cream Burgers","5630 W Camelback Rd","Ste 120R","Glendale","AZ","85301","MARICOPA","Restaurant Meals Program","","","USDA","Maricopa (County, 2022)"
"Census Tract","04013093104","AZ","04013093104","=""04013093104""","60116","2020-2024","2022","Census","Chavelas Water and Ice Cream Eatery","5630 W Camelback Rd  Unit #1","","Glendale","AZ","85301","MARICOPA","Restaurant Meals Program","","","USDA","Maricopa (County, 2022)"
"Census Tract","04013093105","AZ","04013093105","=""04013093105""","60117","2020-2024","2022","Census","Circle K 2701954","5907 W Bethany Home Rd","","Glendale","AZ","85301","MARICOPA","Convenience Store","","","USDA","Maricopa (County, 2022)"
"Census Tract","04013617900","AZ","04013617900","=""04013617900""","55966","2020-2024","2022","Census","Circle K 2701967","5902 W Bell Rd","","Glendale","AZ","85308","MARICOPA","Convenience Store","","","USDA","Maricopa (County, 2022)"
"Census Tract","04013092308","AZ","04013092308","=""04013092308""","74275","2020-2024","2022","Census","Circle K 2702875","9002 N 47th Ave","","Glendale","AZ","85302","MARICOPA","Convenience Store","","","USDA","Maricopa (County, 2022)"
"Census Tract","04013093104","AZ","04013093104","=""04013093104""","60116","2020-2024","2022","Census","Circle K 2703378","5880 W Camelback Rd","","Glendale","AZ","85301","MARICOPA","Convenience Store","","","USDA","Maricopa (County, 2022)"
"Census Tract","04013093001","AZ","04013093001","=""04013093001""","57755","2020-2024","2022","Census","Circle K 2703441","4303 W Glendale Ave","","Glendale","AZ","85301","MARICOPA","Convenience Store","","","USDA","Maricopa (County, 2022)"
"Census Tract","04013092307","AZ","04013092307","=""04013092307""","58875","2020-2024","2022","Census","Circle K 2703448","5155 W Olive Ave","","Glendale","AZ","85302","MARICOPA","Convenience Store","","","USDA","Maricopa (County, 2022)"
"Census Tract","04013104204","AZ","04013104204","=""04013104204""","98487","2020-2024","2022","Census","Circle K 2703735","4301 W Cactus Rd","","Glendale","AZ","85304","MARICOPA","Convenience Store","","","USDA","Maricopa (County, 2022)"
"Census Tract","04013092306","AZ","04013092306","=""04013092306""","84521","2020-2024","2022","Census","Circle K 2706657","5848 W Olive Ave","","Glendale","AZ","85302","MARICOPA","Convenience Store","","","USDA","Maricopa (County, 2022)"
"Census Tract","04013104224","AZ","04013104224","=""04013104224""","86741","2020-2024","2022","Census","Circle K 2706658","5881 W Cactus Rd","","Glendale","AZ","85304","MARICOPA","Convenience Store","","","USDA","Maricopa (County, 2022)"
"Census Tract","04013109401","AZ","04013109401","=""04013109401""","55417","2020-2024","2022","Census","Circle K 2708827","5850 W Indian School Rd","","Phoenix","AZ","85031","MARICOPA","Convenience Store","","","USDA","Maricopa (County, 2022)"
"Census Tract","04013093106","AZ","04013093106","=""04013093106""","59896","2020-2024","2022","Census","Inyambo New African Market","5270 N 59th Ave","Ste 1","Glendale","AZ","85301","MARICOPA","Grocery Store","","","USDA","Maricopa (County, 2022)"
"Census Tract","04013104203","AZ","04013104203","=""04013104203""","85948","2020-2024","2022","Census","Jack in The Box #1100","10621 N 43rd Ave.","","Phoenix","AZ","85029","MARICOPA","Restaurant Meals Program","","","USDA","Maricopa (County, 2022)"
"Census Tract","04013093104","AZ","04013093104","=""04013093104""","60116","2020-2024","2022","Census","Jack in The Box #117","5145 N 59th Ave","","Glendale","AZ","85301","MARICOPA","Restaurant Meals Program","","","USDA","Maricopa (County, 2022)"
"Census Tract","04013093101","AZ","04013093101","=""04013093101""","51743","2020-2024","2022","Census","Jack in The Box #1184","4305 W Bethany Home Rd","","Glendale","AZ","85301","MARICOPA","Restaurant Meals Program","","","USDA","Maricopa (County, 2022)"
"Census Tract","04013092900","AZ","04013092900","=""04013092900""","46225","2020-2024","2022","Census","Jack in The Box #125","5447 W Glendale Ave","","Glendale","AZ","85301","MARICOPA","Restaurant Meals Program","","","USDA","Maricopa (County, 2022)"
"Census Tract","04013107102","AZ","04013107102","=""04013107102""","59151","2020-2024","2022","Census","Jimmies Market 1","5127 N 43rd Ave","","Phoenix","AZ","85019","MARICOPA","Convenience Store","","","USDA","Maricopa (County, 2022)"
"Census Tract","04013109401","AZ","04013109401","=""04013109401""","55417","2020-2024","2022","Census","Kwik Corner 5402","5402 W Indian School Rd","","Phoenix","AZ","85031","MARICOPA","Convenience Store","","","USDA","Maricopa (County, 2022)"
"Census Tract","04013109300","AZ","04013109300","=""04013109300""","92321","2020-2024","2022","Census","La Calidad Meat Market","4344 W Indian School Rd","Ste 25","Phoenix","AZ","85031","MARICOPA","Specialty Store","","","USDA","Maricopa (County, 2022)"
"Census Tract","04013105701","AZ","04013105701","=""04013105701""","69079","2020-2024","2022","Census","La Panamericana.","8925 N 43rd Ave","Ste 5","Phoenix","AZ","85051","MARICOPA","Other","","","USDA","Maricopa (County, 2022)"
"Census Tract","04013092309","AZ","04013092309","=""04013092309""","98380","2020-2024","2022","Census","Lakay Caribbean Market","5008 W Northern Ave","Ste 5","Glendale","AZ","85301","MARICOPA","Grocery Store","","","USDA","Maricopa (County, 2022)"
"Census Tract","04013092600","AZ","04013092600","=""04013092600""","53846","2020-2024","2022","Census","Lohit Enterprises LLC","7938 N 59th Ave","","Glendale","AZ","85301","MARICOPA","Convenience Store","","","USDA","Maricopa (County, 2022)"
"Census Tract","04013105701","AZ","04013105701","=""04013105701""","69079","2020-2024","2022","Census","Lolas African Variety Store","8021 N 43rd Ave","Ste 8B","Phoenix","AZ","85051","MARICOPA","Other","","","USDA","Maricopa (County, 2022)"
"Census Tract","04013107001","AZ","04013107001","=""04013107001""","58406","2020-2024","2022","Census","Lucky's Favor African Market","6220 N 43rd Ave","","Glendale","AZ","85301","MARICOPA","Grocery Store","","","USDA","Maricopa (County, 2022)"
"Census Tract","04013093104","AZ","04013093104","=""04013093104""","60116","2020-2024","2022","Census","Mariscos Vuelve A La Vida 2","5630 W Camelback Rd","Ste 101","Glendale","AZ","85301","MARICOPA","Grocery Store","","","USDA","Maricopa (County, 2022)"
"Census Tract","04013093104","AZ","04013093104","=""04013093104""","60116","2020-2024","2022","Census","Maryvale Market & Deli","5510 W Camelback Rd","Ste 1","Glendale","AZ","85301","MARICOPA","Convenience Store","","","USDA","Maricopa (County, 2022)"
"Census Tract","04013092802","AZ","04013092802","=""04013092802""","53444","2020-2024","2022","Census","McDonald's #22738","6002 N 59th Ave","","Glendale","AZ","85301","MARICOPA","Restaurant Meals Program","","","USDA","Maricopa (County, 2022)"
"Census Tract","04013093001","AZ","04013093001","=""04013093001""","57755","2020-2024","2022","Census","43rd Ave Mini Mart","6520 N 43rd Ave","","Glendale","AZ","85301","MARICOPA","Convenience Store","","","USDA","Maricopa (County, 2022)"
"Census Tract","04013092900","AZ","04013092900","=""04013092900""","46225","2020-2024","2022","Census","A1 Food Store","6505 N 59th Ave","","Glendale","AZ","85301","MARICOPA","Convenience Store","","","USDA","Maricopa (County, 2022)"
"Census Tract","04013092900","AZ","04013092900","=""04013092900""","46225","2020-2024","2022","Census","AAA Food Store","5105 W Glendale Ave","","Glendale","AZ","85301","MARICOPA","Convenience Store","","","USDA","Maricopa (County, 2022)"
"Census Tract","04013093106","AZ","04013093106","=""04013093106""","59896","2020-2024","2022","Census","AZ Karen-Asian Market","5270 N 59th Ave","Ste 16","Glendale","AZ","85301","MARICOPA","Grocery Store","","","USDA","Maricopa (County, 2022)"
"Census Tract","04013093001","AZ","04013093001","=""04013093001""","57755","2020-2024","2022","Census","Ahadi African Market","6445 N 51st Ave","Ste 105","Glendale","AZ","85301","MARICOPA","Grocery Store","","","USDA","Maricopa (County, 2022)"
"Census Tract","04013104204","AZ","04013104204","=""04013104204""","98487","2020-2024","2022","Census","Albertsons 3941","5040 W Cactus Rd","","Glendale","AZ","85304","MARICOPA","Supermarket","","","USDA","Maricopa (County, 2022)"
"Census Tract","04013107101","AZ","04013107101","=""04013107101""","94052","2020-2024","2022","Census","Arco Am/pm Store","4245 W Bethany Home Rd","","Phoenix","AZ","85019","MARICOPA","Convenience Store","","","USDA","Maricopa (County, 2022)"
"Census Tract","04013109402","AZ","04013109402","=""04013109402""","83173","2020-2024","2022","Census","Arco Ampm 42460","5105 W Camelback Rd","","Phoenix","AZ","85031","MARICOPA","Convenience Store","","","USDA","Maricopa (County, 2022)"
"Census Tract","04013107001","AZ","04013107001","=""04013107001""","58406","2020-2024","2022","Census","Ark Asian Mart Llc","6023 N 43rd Ave","","Phoenix","AZ","85019","MARICOPA","Convenience Store","","","USDA","Maricopa (County, 2022)"
"Census Tract","04013092402","AZ","04013092402","=""04013092402""","48179","2020-2024","2022","Census","BURGER KING 2303","4422 W Glendale Ave","","Glendale","AZ","85301","MARICOPA","Restaurant Meals Program","","","USDA","Maricopa (County, 2022)"
"Census Tract","04013093002","AZ","04013093002","=""04013093002""","67027","2020-2024","2022","Census","Baraka African Market Llc","5060 W Bethany Home Rd","Ste 17","Glendale","AZ","85301","MARICOPA","Grocery Store","","","USDA","Maricopa (County, 2022)"
"Census Tract","04013093101","AZ","04013093101","=""04013093101""","51743","2020-2024","2022","Census","Benchris African & Carribean Market","5532 N 43rd Ave","","Glendale","AZ","85301","MARICOPA","Other","","","USDA","Maricopa (County, 2022)"
"Census Tract","04013092802","AZ","04013092802","=""04013092802""","53444","2020-2024","2022","Census","Bengal Mart","6114 N 59th Ave","Ste 8","Glendale","AZ","85301","MARICOPA","Other","","","USDA","Maricopa (County, 2022)"
"Census Tract","04013109900","AZ","04013109900","=""04013109900""","70328","2020-2024","2022","Census","El Super 8","5127 W Indian School Rd","","Phoenix","AZ","85031","MARICOPA","Supermarket","","","USDA","Maricopa (County, 2022)"
"Census Tract","04013093101","AZ","04013093101","=""04013093101""","51743","2020-2024","2022","Census","FRY'S 10","4353 W Bethany Home Rd","","Glendale","AZ","85301","MARICOPA","Super Store","","","USDA","Maricopa (County, 2022)"
"Census Tract","04013092402","AZ","04013092402","=""04013092402""","48179","2020-2024","2022","Census","FRY'S 136","4329 W Northern Ave","","Glendale","AZ","85301","MARICOPA","Super Store","","","USDA","Maricopa (County, 2022)"
"Census Tract","04013092306","AZ","04013092306","=""04013092306""","84521","2020-2024","2022","Census","FRY'S 26","5116 W Olive Ave","","Glendale","AZ","85302","MARICOPA","Super Store","","","USDA","Maricopa (County, 2022)"
"Census Tract","04013104225","AZ","04013104225","=""04013104225""","106417","2020-2024","2022","Census","FRY'S 28","4315 W Bell Rd","","Glendale","AZ","85308","MARICOPA","Super Store","","","USDA","Maricopa (County, 2022)"
"Census Tract","04013104224","AZ","04013104224","=""04013104224""","86741","2020-2024","2022","Census","FRY'S 6","5771 W Thunderbird Rd","","Glendale","AZ","85306","MARICOPA","Super Store","","","USDA","Maricopa (County, 2022)"
"Census Tract","04013093101","AZ","04013093101","=""04013093101""","51743","2020-2024","2022","Census","Family Dollar 10071","5846 N 43rd Ave","","Glendale","AZ","85301","MARICOPA","Other","","","USDA","Maricopa (County, 2022)"
"Census Tract","04013093104","AZ","04013093104","=""04013093104""","60116","2020-2024","2022","Census","Family Dollar 11184","5435 N 59th Ave","","Glendale","AZ","85301","MARICOPA","Other","","","USDA","Maricopa (County, 2022)"
"Census Tract","04013093001","AZ","04013093001","=""04013093001""","57755","2020-2024","2022","Census","Family Dollar 12211","6895 N 44th Ave","","Glendale","AZ","85301","MARICOPA","Other","","","USDA","Maricopa (County, 2022)"
"Census Tract","04013092802","AZ","04013092802","=""04013092802""","53444","2020-2024","2022","Census","Family Dollar Store 3692","6420 N 59th Ave","","Glendale","AZ","85301","MARICOPA","Other","","","USDA","Maricopa (County, 2022)"
"Census Tract","04013092900","AZ","04013092900","=""04013092900""","46225","2020-2024","2022","Census","Federicos Restaurant","6631 N 59th Ave","","Glendale","AZ","85301","MARICOPA","Restaurant Meals Program","","","USDA","Maricopa (County, 2022)"
"Census Tract","04013092802","AZ","04013092802","=""04013092802""","53444","2020-2024","2022","Census","Food City 142","6020 N 59th Ave","","Glendale","AZ","85301","MARICOPA","Super Store","","","USDA","Maricopa (County, 2022)"
"Census Tract","04013107001","AZ","04013107001","=""04013107001""","58406","2020-2024","2022","Census","Fresh Meat & Discount Store","6128 N 43rd Ave","","Glendale","AZ","85301","MARICOPA","Specialty Store","","","USDA","Maricopa (County, 2022)"
"Census Tract","04013092900","AZ","04013092900","=""04013092900""","46225","2020-2024","2022","Census","Glendale Seafood Supermarket Inc.","5127 W Glendale Ave","","Glendale","AZ","85301","MARICOPA","Supermarket","","","USDA","Maricopa (County, 2022)"
"Census Tract","04013110002","AZ","04013110002","=""04013110002""","64583","2020-2024","2022","Census","Grand Stop 3 Inc","4039 N 51st Ave","","Phoenix","AZ","85031","MARICOPA","Convenience Store","","","USDA","Maricopa (County, 2022)"
"Census Tract","04013093002","AZ","04013093002","=""04013093002""","67027","2020-2024","2022","Census","HAPPY MARKET","6425 N 47th Ave","","Glendale","AZ","85301","MARICOPA","Convenience Store","","","USDA","Maricopa (County, 2022)"
"Census Tract","04013092500","AZ","04013092500","=""04013092500""","53482","2020-2024","2022","Census","DOLLARTREE 10500","5340 W Glendale Ave","","Glendale","AZ","85301","MARICOPA","Other","","","USDA","Maricopa (County, 2022)"
"Census Tract","04013107102","AZ","04013107102","=""04013107102""","59151","2020-2024","2022","Census","Dannys Deli","4202 W Camelback Rd","Ste 1","Phoenix","AZ","85019","MARICOPA","Convenience Store","","","USDA","Maricopa (County, 2022)"
"Census Tract","04013092308","AZ","04013092308","=""04013092308""","74275","2020-2024","2022","Census","Denny's #6356","4303 W Peoria Ave","","Glendale","AZ","85302","MARICOPA","Restaurant Meals Program","","","USDA","Maricopa (County, 2022)"
"Census Tract","04013109401","AZ","04013109401","=""04013109401""","55417","2020-2024","2022","Census","Denny's 6372","4120 N 51st Ave","","Phoenix","AZ","85031","MARICOPA","Restaurant Meals Program","","","USDA","Maricopa (County, 2022)"
"Census Tract","04013104224","AZ","04013104224","=""04013104224""","86741","2020-2024","2022","Census","Denny's 6669","5161 W Thunderbird Rd","","Glendale","AZ","85306","MARICOPA","Restaurant Meals Program","","","USDA","Maricopa (County, 2022)"
"Census Tract","04013109900","AZ","04013109900","=""04013109900""","70328","2020-2024","2022","Census","Dollar Tree 2623","5235 W Indian School Rd","","Phoenix","AZ","85031","MARICOPA","Other","","","USDA","Maricopa (County, 2022)"
"Census Tract","04013092308","AZ","04013092308","=""04013092308""","74275","2020-2024","2022","Census","Dollar Tree 4471","5012 W Olive Ave","","Glendale","AZ","85302","MARICOPA","Other","","","USDA","Maricopa (County, 2022)"
"Census Tract","04013093106","AZ","04013093106","=""04013093106""","59896","2020-2024","2022","Census","EASY STOP CONVENIENCE STORE","5430 N 59th Ave","","Glendale","AZ","85301","MARICOPA","Convenience Store","","","USDA","Maricopa (County, 2022)"
"Census Tract","04013107002","AZ","04013107002","=""04013107002""","87824","2020-2024","2022","Census","Taco Bell #141","3517 W Glendale Ave","","Phoenix","AZ","85051","MARICOPA","Restaurant Meals Program","","","USDA","Maricopa (County, 2022)"
"Census Tract","04013109001","AZ","04013109001","=""04013109001""","53856","2020-2024","2022","Census","Taqueria La Korita LLC","4131 N 27th Ave","","Phoenix","AZ","85017","MARICOPA","Restaurant Meals Program","","","USDA","Maricopa (County, 2022)"
"Census Tract","04013108501","AZ","04013108501","=""04013108501""","80395","2020-2024","2022","Census","Target 3261","1625 E Camelback Rd","","Phoenix","AZ","85016","MARICOPA","Super Store","","","USDA","Maricopa (County, 2022)"
"Census Tract","04013107404","AZ","04013107404","=""04013107404""","28098","2020-2024","2022","Census","Target Store T-2354","5715 N 19th Ave","","Phoenix","AZ","85015","MARICOPA","Super Store","","","USDA","Maricopa (County, 2022)"
"Census Tract","04013107101","AZ","04013107101","=""04013107101""","94052","2020-2024","2022","Census","Teana Boba Tea Cafe","3503 W Bethany Home Rd","","Phoenix","AZ","85019","MARICOPA","Restaurant Meals Program","","","USDA","Maricopa (County, 2022)"
"Census Tract","04013106600","AZ","04013106600","=""04013106600""","145682","2020-2024","2022","Census","The Kosher Canyon Shop 1","6516 N 7th St","","Phoenix","AZ","85014","MARICOPA","Grocery Store","","","USDA","Maricopa (County, 2022)"
"Census Tract","04013109003","AZ","04013109003","=""04013109003""","48209","2020-2024","2022","Census","Tienda Centroamericana","4424 N 19th Ave","","Phoenix","AZ","85015","MARICOPA","Convenience Store","","","USDA","Maricopa (County, 2022)"
"Census Tract","04013108502","AZ","04013108502","=""04013108502""","104336","2020-2024","2022","Census","Trader Joe's 90","4821 N 20th St","","Phoenix","AZ","85016","MARICOPA","Supermarket","","","USDA","Maricopa (County, 2022)"
"Census Tract","04013108601","AZ","04013108601","=""04013108601""","53700","2020-2024","2022","Census","Turney Neighborhood Market 1","710 E Turney Ave","","Phoenix","AZ","85014","MARICOPA","Convenience Store","","","USDA","Maricopa (County, 2022)"
"Census Tract","04013107500","AZ","04013107500","=""04013107500""","113136","2020-2024","2022","Census","Uptown Farmers Market","5757 N Central Ave","","Phoenix","AZ","85012","MARICOPA","Farmers and Markets","","","USDA","Maricopa (County, 2022)"
"Census Tract","04013110501","AZ","04013110501","=""04013110501""","50333","2020-2024","2022","Census","Vitamin Cottage Natural Food Market U115","655 W Indian School Rd","","Phoenix","AZ","85013","MARICOPA","Supermarket","","","USDA","Maricopa (County, 2022)"
"Census Tract","04013108601","AZ","04013108601","=""04013108601""","53700","2020-2024","2022","Census","WBF AZ LLC McDonalds 7816","926 E Indian School Rd","","Phoenix","AZ","85014","MARICOPA","Restaurant Meals Program","","","USDA","Maricopa (County, 2022)"
"Census Tract","04013106300","AZ","04013106300","=""04013106300""","112806","2020-2024","2022","Census","Walgreens 02851","7000 N 16th St","Ste 100","Phoenix","AZ","85020","MARICOPA","Other","","","USDA","Maricopa (County, 2022)"
"Census Tract","04013106703","AZ","04013106703","=""04013106703""","103581","2020-2024","2022","Census","Walgreens 06063","1825 W Bethany Home Rd","","Phoenix","AZ","85015","MARICOPA","Other","","","USDA","Maricopa (County, 2022)"
"Census Tract","04013107601","AZ","04013107601","=""04013107601""","52308","2020-2024","2022","Census","Walgreens 06527","710 E Camelback Rd","","Phoenix","AZ","85014","MARICOPA","Other","","","USDA","Maricopa (County, 2022)"
"Census Tract","04013110501","AZ","04013110501","=""04013110501""","50333","2020-2024","2022","Census","Walgreens 3464","3402 N Central Ave","","Phoenix","AZ","85012","MARICOPA","Other","","","USDA","Maricopa (County, 2022)"
"Census Tract","04013108400","AZ","04013108400","=""04013108400""","92079","2020-2024","2022","Census","Walgreens 4722","4111 N 24th St","","Phoenix","AZ","85016","MARICOPA","Other","","","USDA","Maricopa (County, 2022)"
"Census Tract","04013108200","AZ","04013108200","=""04013108200""","119514","2020-2024","2022","Census","Walgreens 5938","4134 N 44th St","","Phoenix","AZ","85018","MARICOPA","Other","","","USDA","Maricopa (County, 2022)"
"Census Tract","04013106600","AZ","04013106600","=""04013106600""","145682","2020-2024","2022","Census","Walgreens 7018","6838 N 7th St","","Phoenix","AZ","85014","MARICOPA","Other","","","USDA","Maricopa (County, 2022)"
"Census Tract","04013106703","AZ","04013106703","=""04013106703""","103581","2020-2024","2022","Census","Walmart 2113","1607 W Bethany Home Rd","","Phoenix","AZ","85015","MARICOPA","Super Store","","","USDA","Maricopa (County, 2022)"
"Census Tract","04013106900","AZ","04013106900","=""04013106900""","73382","2020-2024","2022","Census","Walmart 5330","6145 N 35TH AVE","","PHOENIX","AZ","85017","MARICOPA","Super Store","","","USDA","Maricopa (County, 2022)"
"Census Tract","04013108502","AZ","04013108502","=""04013108502""","104336","2020-2024","2022","Census","Whole Foods Market 10476","4701 N 20th St","","Phoenix","AZ","85016","MARICOPA","Super Store","","","USDA","Maricopa (County, 2022)"
"Census Tract","04013110801","AZ","04013110801","=""04013110801""","72371","2020-2024","2022","Census","McDonald's #37926","3155 E Indian School Rd","","Phoenix","AZ","85016","MARICOPA","Restaurant Meals Program","","","USDA","Maricopa (County, 2022)"
"Census Tract","04013108602","AZ","04013108602","=""04013108602""","58936","2020-2024","2022","Census","Mini Mart 4644","4644 N 12th St","","Phoenix","AZ","85014","MARICOPA","Convenience Store","","","USDA","Maricopa (County, 2022)"
"Census Tract","04013117000","AZ","04013117000","=""04013117000""","55032","2020-2024","2022","Census","Naj Eddy's Tobacco Llc","3338 N 19th Ave","","Phoenix","AZ","85015","MARICOPA","Convenience Store","","","USDA","Maricopa (County, 2022)"
"Census Tract","04013108901","AZ","04013108901","=""04013108901""","76575","2020-2024","2022","Census","One Love Cafe","4115 N 19th Ave","","Phoenix","AZ","85015","MARICOPA","Restaurant Meals Program","","","USDA","Maricopa (County, 2022)"
"Census Tract","04013106300","AZ","04013106300","=""04013106300""","112806","2020-2024","2022","Census","Papa Johns #1651","7040 N 16th St","","Phoenix","AZ","85020","MARICOPA","Restaurant Meals Program","","","USDA","Maricopa (County, 2022)"
"Census Tract","04013107300","AZ","04013107300","=""04013107300""","83750","2020-2024","2022","Census","Peterson African Market 1","2647 W Bethany Home Rd","","Phoenix","AZ","85017","MARICOPA","Other","","","USDA","Maricopa (County, 2022)"
"Census Tract","04013110400","AZ","04013110400","=""04013110400""","90556","2020-2024","2022","Census","Pizza Hut #26984","1839 W Indian School Rd","","Phoenix","AZ","85015","MARICOPA","Restaurant Meals Program","","","USDA","Maricopa (County, 2022)"
"Census Tract","04013109001","AZ","04013109001","=""04013109001""","53856","2020-2024","2022","Census","Quick Corner","4435 N 27th Ave","","Phoenix","AZ","85017","MARICOPA","Convenience Store","","","USDA","Maricopa (County, 2022)"
"Census Tract","04013107002","AZ","04013107002","=""04013107002""","87824","2020-2024","2022","Census","QuikTrip 1411","3605 W Glendale Ave","","Phoenix","AZ","85051","MARICOPA","Convenience Store","","","USDA","Maricopa (County, 2022)"
"Census Tract","04013106802","AZ","04013106802","=""04013106802""","83427","2020-2024","2022","Census","QuikTrip 418","2009 W Glendale Ave","","Phoenix","AZ","85021","MARICOPA","Convenience Store","","","USDA","Maricopa (County, 2022)"
"Census Tract","04013110801","AZ","04013110801","=""04013110801""","72371","2020-2024","2022","Census","QuikTrip 425","2941 E Indian School Rd","","Phoenix","AZ","85016","MARICOPA","Convenience Store","","","USDA","Maricopa (County, 2022)"
"Census Tract","04013108501","AZ","04013108501","=""04013108501""","80395","2020-2024","2022","Census","QuikTrip 435","1610 E Highland Ave","","Phoenix","AZ","85016","MARICOPA","Convenience Store","","","USDA","Maricopa (County, 2022)"
"Census Tract","04013110501","AZ","04013110501","=""04013110501""","50333","2020-2024","2022","Census","QuikTrip 440","321 W Indian School Rd","","Phoenix","AZ","85013","MARICOPA","Convenience Store","","","USDA","Maricopa (County, 2022)"
"Census Tract","04013109001","AZ","04013109001","=""04013109001""","53856","2020-2024","2022","Census","QuikTrip 461","2535 W Camelback Rd","","Phoenix","AZ","85017","MARICOPA","Convenience Store","","","USDA","Maricopa (County, 2022)"
"Census Tract","04013108902","AZ","04013108902","=""04013108902""","51617","2020-2024","2022","Census","RALLY'S HAMBURGERS   4209","1345 W CAMELBACK RD","","PHOENIX","AZ","85013","MARICOPA","Restaurant Meals Program","","","USDA","Maricopa (County, 2022)"
"Census Tract","04013106300","AZ","04013106300","=""04013106300""","112806","2020-2024","2022","Census","SAFEWAY  1515","810 E Glendale Ave","","Phoenix","AZ","85020","MARICOPA","Supermarket","","","USDA","Maricopa (County, 2022)"
"Census Tract","04013110501","AZ","04013110501","=""04013110501""","50333","2020-2024","2022","Census","SAFEWAY  174","520 W Osborn Rd","","Phoenix","AZ","85013","MARICOPA","Supermarket","","","USDA","Maricopa (County, 2022)"
"Census Tract","04013107800","AZ","04013107800","=""04013107800""","98929","2020-2024","2022","Census","SAFEWAY 2042","3132 E Camelback Rd","","Phoenix","AZ","85016","MARICOPA","Supermarket","","","USDA","Maricopa (County, 2022)"
"Census Tract","04013108200","AZ","04013108200","=""04013108200""","119514","2020-2024","2022","Census","SAFEWAY 2716","4750 E Indian School Rd","","Phoenix","AZ","85018","MARICOPA","Supermarket","","","USDA","Maricopa (County, 2022)"
"Census Tract","04013106900","AZ","04013106900","=""04013106900""","73382","2020-2024","2022","Census","SIMON XPRESS PIZZA LLC HUNGRY HOWIES 1845","3220 WEST BETHANY HOME ROAD","","PHOENIX","AZ","85017","MARICOPA","Restaurant Meals Program","","","USDA","Maricopa (County, 2022)"
"Census Tract","04013110801","AZ","04013110801","=""04013110801""","72371","2020-2024","2022","Census","SMART & FINAL 491","2742 E Indian School Rd","","Phoenix","AZ","85016","MARICOPA","Super Store","","","USDA","Maricopa (County, 2022)"
"Census Tract","04013108200","AZ","04013108200","=""04013108200""","119514","2020-2024","2022","Census","SUBWAY 13541","4340 E INDIAN SCHOOL ROAD","#7","PHOENIX","AZ","85018","MARICOPA","Restaurant Meals Program","","","USDA","Maricopa (County, 2022)"
"Census Tract","04013109101","AZ","04013109101","=""04013109101""","70691","2020-2024","2022","Census","SUPER CARNICERIA LOS PINOS 2","4832 N 27th Ave","","Phoenix","AZ","85017","MARICOPA","Supermarket","","","USDA","Maricopa (County, 2022)"
"Census Tract","04013109003","AZ","04013109003","=""04013109003""","48209","2020-2024","2022","Census","Shamrock Foodservice Warehouse 550","2430 W Indian School Rd","","Phoenix","AZ","85015","MARICOPA","Super Store","","","USDA","Maricopa (County, 2022)"
"Census Tract","04013106900","AZ","04013106900","=""04013106900""","73382","2020-2024","2022","Census","Shop N'1 Llc","3455 W Glendale Ave","","Phoenix","AZ","85051","MARICOPA","Convenience Store","","","USDA","Maricopa (County, 2022)"
"Census Tract","04013105800","AZ","04013105800","=""04013105800""","89500","2020-2024","2022","Census","Shwe Mitharsu Asian Mart","7110 N 35th Ave","","Phoenix","AZ","85051","MARICOPA","Grocery Store","","","USDA","Maricopa (County, 2022)"
"Census Tract","04013107300","AZ","04013107300","=""04013107300""","83750","2020-2024","2022","Census","Sohana Five Llc","2341 W Bethany Home Rd","","Phoenix","AZ","85015","MARICOPA","Convenience Store","","","USDA","Maricopa (County, 2022)"
"Census Tract","04013106400","AZ","04013106400","=""04013106400""","94091","2020-2024","2022","Census","Sprouts Farmers Market 17","1625 E Glendale Ave","","Phoenix","AZ","85020","MARICOPA","Supermarket","","","USDA","Maricopa (County, 2022)"
"Census Tract","04013110400","AZ","04013110400","=""04013110400""","90556","2020-2024","2022","Census","Sprouts Farmers Market 41","3320 N 7th Ave","","Phoenix","AZ","85013","MARICOPA","Supermarket","","","USDA","Maricopa (County, 2022)"
"Census Tract","04013108400","AZ","04013108400","=""04013108400""","92079","2020-2024","2022","Census","Sprouts Farmers Market 8","2824 E Indian School Rd","Ste 126","Phoenix","AZ","85016","MARICOPA","Supermarket","","","USDA","Maricopa (County, 2022)"
"Census Tract","04013107404","AZ","04013107404","=""04013107404""","28098","2020-2024","2022","Census","Starcorp LLC dba Carls Jr 7762","1753 W Bethany Home Rd","","Phoenix","AZ","85015","MARICOPA","Restaurant Meals Program","","","USDA","Maricopa (County, 2022)"
"Census Tract","04013110701","AZ","04013110701","=""04013110701""","65481","2020-2024","2022","Census","Stop & Shop 1","3345 N 16th St","","Phoenix","AZ","85016","MARICOPA","Convenience Store","","","USDA","Maricopa (County, 2022)"
"Census Tract","04013107102","AZ","04013107102","=""04013107102""","59151","2020-2024","2022","Census","Subway #10923","5020 N 35th Ave","Ste 102","Phoenix","AZ","85017","MARICOPA","Restaurant Meals Program","","","USDA","Maricopa (County, 2022)"
"Census Tract","04013106802","AZ","04013106802","=""04013106802""","83427","2020-2024","2022","Census","Subway #20555","2316 W Bethany Home Rd","Ste 113","Phoenix","AZ","85015","MARICOPA","Restaurant Meals Program","","","USDA","Maricopa (County, 2022)"
"Census Tract","04013108501","AZ","04013108501","=""04013108501""","80395","2020-2024","2022","Census","Subway #21128","4811 N 16th St","","Phoenix","AZ","85016","MARICOPA","Restaurant Meals Program","","","USDA","Maricopa (County, 2022)"
"Census Tract","04013107601","AZ","04013107601","=""04013107601""","52308","2020-2024","2022","Census","Subway 10740","5555 North 7th st","Ste 124","Phoenix","AZ","85014","MARICOPA","Restaurant Meals Program","","","USDA","Maricopa (County, 2022)"
"Census Tract","04013106400","AZ","04013106400","=""04013106400""","94091","2020-2024","2022","Census","Subway 12331","6825 N 16th St","Ste A6","Phoenix","AZ","85016","MARICOPA","Restaurant Meals Program","","","USDA","Maricopa (County, 2022)"
"Census Tract","04013106701","AZ","04013106701","=""04013106701""","44224","2020-2024","2022","Census","Subway 24754","6805 N 19th Ave","Ste 125","Phoenix","AZ","85015","MARICOPA","Restaurant Meals Program","","","USDA","Maricopa (County, 2022)"
"Census Tract","04013106300","AZ","04013106300","=""04013106300""","112806","2020-2024","2022","Census","Subway 27187","742 E Glendale Ave","Ste 21-112","Phoenix","AZ","85020","MARICOPA","Restaurant Meals Program","","","USDA","Maricopa (County, 2022)"
"Census Tract","04013110400","AZ","04013110400","=""04013110400""","90556","2020-2024","2022","Census","Buzz In Buzz Out 1","1501 W Indian School Rd","","Phoenix","AZ","85015","MARICOPA","Convenience Store","","","USDA","Maricopa (County, 2022)"
"Census Tract","04013106802","AZ","04013106802","=""04013106802""","83427","2020-2024","2022","Census","CIRCLE K 2709580","2440 W Bethany Home Rd","","Phoenix","AZ","85015","MARICOPA","Convenience Store","","","USDA","Maricopa (County, 2022)"
"Census Tract","04013110702","AZ","04013110702","=""04013110702""","63886","2020-2024","2022","Census","CK Food Mart","1949 E Osborn Rd","","Phoenix","AZ","85016","MARICOPA","Convenience Store","","","USDA","Maricopa (County, 2022)"
"Census Tract","04013110600","AZ","04013110600","=""04013110600""","70331","2020-2024","2022","Census","CVS Pharmacy 2963","711 E Indian School Rd","","Phoenix","AZ","85014","MARICOPA","Other","","","USDA","Maricopa (County, 2022)"
"Census Tract","04013117000","AZ","04013117000","=""04013117000""","55032","2020-2024","2022","Census","CVS Pharmacy 5778","4040 N 19th Ave","","Phoenix","AZ","85015","MARICOPA","Other","","","USDA","Maricopa (County, 2022)"
"Census Tract","04013107700","AZ","04013107700","=""04013107700""","82055","2020-2024","2022","Census","CVS Pharmacy 8366","1610 E Camelback Rd","","Phoenix","AZ","85016","MARICOPA","Other","","","USDA","Maricopa (County, 2022)"
"Census Tract","04013108200","AZ","04013108200","=""04013108200""","119514","2020-2024","2022","Census","CVS Pharmacy 9202","4742 E Indian School Rd","","Phoenix","AZ","85018","MARICOPA","Other","","","USDA","Maricopa (County, 2022)"
"Census Tract","04013106600","AZ","04013106600","=""04013106600""","145682","2020-2024","2022","Census","CVS Pharmacy 9297","6002 N 7th St","","Phoenix","AZ","85014","MARICOPA","Other","","","USDA","Maricopa (County, 2022)"
"Census Tract","04013105900","AZ","04013105900","=""04013105900""","69342","2020-2024","2022","Census","CVS Pharmacy 9314","3440 W Glendale Ave","","Phoenix","AZ","85051","MARICOPA","Other","","","USDA","Maricopa (County, 2022)"
"Census Tract","04013107102","AZ","04013107102","=""04013107102""","59151","2020-2024","2022","Census","CVS Pharmacy CVS11478","3502 W Camelback Rd","","Phoenix","AZ","85019","MARICOPA","Other","","","USDA","Maricopa (County, 2022)"
"Census Tract","04013108301","AZ","04013108301","=""04013108301""","128283","2020-2024","2022","Census","CVS/PHARMACY 10920","3933 E Camelback Rd","SUITE 220","Phoenix","AZ","85018","MARICOPA","Other","","","USDA","Maricopa (County, 2022)"
"Census Tract","04013109001","AZ","04013109001","=""04013109001""","53856","2020-2024","2022","Census","CamelBack Market No","4805 N 27th Ave","","Phoenix","AZ","85017","MARICOPA","Convenience Store","","","USDA","Maricopa (County, 2022)"
"Census Tract","04013109002","AZ","04013109002","=""04013109002""","52974","2020-2024","2022","Census","Carniceria Los Reyes 3 Llc 3","1925 W Camelback Rd","","Phoenix","AZ","85015","MARICOPA","Grocery Store","","","USDA","Maricopa (County, 2022)"
"Census Tract","04013107102","AZ","04013107102","=""04013107102""","59151","2020-2024","2022","Census","Carniceria Y Taqueria Sinaloa #3 LLC","3650 W Camelback","#11 - #14","Phoenix","AZ","85019","MARICOPA","Grocery Store","","","USDA","Maricopa (County, 2022)"
"Census Tract","04013108902","AZ","04013108902","=""04013108902""","51617","2020-2024","2022","Census","Cell Repair & Smoke-Vape Shop","4831 N 15th Ave","","Phoenix","AZ","85015","MARICOPA","Convenience Store","","","USDA","Maricopa (County, 2022)"
"Census Tract","04013106501","AZ","04013106501","=""04013106501""","75650","2020-2024","2022","Census","Circle K 2700074","6322 N 12th St","","Phoenix","AZ","85014","MARICOPA","Convenience Store","","","USDA","Maricopa (County, 2022)"
"Census Tract","04013105900","AZ","04013105900","=""04013105900""","69342","2020-2024","2022","Census","Circle K 2701200","2702 W Glendale Ave","","Phoenix","AZ","85051","MARICOPA","Convenience Store","","","USDA","Maricopa (County, 2022)"
"Census Tract","04013109002","AZ","04013109002","=""04013109002""","52974","2020-2024","2022","Census","Circle K 2701347","4502 N 19th Ave","","Phoenix","AZ","85015","MARICOPA","Convenience Store","","","USDA","Maricopa (County, 2022)"
"Census Tract","04013106501","AZ","04013106501","=""04013106501""","75650","2020-2024","2022","Census","Circle K 2701541","701 E Bethany Home Rd","","Phoenix","AZ","85014","MARICOPA","Convenience Store","","","USDA","Maricopa (County, 2022)"
"Census Tract","04013106703","AZ","04013106703","=""04013106703""","103581","2020-2024","2022","Census","Circle K 2701618","6002 N 7th Ave","","Phoenix","AZ","85013","MARICOPA","Convenience Store","","","USDA","Maricopa (County, 2022)"
"Census Tract","04013110801","AZ","04013110801","=""04013110801""","72371","2020-2024","2022","Census","Circle K 2701619","2401 E Indian School Rd","","Phoenix","AZ","85016","MARICOPA","Convenience Store","","","USDA","Maricopa (County, 2022)"
"Census Tract","04013108302","AZ","04013108302","=""04013108302""","111161","2020-2024","2022","Census","Circle K 2701620","3554 E Indian School Rd","","Phoenix","AZ","85018","MARICOPA","Convenience Store","","","USDA","Maricopa (County, 2022)"
"Census Tract","04013117000","AZ","04013117000","=""04013117000""","55032","2020-2024","2022","Census","Circle K 2701622","3404 N 19th Ave","","Phoenix","AZ","85015","MARICOPA","Convenience Store","","","USDA","Maricopa (County, 2022)"
"Census Tract","04013111000","AZ","04013111000","=""04013111000""","108750","2020-2024","2022","Census","Circle K 2701662","4402 E Osborn Rd","","Phoenix","AZ","85018","MARICOPA","Convenience Store","","","USDA","Maricopa (County, 2022)"
"Census Tract","04013107500","AZ","04013107500","=""04013107500""","113136","2020-2024","2022","Census","Circle K 2701741","5141 N Central Ave","","Phoenix","AZ","85012","MARICOPA","Convenience Store","","","USDA","Maricopa (County, 2022)"
"Census Tract","04013108100","AZ","04013108100","=""04013108100""","122250","2020-2024","2022","Census","Circle K 2701752","4343 E Camelback Rd","","Phoenix","AZ","85018","MARICOPA","Convenience Store","","","USDA","Maricopa (County, 2022)"
"Census Tract","04013110100","AZ","04013110100","=""04013110100""","57302","2020-2024","2022","Census","Circle K 2702835","3402 N 35th Ave","","Phoenix","AZ","85017","MARICOPA","Convenience Store","","","USDA","Maricopa (County, 2022)"
"Census Tract","04013110600","AZ","04013110600","=""04013110600""","70331","2020-2024","2022","Census","Circle K 2703399","1122 E Indian School Rd","","Phoenix","AZ","85014","MARICOPA","Convenience Store","","","USDA","Maricopa (County, 2022)"
"Census Tract","04013107300","AZ","04013107300","=""04013107300""","83750","2020-2024","2022","Census","Circle K 2703459","2650 W Camelback Rd","","Phoenix","AZ","85017","MARICOPA","Convenience Store","","","USDA","Maricopa (County, 2022)"
"Census Tract","04013107201","AZ","04013107201","=""04013107201""","N/A","2020-2024","2022","Census","Circle K 2703743","5350 N 27th Ave","","Phoenix","AZ","85017","MARICOPA","Convenience Store","","","USDA","Maricopa (County, 2022)"
"Census Tract","04013107500","AZ","04013107500","=""04013107500""","113136","2020-2024","2022","Census","Circle K 2703744","630 E Missouri Ave","","Phoenix","AZ","85012","MARICOPA","Convenience Store","","","USDA","Maricopa (County, 2022)"
"Census Tract","04013106801","AZ","04013106801","=""04013106801""","30921","2020-2024","2022","Census","Circle K 2705405","2515 W Glendale Ave","","Phoenix","AZ","85051","MARICOPA","Convenience Store","","","USDA","Maricopa (County, 2022)"
"Census Tract","04013110502","AZ","04013110502","=""04013110502""","71439","2020-2024","2022","Census","Circle K 2706359","309 E Osborn Rd","","Phoenix","AZ","85012","MARICOPA","Convenience Store","","","USDA","Maricopa (County, 2022)"
"Census Tract","04013107202","AZ","04013107202","=""04013107202""","93911","2020-2024","2022","Census","Circle K 2708651","5849 N 35th Ave","","Phoenix","AZ","85017","MARICOPA","Convenience Store","","","USDA","Maricopa (County, 2022)"
"Census Tract","04013108901","AZ","04013108901","=""04013108901""","76575","2020-2024","2022","Census","Circle K 2708652","1502 W Indian School Rd","","Phoenix","AZ","85015","MARICOPA","Convenience Store","","","USDA","Maricopa (County, 2022)"
"Census Tract","04013110701","AZ","04013110701","=""04013110701""","65481","2020-2024","2022","Census","Circle K 2708771","1601 E Indian School Rd","","Phoenix","AZ","85016","MARICOPA","Convenience Store","","","USDA","Maricopa (County, 2022)"
"Census Tract","04013110600","AZ","04013110600","=""04013110600""","70331","2020-2024","2022","Census","Circle K 2708875","3402 N 16th St","","Phoenix","AZ","85016","MARICOPA","Convenience Store","","","USDA","Maricopa (County, 2022)"
"Census Tract","04013116900","AZ","04013116900","=""04013116900""","61250","2020-2024","2022","Census","Costco Wholesale 0827","3801 N 33rd Ave","","Phoenix","AZ","85017","MARICOPA","Super Store","","","USDA","Maricopa (County, 2022)"
"Census Tract","04013106501","AZ","04013106501","=""04013106501""","75650","2020-2024","2022","Census","Imperial Kosher Market","737 E Glendale Ave","Ste A","Phoenix","AZ","85020","MARICOPA","Grocery Store","","","USDA","Maricopa (County, 2022)"
"Census Tract","04013106802","AZ","04013106802","=""04013106802""","83427","2020-2024","2022","Census","In & Out Convenience","6024 N 23rd Ave","","Phoenix","AZ","85015","MARICOPA","Convenience Store","","","USDA","Maricopa (County, 2022)"
"Census Tract","04013107402","AZ","04013107402","=""04013107402""","29643","2020-2024","2022","Census","Irc New Roots Farm","1616 W Camelback Rd","","Phoenix","AZ","85015","MARICOPA","Farmers and Markets","","","USDA","Maricopa (County, 2022)"
"Census Tract","04013109102","AZ","04013109102","=""04013109102""","71222","2020-2024","2022","Census","Isaac Convenience Store","3140 W Indian School Rd","","Phoenix","AZ","85017","MARICOPA","Convenience Store","","","USDA","Maricopa (County, 2022)"
"Census Tract","04013109200","AZ","04013109200","=""04013109200""","45215","2020-2024","2022","Census","JMA Petro Inc.","3501 W Camelback Rd","","Phoenix","AZ","85019","MARICOPA","Convenience Store","","","USDA","Maricopa (County, 2022)"
"Census Tract","04013108601","AZ","04013108601","=""04013108601""","53700","2020-2024","2022","Census","Jack in The Box #0116","4119 N 7th St","","Phoenix","AZ","85012","MARICOPA","Restaurant Meals Program","","","USDA","Maricopa (County, 2022)"
"Census Tract","04013106001","AZ","04013106001","=""04013106001""","57835","2020-2024","2022","Census","Jack in The Box #1102","2520 W Glendale","","Phoenix","AZ","85051","MARICOPA","Restaurant Meals Program","","","USDA","Maricopa (County, 2022)"
"Census Tract","04013109101","AZ","04013109101","=""04013109101""","70691","2020-2024","2022","Census","Jack in The Box #1181","2701 W Camelback Rd","","Phoenix","AZ","85017","MARICOPA","Restaurant Meals Program","","","USDA","Maricopa (County, 2022)"
"Census Tract","04013106501","AZ","04013106501","=""04013106501""","75650","2020-2024","2022","Census","Jack in The Box #1193","6351 N 7th Street","","Phoenix","AZ","85014","MARICOPA","Restaurant Meals Program","","","USDA","Maricopa (County, 2022)"
"Census Tract","04013110702","AZ","04013110702","=""04013110702""","63886","2020-2024","2022","Census","Jack in The Box 0103","2202 E Indian School Rd","","Phoenix","AZ","85016","MARICOPA","Restaurant Meals Program","","","USDA","Maricopa (County, 2022)"
"Census Tract","04013108501","AZ","04013108501","=""04013108501""","80395","2020-2024","2022","Census","Jacksons Food Stores 809","1954 E Highland Ave","","Phoenix","AZ","85016","MARICOPA","Convenience Store","","","USDA","Maricopa (County, 2022)"
"Census Tract","04013109102","AZ","04013109102","=""04013109102""","71222","2020-2024","2022","Census","Jassa Enterprises","4102 N 27th Ave","","Phoenix","AZ","85017","MARICOPA","Convenience Store","","","USDA","Maricopa (County, 2022)"
"Census Tract","04013106900","AZ","04013106900","=""04013106900""","73382","2020-2024","2022","Census","Jc Convenience Store","6104 N 27th Ave","","Phoenix","AZ","85017","MARICOPA","Convenience Store","","","USDA","Maricopa (County, 2022)"
"Census Tract","04013106003","AZ","04013106003","=""04013106003""","73239","2020-2024","2022","Census","Jimmys Quick Stop","2344 W Glendale Ave","","Phoenix","AZ","85021","MARICOPA","Convenience Store","","","USDA","Maricopa (County, 2022)"
"Census Tract","04013105900","AZ","04013105900","=""04013105900""","69342","2020-2024","2022","Census","Jj Grand Center","7035 N 35th Ave","","Phoenix","AZ","85051","MARICOPA","Convenience Store","","","USDA","Maricopa (County, 2022)"
"Census Tract","04013109001","AZ","04013109001","=""04013109001""","53856","2020-2024","2022","Census","KWIK MART & LIQUOR","2650 W Glenrosa Ave","Ste 13 Ave14","Phoenix","AZ","85017","MARICOPA","Convenience Store","","","USDA","Maricopa (County, 2022)"
"Census Tract","04013109200","AZ","04013109200","=""04013109200""","45215","2020-2024","2022","Census","Kings Mini Mart","4150 N 35th Ave","","Phoenix","AZ","85017","MARICOPA","Convenience Store","","","USDA","Maricopa (County, 2022)"
"Census Tract","04013107404","AZ","04013107404","=""04013107404""","28098","2020-2024","2022","Census","Krispy Krunchy Chicken - Walmart Bethany","1607 W Bethany Home Rd","","Phoenix","AZ","85015","MARICOPA","Restaurant Meals Program","","","USDA","Maricopa (County, 2022)"
"Census Tract","04013107402","AZ","04013107402","=""04013107402""","29643","2020-2024","2022","Census","LOI PHAT MARKET","1702 W Camelback Rd","Ste 5","Phoenix","AZ","85015","MARICOPA","Grocery Store","","","USDA","Maricopa (County, 2022)"
"Census Tract","04013106501","AZ","04013106501","=""04013106501""","75650","2020-2024","2022","Census","La Bella Pizzeria Restaurant","6505 N 7th St","Ste 105","Phoenix","AZ","85014","MARICOPA","Restaurant Meals Program","","","USDA","Maricopa (County, 2022)"
"Census Tract","04013109002","AZ","04013109002","=""04013109002""","52974","2020-2024","2022","Census","La Guatemalteca Market","4520 N 19th Ave","","Phoenix","AZ","85015","MARICOPA","Convenience Store","","","USDA","Maricopa (County, 2022)"
"Census Tract","04013107201","AZ","04013107201","=""04013107201""","N/A","2020-2024","2022","Census","Lams International Llc","3446 W Camelback Rd","Ste 125","Phoenix","AZ","85017","MARICOPA","Grocery Store","","","USDA","Maricopa (County, 2022)"
"Census Tract","04013107202","AZ","04013107202","=""04013107202""","93911","2020-2024","2022","Census","Latino Market Y Carniceria","5714 N 27th Ave","","Phoenix","AZ","85017","MARICOPA","Grocery Store","","","USDA","Maricopa (County, 2022)"
"Census Tract","04013106801","AZ","04013106801","=""04013106801""","30921","2020-2024","2022","Census","Lenny's Burger Glendale","2545 W Glendale Ave","","Phoenix","AZ","85051","MARICOPA","Restaurant Meals Program","","","USDA","Maricopa (County, 2022)"
"Census Tract","04013107300","AZ","04013107300","=""04013107300""","83750","2020-2024","2022","Census","Little Lighthouse Farm","2120 W Marshall Ave","","Phoenix","AZ","85015","MARICOPA","Farmers and Markets","","","USDA","Maricopa (County, 2022)"
"Census Tract","04013116900","AZ","04013116900","=""04013116900""","61250","2020-2024","2022","Census","Los Altos Ranch Market 5","3223 W Indian School Rd","","Phoenix","AZ","85017","MARICOPA","Super Store","","","USDA","Maricopa (County, 2022)"
"Census Tract","04013106900","AZ","04013106900","=""04013106900""","73382","2020-2024","2022","Census","Los Altos Ranch Market 6","3415 W Glendale Ave","Ste 15A","Phoenix","AZ","85051","MARICOPA","Super Store","","","USDA","Maricopa (County, 2022)"
"Census Tract","04013109200","AZ","04013109200","=""04013109200""","45215","2020-2024","2022","Census","Lvf African Caribbean Supermarket/beauty Supply","3601 W Camelback Rd","Ste 180","Phoenix","AZ","85019","MARICOPA","Convenience Store","","","USDA","Maricopa (County, 2022)"
"Census Tract","04013106801","AZ","04013106801","=""04013106801""","30921","2020-2024","2022","Census","M2J Beer Wine & Mart","2651 W Glendale Ave","","Phoenix","AZ","85051","MARICOPA","Convenience Store","","","USDA","Maricopa (County, 2022)"
"Census Tract","04013109102","AZ","04013109102","=""04013109102""","71222","2020-2024","2022","Census","Ma' Madou African Market","4124 N 27th Ave","","Phoenix","AZ","85017","MARICOPA","Other","","","USDA","Maricopa (County, 2022)"
"Census Tract","04013107202","AZ","04013107202","=""04013107202""","93911","2020-2024","2022","Census","Malik Market 0001","5706 N 27th Ave","","Phoenix","AZ","85017","MARICOPA","Grocery Store","","","USDA","Maricopa (County, 2022)"
"Census Tract","04013108901","AZ","04013108901","=""04013108901""","76575","2020-2024","2022","Census","Marz Market 1","4111 N 19th Ave","","Phoenix","AZ","85015","MARICOPA","Convenience Store","","","USDA","Maricopa (County, 2022)"
"Census Tract","04013116900","AZ","04013116900","=""04013116900""","61250","2020-2024","2022","Census","McDonald's #11739","3207 W Indian School Rd","","Phoenix","AZ","85017","MARICOPA","Restaurant Meals Program","","","USDA","Maricopa (County, 2022)"
"Census Tract","04013110802","AZ","04013110802","=""04013110802""","76960","2020-2024","2022","Census","McDonald's #1403","3323 N 24th St","","Phoenix","AZ","85016","MARICOPA","Restaurant Meals Program","","","USDA","Maricopa (County, 2022)"
"Census Tract","04013109001","AZ","04013109001","=""04013109001""","53856","2020-2024","2022","Census","27 Phoenix Llc","4101 N 27th Ave","","Phoenix","AZ","85017","MARICOPA","Convenience Store","","","USDA","Maricopa (County, 2022)"
"Census Tract","04013108400","AZ","04013108400","=""04013108400""","92079","2020-2024","2022","Census","7-Eleven 13026B","4511 N 24th St","","Phoenix","AZ","85016","MARICOPA","Convenience Store","","","USDA","Maricopa (County, 2022)"
"Census Tract","04013108501","AZ","04013108501","=""04013108501""","80395","2020-2024","2022","Census","7-Eleven 20212C","1950 E Indian School Rd","","Phoenix","AZ","85016","MARICOPA","Convenience Store","","","USDA","Maricopa (County, 2022)"
"Census Tract","04013106100","AZ","04013106100","=""04013106100""","83750","2020-2024","2022","Census","7-Eleven 26085E","1850 W Glendale Ave","","Phoenix","AZ","85021","MARICOPA","Convenience Store","","","USDA","Maricopa (County, 2022)"
"Census Tract","04013108301","AZ","04013108301","=""04013108301""","128283","2020-2024","2022","Census","7-Eleven Store 22886E","3912 E Camelback Rd","","Phoenix","AZ","85018","MARICOPA","Convenience Store","","","USDA","Maricopa (County, 2022)"
"Census Tract","04013117100","AZ","04013117100","=""04013117100""","77443","2020-2024","2022","Census","7-eleven #20622f","646 W Indian School Rd","","Phoenix","AZ","85013","MARICOPA","Convenience Store","","","USDA","Maricopa (County, 2022)"
"Census Tract","04013117000","AZ","04013117000","=""04013117000""","55032","2020-2024","2022","Census","A&V partners LLC 82751","2230 W Indian School Rd","","Phoenix","AZ","85015","MARICOPA","Convenience Store","","","USDA","Maricopa (County, 2022)"
"Census Tract","04013110600","AZ","04013110600","=""04013110600""","70331","2020-2024","2022","Census","A-1 Liquor","901 E Indian School Rd","","Phoenix","AZ","85014","MARICOPA","Convenience Store","","","USDA","Maricopa (County, 2022)"
"Census Tract","04013107900","AZ","04013107900","=""04013107900""","110515","2020-2024","2022","Census","AJ's Fine Foods 159","4430 E Camelback Rd","","Phoenix","AZ","85018","MARICOPA","Super Store","","","USDA","Maricopa (County, 2022)"
"Census Tract","04013107500","AZ","04013107500","=""04013107500""","113136","2020-2024","2022","Census","AJ's Fine Foods 64","5017 N Central Ave","","Phoenix","AZ","85012","MARICOPA","Super Store","","","USDA","Maricopa (County, 2022)"
"Census Tract","04013108602","AZ","04013108602","=""04013108602""","58936","2020-2024","2022","Census","Aa's Corner Mart 2","4601 N 12th St","","Phoenix","AZ","85014","MARICOPA","Convenience Store","","","USDA","Maricopa (County, 2022)"
"Census Tract","04013108902","AZ","04013108902","=""04013108902""","51617","2020-2024","2022","Census","Abc Mart N/A","4801 N 19th Ave","Ste 8","Phoenix","AZ","85015","MARICOPA","Grocery Store","","Pinnacle Prevention Corp.","USDA","Maricopa (County, 2022)"
"Census Tract","04013105800","AZ","04013105800","=""04013105800""","89500","2020-2024","2022","Census","Altayebat Market","7136 N 35th Ave","","Phoenix","AZ","85051","MARICOPA","Grocery Store","","","USDA","Maricopa (County, 2022)"
"Census Tract","04013109001","AZ","04013109001","=""04013109001""","53856","2020-2024","2022","Census","Asian Grocery Store","2650 W Glenrosa Ave","Ste 10","Phoenix","AZ","85017","MARICOPA","Grocery Store","","","USDA","Maricopa (County, 2022)"
"Census Tract","04013109003","AZ","04013109003","=""04013109003""","48209","2020-2024","2022","Census","BURGER KING 23670","4102 N 19th Ave","","Phoenix","AZ","85015","MARICOPA","Restaurant Meals Program","","","USDA","Maricopa (County, 2022)"
"Census Tract","04013108400","AZ","04013108400","=""04013108400""","92079","2020-2024","2022","Census","BURGER KING 26142","2436 E Indian School Rd","","Phoenix","AZ","85016","MARICOPA","Restaurant Meals Program","","","USDA","Maricopa (County, 2022)"
"Census Tract","04013106801","AZ","04013106801","=""04013106801""","30921","2020-2024","2022","Census","BURGER KING 4747","2640 W Bethany Home Rd","","Phoenix","AZ","85017","MARICOPA","Restaurant Meals Program","","","USDA","Maricopa (County, 2022)"
"Census Tract","04013107601","AZ","04013107601","=""04013107601""","52308","2020-2024","2022","Census","Bashas' 158","5521 N 7th St","","Phoenix","AZ","85014","MARICOPA","Super Store","","","USDA","Maricopa (County, 2022)"
"Census Tract","04013109001","AZ","04013109001","=""04013109001""","53856","2020-2024","2022","Census","Best Farmers Market LLC","4825 N 27th Ave","","Phoenix","AZ","85017","MARICOPA","Grocery Store","","","USDA","Maricopa (County, 2022)"
"Census Tract","04013107300","AZ","04013107300","=""04013107300""","83750","2020-2024","2022","Census","Bethany Chevron 98190","1901 W Bethany Home Rd","","Phoenix","AZ","85015","MARICOPA","Convenience Store","","","USDA","Maricopa (County, 2022)"
"Census Tract","04013109200","AZ","04013109200","=""04013109200""","45215","2020-2024","2022","Census","Big Bs Market","4835 N 37th Ave","","Phoenix","AZ","85019","MARICOPA","Convenience Store","","","USDA","Maricopa (County, 2022)"
"Census Tract","04013109102","AZ","04013109102","=""04013109102""","71222","2020-2024","2022","Census","El Rey De Los Ostiones","4141 N 35th Ave","","Phoenix","AZ","85017","MARICOPA","Other","","","USDA","Maricopa (County, 2022)"
"Census Tract","04013109002","AZ","04013109002","=""04013109002""","52974","2020-2024","2022","Census","El Super 55","2211 W Camelback Rd","","Phoenix","AZ","85015","MARICOPA","Supermarket","","","USDA","Maricopa (County, 2022)"
"Census Tract","04013109001","AZ","04013109001","=""04013109001""","53856","2020-2024","2022","Census","El Super Rancho","4501 N 27th Ave","","Phoenix","AZ","85017","MARICOPA","Grocery Store","","","USDA","Maricopa (County, 2022)"
"Census Tract","04013107401","AZ","04013107401","=""04013107401""","92188","2020-2024","2022","Census","FRY'S 128","744 W Camelback Rd","","Phoenix","AZ","85013","MARICOPA","Super Store","","","USDA","Maricopa (County, 2022)"
"Census Tract","04013108501","AZ","04013108501","=""04013108501""","80395","2020-2024","2022","Census","FRY'S 129","4724 N 20th St","","Phoenix","AZ","85016","MARICOPA","Super Store","","","USDA","Maricopa (County, 2022)"
"Census Tract","04013106701","AZ","04013106701","=""04013106701""","44224","2020-2024","2022","Census","FRY'S 623","1815 W Glendale Ave","","Phoenix","AZ","85021","MARICOPA","Super Store","","","USDA","Maricopa (County, 2022)"
"Census Tract","04013108901","AZ","04013108901","=""04013108901""","76575","2020-2024","2022","Census","Fam's Fred Fish","4117 N 19th Ave","","Phoenix","AZ","85015","MARICOPA","Restaurant Meals Program","","","USDA","Maricopa (County, 2022)"
"Census Tract","04013110400","AZ","04013110400","=""04013110400""","90556","2020-2024","2022","Census","Family Dollar 10848","725 W Indian School Rd","Ste 126","Phoenix","AZ","85013","MARICOPA","Other","","","USDA","Maricopa (County, 2022)"
"Census Tract","04013107202","AZ","04013107202","=""04013107202""","93911","2020-2024","2022","Census","Family Dollar 11565","5628 N 27th Ave","","Phoenix","AZ","85017","MARICOPA","Other","","","USDA","Maricopa (County, 2022)"
"Census Tract","04013110400","AZ","04013110400","=""04013110400""","90556","2020-2024","2022","Census","Family Dollar 12019","3349 N 19th Ave","","Phoenix","AZ","85015","MARICOPA","Other","","","USDA","Maricopa (County, 2022)"
"Census Tract","04013109101","AZ","04013109101","=""04013109101""","70691","2020-2024","2022","Census","Family Dollar 12437","2709 W Camelback Rd","","Phoenix","AZ","85017","MARICOPA","Other","","","USDA","Maricopa (County, 2022)"
"Census Tract","04013107402","AZ","04013107402","=""04013107402""","29643","2020-2024","2022","Census","Family Dollar Store 5284","1628 W Camelback Rd","","Phoenix","AZ","85015","MARICOPA","Other","","","USDA","Maricopa (County, 2022)"
"Census Tract","04013105800","AZ","04013105800","=""04013105800""","89500","2020-2024","2022","Census","Faustin African Market","7112 N 35th Ave","","Phoenix","AZ","85051","MARICOPA","Grocery Store","","","USDA","Maricopa (County, 2022)"
"Census Tract","04013105800","AZ","04013105800","=""04013105800""","89500","2020-2024","2022","Census","Faustin International Market","7102 North 35th Avenue","","Phoenix","AZ","85051","MARICOPA","Grocery Store","","","USDA","Maricopa (County, 2022)"
"Census Tract","04013105800","AZ","04013105800","=""04013105800""","89500","2020-2024","2022","Census","Food City 105","3514 W Glendale Ave","","Phoenix","AZ","85051","MARICOPA","Super Store","","","USDA","Maricopa (County, 2022)"
"Census Tract","04013106801","AZ","04013106801","=""04013106801""","30921","2020-2024","2022","Census","Food City 149","6025 N 27th Ave","","Phoenix","AZ","85017","MARICOPA","Super Store","","","USDA","Maricopa (County, 2022)"
"Census Tract","04013117000","AZ","04013117000","=""04013117000""","55032","2020-2024","2022","Census","Food City 95","1940 W Indian School Rd","","Phoenix","AZ","85015","MARICOPA","Super Store","","","USDA","Maricopa (County, 2022)"
"Census Tract","04013107202","AZ","04013107202","=""04013107202""","93911","2020-2024","2022","Census","Garcia's Market And Carniceria","5644 N 27th Ave","","Phoenix","AZ","85017","MARICOPA","Convenience Store","","","USDA","Maricopa (County, 2022)"
"Census Tract","04013106600","AZ","04013106600","=""04013106600""","145682","2020-2024","2022","Census","Gilligan's On Maryland","6502 N 7th St","","Phoenix","AZ","85014","MARICOPA","Convenience Store","","","USDA","Maricopa (County, 2022)"
"Census Tract","04013105900","AZ","04013105900","=""04013105900""","69342","2020-2024","2022","Census","Golden Land International Market","7031 N 35th Ave","","Phoenix","AZ","85051","MARICOPA","Grocery Store","","","USDA","Maricopa (County, 2022)"
"Census Tract","04013106801","AZ","04013106801","=""04013106801""","30921","2020-2024","2022","Census","Grab N Go 707 707","6002 N Black Canyon Hwy","","Phoenix","AZ","85017","MARICOPA","Convenience Store","","","USDA","Maricopa (County, 2022)"
"Census Tract","04013107300","AZ","04013107300","=""04013107300""","83750","2020-2024","2022","Census","Grab N Go 808","5835 N 27th Ave","","Phoenix","AZ","85017","MARICOPA","Convenience Store","","","USDA","Maricopa (County, 2022)"
"Census Tract","04013108501","AZ","04013108501","=""04013108501""","80395","2020-2024","2022","Census","Greka Pita","1747 E Camelback Rd","Ste 103","Phoenix","AZ","85016","MARICOPA","Restaurant Meals Program","","","USDA","Maricopa (County, 2022)"
"Census Tract","04013106501","AZ","04013106501","=""04013106501""","75650","2020-2024","2022","Census","Healthy Habit Health Foods","6029 N 7th St","","Phoenix","AZ","85014","MARICOPA","Convenience Store","","","USDA","Maricopa (County, 2022)"
"Census Tract","04013106502","AZ","04013106502","=""04013106502""","81153","2020-2024","2022","Census","Hobe Meats","6044 N 16th St","","Phoenix","AZ","85016","MARICOPA","Specialty Store","","","USDA","Maricopa (County, 2022)"
"Census Tract","04013108601","AZ","04013108601","=""04013108601""","53700","2020-2024","2022","Census","DOLLARTREE 10415","1240 E Indian School Rd","","Phoenix","AZ","85014","MARICOPA","Other","","","USDA","Maricopa (County, 2022)"
"Census Tract","04013110100","AZ","04013110100","=""04013110100""","57302","2020-2024","2022","Census","De Mi Pais Market","3110 N 35th Ave","","Phoenix","AZ","85019","MARICOPA","Grocery Store","","","USDA","Maricopa (County, 2022)"
"Census Tract","04013107500","AZ","04013107500","=""04013107500""","113136","2020-2024","2022","Census","Denny's #9583","5002 N 7th St","","Phoenix","AZ","85014","MARICOPA","Restaurant Meals Program","","","USDA","Maricopa (County, 2022)"
"Census Tract","04013106900","AZ","04013106900","=""04013106900""","73382","2020-2024","2022","Census","Denny's #9585","3456 W Bethany Home Rd","","Phoenix","AZ","85017","MARICOPA","Restaurant Meals Program","","","USDA","Maricopa (County, 2022)"
"Census Tract","04013109002","AZ","04013109002","=""04013109002""","52974","2020-2024","2022","Census","Dollar General 11976","1901 W Camelback Rd","","Phoenix","AZ","85015","MARICOPA","Other","","","USDA","Maricopa (County, 2022)"
"Census Tract","04013106001","AZ","04013106001","=""04013106001""","57835","2020-2024","2022","Census","Dollar General 25371","2650 W Glendale Ave","","Phoenix","AZ","85051","MARICOPA","Other","","","USDA","Maricopa (County, 2022)"
"Census Tract","04013105800","AZ","04013105800","=""04013105800""","89500","2020-2024","2022","Census","Dollar Tree 2619","3636 W Glendale Ave","","Phoenix","AZ","85051","MARICOPA","Other","","","USDA","Maricopa (County, 2022)"
"Census Tract","04013107404","AZ","04013107404","=""04013107404""","28098","2020-2024","2022","Census","Dollar Tree 3952","5745 N 19th Ave","","Phoenix","AZ","85015","MARICOPA","Other","","","USDA","Maricopa (County, 2022)"
"Census Tract","04013110400","AZ","04013110400","=""04013110400""","90556","2020-2024","2022","Census","Dollar Tree 7183","3353 N 19th Ave","","Phoenix","AZ","85015","MARICOPA","Other","","","USDA","Maricopa (County, 2022)"
"Census Tract","04013109002","AZ","04013109002","=""04013109002""","52974","2020-2024","2022","Census","El Metro","4904 N 19th Ave","","Phoenix","AZ","85015","MARICOPA","Convenience Store","","","USDA","Maricopa (County, 2022)"
"Census Tract","04013422633","AZ","04013422633","=""04013422633""","66375","2020-2024","2022","Census","Target Store T-0639","1525 S Power Rd","","Mesa","AZ","85206","MARICOPA","Super Store","","","USDA","Maricopa (County, 2022)"
"Census Tract","04013420105","AZ","04013420105","=""04013420105""","117853","2020-2024","2022","Census","Target Store T-1386","2151 N Power Rd","","Mesa","AZ","85207","MARICOPA","Super Store","","","USDA","Maricopa (County, 2022)"
"Census Tract","04013814802","AZ","04013814802","=""04013814802""","103125","2020-2024","2022","Census","Target Store T-1959","5110 S Power Rd","","Mesa","AZ","85212","MARICOPA","Super Store","","","USDA","Maricopa (County, 2022)"
"Census Tract","04013522802","AZ","04013522802","=""04013522802""","38828","2020-2024","2022","Census","Toka Sticks 806 806","6822 E Williams Field Rd","","Mesa","AZ","85212","MARICOPA","Convenience Store","","","USDA","Maricopa (County, 2022)"
"Census Tract","04013815201","AZ","04013815201","=""04013815201""","110240","2020-2024","2022","Census","Tommy's Family Car Wash","5230 S Power Rd","","Gilbert","AZ","85295","MARICOPA","Convenience Store","","","USDA","Maricopa (County, 2022)"
"Census Tract","04013420202","AZ","04013420202","=""04013420202""","72694","2020-2024","2022","Census","Walgreens 03215","1935 N Power Rd","","Mesa","AZ","85205","MARICOPA","Other","","","USDA","Maricopa (County, 2022)"
"Census Tract","04013422609","AZ","04013422609","=""04013422609""","72132","2020-2024","2022","Census","Walgreens 05392","420 S Sossaman Rd","","Mesa","AZ","85208","MARICOPA","Other","","","USDA","Maricopa (County, 2022)"
"Census Tract","04013420207","AZ","04013420207","=""04013420207""","167656","2020-2024","2022","Census","Walgreens 06026","3624 N Power Rd","","Mesa","AZ","85215","MARICOPA","Other","","","USDA","Maricopa (County, 2022)"
"Census Tract","04013420115","AZ","04013420115","=""04013420115""","59028","2020-2024","2022","Census","Walgreens 06582","9230 E Main St","","Mesa","AZ","85207","MARICOPA","Other","","","USDA","Maricopa (County, 2022)"
"Census Tract","04013420214","AZ","04013420214","=""04013420214""","61026","2020-2024","2022","Census","Walgreens 07828","6002 E Main St","","Mesa","AZ","85205","MARICOPA","Other","","","USDA","Maricopa (County, 2022)"
"Census Tract","04013422617","AZ","04013422617","=""04013422617""","121383","2020-2024","2022","Census","Walgreens 3728","7059 E Baseline Rd","","Mesa","AZ","85209","MARICOPA","Other","","","USDA","Maricopa (County, 2022)"
"Census Tract","04013422660","AZ","04013422660","=""04013422660""","78873","2020-2024","2022","Census","Walgreens 5701","1158 S Crismon Rd","","Mesa","AZ","85208","MARICOPA","Other","","","USDA","Maricopa (County, 2022)"
"Census Tract","04013422643","AZ","04013422643","=""04013422643""","108833","2020-2024","2022","Census","Walgreens 7558","9233 E Guadalupe Rd","","Mesa","AZ","85212","MARICOPA","Other","","","USDA","Maricopa (County, 2022)"
"Census Tract","04013422639","AZ","04013422639","=""04013422639""","88317","2020-2024","2022","Census","Walmart 1646","6131 E Southern Ave","","Mesa","AZ","85206","MARICOPA","Super Store","","","USDA","Maricopa (County, 2022)"
"Census Tract","04013815201","AZ","04013815201","=""04013815201""","110240","2020-2024","2022","Census","Walmart 3861","5290 S POWER RD","","GILBERT","AZ","85295","MARICOPA","Super Store","","","USDA","Maricopa (County, 2022)"
"Census Tract","04013422654","AZ","04013422654","=""04013422654""","143819","2020-2024","2022","Census","Walmart 5349","8335 E GUADALUPE RD","","MESA","AZ","85212","MARICOPA","Super Store","","","USDA","Maricopa (County, 2022)"
"Census Tract","04013422633","AZ","04013422633","=""04013422633""","66375","2020-2024","2022","Census","WinCo Foods 110","1235 S Power Rd","","Mesa","AZ","85206","MARICOPA","Supermarket","","","USDA","Maricopa (County, 2022)"
"Census Tract","04013422633","AZ","04013422633","=""04013422633""","66375","2020-2024","2022","Census","Papa Johns #2348","7102 E Baseline Rd","Ste 101","Mesa","AZ","85209","MARICOPA","Restaurant Meals Program","","","USDA","Maricopa (County, 2022)"
"Census Tract","04013420105","AZ","04013420105","=""04013420105""","117853","2020-2024","2022","Census","Papa Johns #2458","1829 N Power Rd","Ste 103","Mesa","AZ","85205","MARICOPA","Restaurant Meals Program","","","USDA","Maricopa (County, 2022)"
"Census Tract","04013422654","AZ","04013422654","=""04013422654""","143819","2020-2024","2022","Census","Papa Murphy's AZ089","8257 E Guadalupe Rd","","Mesa","AZ","85212","MARICOPA","Specialty Store","","","USDA","Maricopa (County, 2022)"
"Census Tract","04013420211","AZ","04013420211","=""04013420211""","133520","2020-2024","2022","Census","Papa Murphys AZ081","2920 N Power Rd","Ste 103","Mesa","AZ","85215","MARICOPA","Specialty Store","","","USDA","Maricopa (County, 2022)"
"Census Tract","04013817600","AZ","04013817600","=""04013817600""","139167","2020-2024","2022","Census","QuikTrip 1433","5215 S Ellsworth Rd","","Mesa","AZ","85212","MARICOPA","Convenience Store","","","USDA","Maricopa (County, 2022)"
"Census Tract","04013422655","AZ","04013422655","=""04013422655""","96518","2020-2024","2022","Census","QuikTrip 1439","9038 E Elliot Rd","","Mesa","AZ","85212","MARICOPA","Convenience Store","","","USDA","Maricopa (County, 2022)"
"Census Tract","04013420115","AZ","04013420115","=""04013420115""","59028","2020-2024","2022","Census","QuikTrip 404","9229 E University Dr","","Mesa","AZ","85207","MARICOPA","Convenience Store","","","USDA","Maricopa (County, 2022)"
"Census Tract","04013420206","AZ","04013420206","=""04013420206""","62500","2020-2024","2022","Census","QuikTrip 447","5957 E McDowell Rd","","Mesa","AZ","85215","MARICOPA","Convenience Store","","","USDA","Maricopa (County, 2022)"
"Census Tract","04013420113","AZ","04013420113","=""04013420113""","45511","2020-2024","2022","Census","QuikTrip 457","339 N Power Rd","","Mesa","AZ","85205","MARICOPA","Convenience Store","","","USDA","Maricopa (County, 2022)"
"Census Tract","04013422615","AZ","04013422615","=""04013422615""","110221","2020-2024","2022","Census","QuikTrip 459","1141 S Crismon Rd","","Mesa","AZ","85208","MARICOPA","Convenience Store","","","USDA","Maricopa (County, 2022)"
"Census Tract","04013815201","AZ","04013815201","=""04013815201""","110240","2020-2024","2022","Census","QuikTrip 478","5545 S Power Rd","","Mesa","AZ","85212","MARICOPA","Convenience Store","","","USDA","Maricopa (County, 2022)"
"Census Tract","04013422617","AZ","04013422617","=""04013422617""","121383","2020-2024","2022","Census","QuikTrip 496","2657 S Power Rd","","Mesa","AZ","85209","MARICOPA","Convenience Store","","","USDA","Maricopa (County, 2022)"
"Census Tract","04013422632","AZ","04013422632","=""04013422632""","58508","2020-2024","2022","Census","S & G Petroleum Llc","8461 E Broadway Rd","","Mesa","AZ","85208","MARICOPA","Convenience Store","","","USDA","Maricopa (County, 2022)"
"Census Tract","04013420202","AZ","04013420202","=""04013420202""","72694","2020-2024","2022","Census","SAFEWAY  2644","1855 N Power Rd","","Mesa","AZ","85205","MARICOPA","Supermarket","","","USDA","Maricopa (County, 2022)"
"Census Tract","04013422639","AZ","04013422639","=""04013422639""","88317","2020-2024","2022","Census","SIMON XPRESS LLC HUNGRY HOWIE'S 1849","6736 E Baseline Rd","","Mesa","AZ","85206","MARICOPA","Restaurant Meals Program","","","USDA","Maricopa (County, 2022)"
"Census Tract","04013420202","AZ","04013420202","=""04013420202""","72694","2020-2024","2022","Census","SUBWAY 52490","1152 N Power Rd","Ste 101","Mesa","AZ","85205","MARICOPA","Restaurant Meals Program","","","USDA","Maricopa (County, 2022)"
"Census Tract","04013422660","AZ","04013422660","=""04013422660""","78873","2020-2024","2022","Census","Simon Xpress Pizza DBA Hungry Howie's # 1826","1116 S Crismon Road","Suite 101","Mesa","AZ","85208","MARICOPA","Restaurant Meals Program","","","USDA","Maricopa (County, 2022)"
"Census Tract","04013420114","AZ","04013420114","=""04013420114""","91232","2020-2024","2022","Census","Skyline Market #1","8718 E Main St","","Mesa","AZ","85207","MARICOPA","Convenience Store","","","USDA","Maricopa (County, 2022)"
"Census Tract","04013420206","AZ","04013420206","=""04013420206""","62500","2020-2024","2022","Census","Sprouts Farmers Market 37","5918 E Longbow Pkwy","","Mesa","AZ","85215","MARICOPA","Supermarket","","","USDA","Maricopa (County, 2022)"
"Census Tract","04013815201","AZ","04013815201","=""04013815201""","110240","2020-2024","2022","Census","Starcorp LLC dba Carls Jr 7784","5378 S Power Rd","","Gilbert","AZ","85295","MARICOPA","Restaurant Meals Program","","","USDA","Maricopa (County, 2022)"
"Census Tract","04013815201","AZ","04013815201","=""04013815201""","110240","2020-2024","2022","Census","Subway #42416","5290 S Power Rd","","Gilbert","AZ","85295","MARICOPA","Restaurant Meals Program","","","USDA","Maricopa (County, 2022)"
"Census Tract","04013422654","AZ","04013422654","=""04013422654""","143819","2020-2024","2022","Census","Burger King # 25984","8355 E Guadalupe Rd","","Mesa","AZ","85212","MARICOPA","Restaurant Meals Program","","","USDA","Maricopa (County, 2022)"
"Census Tract","04013815601","AZ","04013815601","=""04013815601""","138125","2020-2024","2022","Census","Burger King # 27775","4073 E Williams Field Rd","","Gilbert","AZ","85295","MARICOPA","Restaurant Meals Program","","","USDA","Maricopa (County, 2022)"
"Census Tract","04013817600","AZ","04013817600","=""04013817600""","139167","2020-2024","2022","Census","Burger King 27430","7302 S Ellsworth Rd","","Mesa","AZ","85212","MARICOPA","Restaurant Meals Program","","","USDA","Maricopa (County, 2022)"
"Census Tract","04013817600","AZ","04013817600","=""04013817600""","139167","2020-2024","2022","Census","Burger King 28956","9240 E Cadence Pkwy","","Mesa","AZ","85212","MARICOPA","Restaurant Meals Program","","","USDA","Maricopa (County, 2022)"
"Census Tract","04013420111","AZ","04013420111","=""04013420111""","97596","2020-2024","2022","Census","CIRCLE K 2709538","9230 E. University Dr","","Mesa","AZ","85207","MARICOPA","Convenience Store","","","USDA","Maricopa (County, 2022)"
"Census Tract","04013422633","AZ","04013422633","=""04013422633""","66375","2020-2024","2022","Census","CVS 10616","7547 E Southern Ave","","Mesa","AZ","85209","MARICOPA","Other","","","USDA","Maricopa (County, 2022)"
"Census Tract","04013422654","AZ","04013422654","=""04013422654""","143819","2020-2024","2022","Census","CVS Pharmacy 3436","2809 S Sossaman Rd","","Mesa","AZ","85212","MARICOPA","Other","","","USDA","Maricopa (County, 2022)"
"Census Tract","04013420202","AZ","04013420202","=""04013420202""","72694","2020-2024","2022","Census","CVS Pharmacy 4795","6015 E Brown Rd","","Mesa","AZ","85205","MARICOPA","Other","","","USDA","Maricopa (County, 2022)"
"Census Tract","04013422628","AZ","04013422628","=""04013422628""","50893","2020-2024","2022","Census","CVS Pharmacy 5029","9230 E Broadway Rd","","Mesa","AZ","85208","MARICOPA","Other","","","USDA","Maricopa (County, 2022)"
"Census Tract","04013420105","AZ","04013420105","=""04013420105""","117853","2020-2024","2022","Census","CVS Pharmacy 5303","9152 E Brown Rd","","Mesa","AZ","85207","MARICOPA","Other","","","USDA","Maricopa (County, 2022)"
"Census Tract","04013420206","AZ","04013420206","=""04013420206""","62500","2020-2024","2022","Census","CVS Pharmacy 5812","5954 E McDowell Rd","","Mesa","AZ","85215","MARICOPA","Other","","","USDA","Maricopa (County, 2022)"
"Census Tract","04013422642","AZ","04013422642","=""04013422642""","93000","2020-2024","2022","Census","CVS Pharmacy 5814","9950 E Guadalupe Rd","","Mesa","AZ","85212","MARICOPA","Other","","","USDA","Maricopa (County, 2022)"
"Census Tract","04013420113","AZ","04013420113","=""04013420113""","45511","2020-2024","2022","Census","Carniceria Del Rancho","7246 E Main St","Ste 1","Mesa","AZ","85207","MARICOPA","Grocery Store","","","USDA","Maricopa (County, 2022)"
"Census Tract","04013420115","AZ","04013420115","=""04013420115""","59028","2020-2024","2022","Census","Circle K 2700849","9615 E University Dr","","Mesa","AZ","85207","MARICOPA","Convenience Store","","","USDA","Maricopa (County, 2022)"
"Census Tract","04013420202","AZ","04013420202","=""04013420202""","72694","2020-2024","2022","Census","Circle K 2701202","2005 N BUSH HWY","","MESA","AZ","85205","MARICOPA","Convenience Store","","","USDA","Maricopa (County, 2022)"
"Census Tract","04013420210","AZ","04013420210","=""04013420210""","101344","2020-2024","2022","Census","Circle K 2703381","1202 N Power Rd","","Mesa","AZ","85205","MARICOPA","Convenience Store","","","USDA","Maricopa (County, 2022)"
"Census Tract","04013422642","AZ","04013422642","=""04013422642""","93000","2020-2024","2022","Census","Circle K 2703463","9228 E Guadalupe Rd","","Mesa","AZ","85212","MARICOPA","Convenience Store","","","USDA","Maricopa (County, 2022)"
"Census Tract","04013422622","AZ","04013422622","=""04013422622""","113944","2020-2024","2022","Census","Circle K 2703478","6761 E Baseline Rd","","Gilbert","AZ","85236","MARICOPA","Convenience Store","","","USDA","Maricopa (County, 2022)"
"Census Tract","04013817600","AZ","04013817600","=""04013817600""","139167","2020-2024","2022","Census","Circle K 2706641","4353 S Power Rd","","Mesa","AZ","85212","MARICOPA","Convenience Store","","","USDA","Maricopa (County, 2022)"
"Census Tract","04013422628","AZ","04013422628","=""04013422628""","50893","2020-2024","2022","Census","Circle K 2706642","4252 S Crismon Rd","","Mesa","AZ","85208","MARICOPA","Convenience Store","","","USDA","Maricopa (County, 2022)"
"Census Tract","04013422633","AZ","04013422633","=""04013422633""","66375","2020-2024","2022","Census","Circle K 2706661","7546 E Baseline Rd","","Mesa","AZ","85209","MARICOPA","Convenience Store","","","USDA","Maricopa (County, 2022)"
"Census Tract","04013420210","AZ","04013420210","=""04013420210""","101344","2020-2024","2022","Census","Circle K 2708512","6005 E McKellips Rd","","Mesa","AZ","85215","MARICOPA","Convenience Store","","","USDA","Maricopa (County, 2022)"
"Census Tract","04013422633","AZ","04013422633","=""04013422633""","66375","2020-2024","2022","Census","Circle K 2709179","1203 S Power Rd","","Mesa","AZ","85206","MARICOPA","Convenience Store","","","USDA","Maricopa (County, 2022)"
"Census Tract","04013420212","AZ","04013420212","=""04013420212""","100188","2020-2024","2022","Census","Circle K Store 2741615","2754 N Power Rd","","Mesa","AZ","85215","MARICOPA","Convenience Store","","","USDA","Maricopa (County, 2022)"
"Census Tract","04013422630","AZ","04013422630","=""04013422630""","51250","2020-2024","2022","Census","Circle K Store 2741630","401 S Ellsworth Rd","","Mesa","AZ","85208","MARICOPA","Convenience Store","","","USDA","Maricopa (County, 2022)"
"Census Tract","04013422642","AZ","04013422642","=""04013422642""","93000","2020-2024","2022","Census","Circle K Store 2741707","2011 S Ellsworth Rd","","Mesa","AZ","85209","MARICOPA","Convenience Store","","","USDA","Maricopa (County, 2022)"
"Census Tract","04013422633","AZ","04013422633","=""04013422633""","66375","2020-2024","2022","Census","Costco Wholesale 1028","1444 S Sossaman Rd","","Mesa","AZ","85209","MARICOPA","Super Store","","","USDA","Maricopa (County, 2022)"
"Census Tract","04013422655","AZ","04013422655","=""04013422655""","96518","2020-2024","2022","Census","JACK IN THE BOX  #1610","9113 E Guadalupe Rd","","Mesa","AZ","85212","MARICOPA","Restaurant Meals Program","","","USDA","Maricopa (County, 2022)"
"Census Tract","04013422628","AZ","04013422628","=""04013422628""","50893","2020-2024","2022","Census","Jack  in The Box #1519","1403 S Crismon Rd","","Mesa","AZ","85208","MARICOPA","Restaurant Meals Program","","","USDA","Maricopa (County, 2022)"
"Census Tract","04013422632","AZ","04013422632","=""04013422632""","58508","2020-2024","2022","Census","Jack In The Box 1593","9147 E Broadway Rd","","Mesa","AZ","85208","MARICOPA","Restaurant Meals Program","","","USDA","Maricopa (County, 2022)"
"Census Tract","04013422633","AZ","04013422633","=""04013422633""","66375","2020-2024","2022","Census","Jack in The Box #1133","1911 S Power Rd","","Mesa","AZ","85206","MARICOPA","Restaurant Meals Program","","","USDA","Maricopa (County, 2022)"
"Census Tract","04013420109","AZ","04013420109","=""04013420109""","129375","2020-2024","2022","Census","Jack in The Box #1146","2719 N Power Rd","","Mesa","AZ","85215","MARICOPA","Restaurant Meals Program","","","USDA","Maricopa (County, 2022)"
"Census Tract","04013815201","AZ","04013815201","=""04013815201""","110240","2020-2024","2022","Census","Jack in The Box #1555","5207 S Power Rd","","Mesa","AZ","85212","MARICOPA","Restaurant Meals Program","","","USDA","Maricopa (County, 2022)"
"Census Tract","04013422625","AZ","04013422625","=""04013422625""","51033","2020-2024","2022","Census","Jack in The Box 1156","5961 E Main St","","Mesa","AZ","85205","MARICOPA","Restaurant Meals Program","","","USDA","Maricopa (County, 2022)"
"Census Tract","04013420104","AZ","04013420104","=""04013420104""","101172","2020-2024","2022","Census","MESA STAR CHEVRON","7956 E University Dr","","Mesa","AZ","85207","MARICOPA","Convenience Store","","","USDA","Maricopa (County, 2022)"
"Census Tract","04013420214","AZ","04013420214","=""04013420214""","61026","2020-2024","2022","Census","Main Market","6262 E Main St","","Mesa","AZ","85205","MARICOPA","Convenience Store","","","USDA","Maricopa (County, 2022)"
"Census Tract","04013422627","AZ","04013422627","=""04013422627""","50930","2020-2024","2022","Census","A&M Market","8601 E Apache Trail","","Mesa","AZ","85207","MARICOPA","Convenience Store","","","USDA","Maricopa (County, 2022)"
"Census Tract","04013422642","AZ","04013422642","=""04013422642""","93000","2020-2024","2022","Census","ALBERTSONS  1002","9243 E Baseline Rd","","Mesa","AZ","85209","MARICOPA","Supermarket","","","USDA","Maricopa (County, 2022)"
"Census Tract","04013422626","AZ","04013422626","=""04013422626""","53278","2020-2024","2022","Census","ALBERTSONS  958","325 S Power Rd","","Mesa","AZ","85206","MARICOPA","Supermarket","","","USDA","Maricopa (County, 2022)"
"Census Tract","04013420109","AZ","04013420109","=""04013420109""","129375","2020-2024","2022","Census","Albertsons 3989","2727 N Power Rd","","Mesa","AZ","85215","MARICOPA","Supermarket","","","USDA","Maricopa (County, 2022)"
"Census Tract","04013422628","AZ","04013422628","=""04013422628""","50893","2020-2024","2022","Census","American Discount Foods 2","9333 E Apache TR","Ste 115","Mesa","AZ","85207","MARICOPA","Grocery Store","","","USDA","Maricopa (County, 2022)"
"Census Tract","04013422659","AZ","04013422659","=""04013422659""","76118","2020-2024","2022","Census","Arco Am Pm 82090","1208 S Ellsworth Rd","","Mesa","AZ","85209","MARICOPA","Convenience Store","","","USDA","Maricopa (County, 2022)"
"Census Tract","04013422615","AZ","04013422615","=""04013422615""","110221","2020-2024","2022","Census","BURGER KING 21378","10025 E Southern Ave","","Mesa","AZ","85209","MARICOPA","Restaurant Meals Program","","","USDA","Maricopa (County, 2022)"
"Census Tract","04013420202","AZ","04013420202","=""04013420202""","72694","2020-2024","2022","Census","BURGER KING 26706","6758 E University Dr","","Mesa","AZ","85205","MARICOPA","Restaurant Meals Program","","","USDA","Maricopa (County, 2022)"
"Census Tract","04013420216","AZ","04013420216","=""04013420216""","74129","2020-2024","2022","Census","BURGER KING 6368","5859 E McKellips Rd","","Mesa","AZ","85215","MARICOPA","Restaurant Meals Program","","","USDA","Maricopa (County, 2022)"
"Census Tract","04013420114","AZ","04013420114","=""04013420114""","91232","2020-2024","2022","Census","BURGER KING 7035","9154 E Main St","","Mesa","AZ","85207","MARICOPA","Restaurant Meals Program","","","USDA","Maricopa (County, 2022)"
"Census Tract","04013422633","AZ","04013422633","=""04013422633""","66375","2020-2024","2022","Census","BURGER KING 8941","6820 E Superstition Springs Blvd","","Mesa","AZ","85209","MARICOPA","Restaurant Meals Program","","","USDA","Maricopa (County, 2022)"
"Census Tract","04013420111","AZ","04013420111","=""04013420111""","97596","2020-2024","2022","Census","Bashas' 110","1133 N Ellsworth Rd","","Mesa","AZ","85207","MARICOPA","Super Store","","","USDA","Maricopa (County, 2022)"
"Census Tract","04013422642","AZ","04013422642","=""04013422642""","93000","2020-2024","2022","Census","Bashas' 155","9925 E Baseline Rd","","Mesa","AZ","85209","MARICOPA","Super Store","","","USDA","Maricopa (County, 2022)"
"Census Tract","04013420211","AZ","04013420211","=""04013420211""","133520","2020-2024","2022","Census","Bashas' 73","2864 N Power Rd","","Mesa","AZ","85215","MARICOPA","Super Store","","","USDA","Maricopa (County, 2022)"
"Census Tract","04013422633","AZ","04013422633","=""04013422633""","66375","2020-2024","2022","Census","El Pollo Loco #3757","1715 S Power Rd","","Mesa","AZ","85206","MARICOPA","Restaurant Meals Program","","","USDA","Maricopa (County, 2022)"
"Census Tract","04013422630","AZ","04013422630","=""04013422630""","51250","2020-2024","2022","Census","FRY'S 115","435 S Ellsworth Rd","","Mesa","AZ","85208","MARICOPA","Super Store","","","USDA","Maricopa (County, 2022)"
"Census Tract","04013420216","AZ","04013420216","=""04013420216""","74129","2020-2024","2022","Census","FRY'S 23","5941 E McKellips Rd","","Mesa","AZ","85215","MARICOPA","Super Store","","","USDA","Maricopa (County, 2022)"
"Census Tract","04013422633","AZ","04013422633","=""04013422633""","66375","2020-2024","2022","Census","FRY'S 55","1915 S Power Rd","","Mesa","AZ","85206","MARICOPA","Super Store","","","USDA","Maricopa (County, 2022)"
"Census Tract","04013420214","AZ","04013420214","=""04013420214""","61026","2020-2024","2022","Census","Family Dollar 12694","6036 E Main Street","","Mesa","AZ","85205","MARICOPA","Other","","","USDA","Maricopa (County, 2022)"
"Census Tract","04013422633","AZ","04013422633","=""04013422633""","66375","2020-2024","2022","Census","Del Taco #1347","1313 S Power Rd","","Mesa","AZ","85206","MARICOPA","Restaurant Meals Program","","","USDA","Maricopa (County, 2022)"
"Census Tract","04013420113","AZ","04013420113","=""04013420113""","45511","2020-2024","2022","Census","Dollar General 12457","7350 E Main St","","Mesa","AZ","85207","MARICOPA","Other","","","USDA","Maricopa (County, 2022)"
"Census Tract","04013422626","AZ","04013422626","=""04013422626""","53278","2020-2024","2022","Census","Dollar Tree 2621","6865 E Main St","","Mesa","AZ","85207","MARICOPA","Other","","","USDA","Maricopa (County, 2022)"
"Census Tract","04013420114","AZ","04013420114","=""04013420114""","91232","2020-2024","2022","Census","Dollar Tree 6559","9124 E Main St","Ste 9","Mesa","AZ","85207","MARICOPA","Other","","","USDA","Maricopa (County, 2022)"
"Census Tract","04013422628","AZ","04013422628","=""04013422628""","50893","2020-2024","2022","Census","Dulceria La Victoria Llc","9333 E Apache Trail","Ste 108","Mesa","AZ","85207","MARICOPA","Convenience Store","","","USDA","Maricopa (County, 2022)"
"Census Tract","04013421201","AZ","04013421201","=""04013421201""","84578","2020-2024","2022","Census","Taco Bell #29494","917 N Dobson Rd","","Mesa","AZ","85201","MARICOPA","Restaurant Meals Program","","","USDA","Maricopa (County, 2022)"
"Census Tract","04013421304","AZ","04013421304","=""04013421304""","52433","2020-2024","2022","Census","Tan Hua Inc","66 S Dobson Rd","Ste 116","Mesa","AZ","85202","MARICOPA","Other","","","USDA","Maricopa (County, 2022)"
"Census Tract","04013318400","AZ","04013318400","=""04013318400""","75176","2020-2024","2022","Census","Target Store T-2176","1800 E Rio Salado Pkwy","Ste 120","Tempe","AZ","85281","MARICOPA","Super Store","","","USDA","Maricopa (County, 2022)"
"Census Tract","04013421400","AZ","04013421400","=""04013421400""","49958","2020-2024","2022","Census","The Drink All","235 N Country Club Dr","","Mesa","AZ","85201","MARICOPA","Convenience Store","","","USDA","Maricopa (County, 2022)"
"Census Tract","04013421001","AZ","04013421001","=""04013421001""","51601","2020-2024","2022","Census","Tortillas De Harina Linda","635 N Country Club Dr","Ste 10","Mesa","AZ","85201","MARICOPA","Grocery Store","","","USDA","Maricopa (County, 2022)"
"Census Tract","04013318400","AZ","04013318400","=""04013318400""","75176","2020-2024","2022","Census","Trader Joe's ASU 91","940 E University Dr","Ste 105","Tempe","AZ","85281","MARICOPA","Supermarket","","","USDA","Maricopa (County, 2022)"
"Census Tract","04013422624","AZ","04013422624","=""04013422624""","57652","2020-2024","2022","Census","Transafrican Food Store Llc","4815 E Main St","","Mesa","AZ","85205","MARICOPA","Other","","","USDA","Maricopa (County, 2022)"
"Census Tract","04013422001","AZ","04013422001","=""04013422001""","58194","2020-2024","2022","Census","Tres Amigos 1","253 E Broadway Rd","","Mesa","AZ","85210","MARICOPA","Convenience Store","","","USDA","Maricopa (County, 2022)"
"Census Tract","04013422625","AZ","04013422625","=""04013422625""","51033","2020-2024","2022","Census","U Stop Convenience Store","5207 E Main St","","Mesa","AZ","85205","MARICOPA","Convenience Store","","","USDA","Maricopa (County, 2022)"
"Census Tract","04013421303","AZ","04013421303","=""04013421303""","74916","2020-2024","2022","Census","University Market","1931 W University Dr","","Mesa","AZ","85201","MARICOPA","Convenience Store","","","USDA","Maricopa (County, 2022)"
"Census Tract","04013420710","AZ","04013420710","=""04013420710""","58729","2020-2024","2022","Census","Valero Gas Station 303","4360 E Broadway Rd","","Mesa","AZ","85206","MARICOPA","Convenience Store","","","USDA","Maricopa (County, 2022)"
"Census Tract","04013422501","AZ","04013422501","=""04013422501""","94871","2020-2024","2022","Census","Walgreens 03591","2811 E Broadway Rd","","Mesa","AZ","85204","MARICOPA","Other","","","USDA","Maricopa (County, 2022)"
"Census Tract","04013420215","AZ","04013420215","=""04013420215""","131833","2020-2024","2022","Census","Walgreens 04435","4420 E Brown Rd","","Mesa","AZ","85205","MARICOPA","Other","","","USDA","Maricopa (County, 2022)"
"Census Tract","04013319600","AZ","04013319600","=""04013319600""","96875","2020-2024","2022","Census","Walgreens 11610","2000 S Mill Ave","","Tempe","AZ","85282","MARICOPA","Other","","","USDA","Maricopa (County, 2022)"
"Census Tract","04013420603","AZ","04013420603","=""04013420603""","109107","2020-2024","2022","Census","Walgreens 3767","2737 E McKellips Rd","","Mesa","AZ","85213","MARICOPA","Other","","","USDA","Maricopa (County, 2022)"
"Census Tract","04013218200","AZ","04013218200","=""04013218200""","106897","2020-2024","2022","Census","Walgreens 4138","7923 E McDowell Rd","","Scottsdale","AZ","85257","MARICOPA","Other","","","USDA","Maricopa (County, 2022)"
"Census Tract","04013421102","AZ","04013421102","=""04013421102""","92745","2020-2024","2022","Census","Walgreens 5039","746 W University Dr","","Mesa","AZ","85201","MARICOPA","Other","","","USDA","Maricopa (County, 2022)"
"Census Tract","04013420901","AZ","04013420901","=""04013420901""","70721","2020-2024","2022","Census","Walgreens 6177","1135 N Mesa Dr","","Mesa","AZ","85201","MARICOPA","Other","","","USDA","Maricopa (County, 2022)"
"Census Tract","04013421303","AZ","04013421303","=""04013421303""","74916","2020-2024","2022","Census","Walgreens 6784","2024 W Main St","","Mesa","AZ","85201","MARICOPA","Other","","","USDA","Maricopa (County, 2022)"
"Census Tract","04013421201","AZ","04013421201","=""04013421201""","84578","2020-2024","2022","Census","Walmart 2482","857 N Dobson Rd","","Mesa","AZ","85201","MARICOPA","Super Store","","","USDA","Maricopa (County, 2022)"
"Census Tract","04013420215","AZ","04013420215","=""04013420215""","131833","2020-2024","2022","Census","Walmart 2767","4505 E MCKELLIPS RD","","MESA","AZ","85215","MARICOPA","Super Store","","","USDA","Maricopa (County, 2022)"
"Census Tract","04013420603","AZ","04013420603","=""04013420603""","109107","2020-2024","2022","Census","Walmart 3846","2725 E MCKELLIPS RD","","MESA","AZ","85213","MARICOPA","Super Store","","","USDA","Maricopa (County, 2022)"
"Census Tract","04013420208","AZ","04013420208","=""04013420208""","106302","2020-2024","2022","Census","Walmart 5257","5122 E UNIVERSITY DR","","MESA","AZ","85205","MARICOPA","Super Store","","","USDA","Maricopa (County, 2022)"
"Census Tract","04013420401","AZ","04013420401","=""04013420401""","57625","2020-2024","2022","Census","Walmart 5332","730 E MCKELLIPS RD","","MESA","AZ","85203","MARICOPA","Super Store","","","USDA","Maricopa (County, 2022)"
"Census Tract","04013318700","AZ","04013318700","=""04013318700""","41985","2020-2024","2022","Census","Whole Foods Market 10347","750 S Ash Ave.","Suite 101","Tempe","AZ","85281","MARICOPA","Super Store","","","USDA","Maricopa (County, 2022)"
"Census Tract","04013420602","AZ","04013420602","=""04013420602""","123824","2020-2024","2022","Census","Widedaddys","2706 E University Dr","","Mesa","AZ","85213","MARICOPA","Restaurant Meals Program","","","USDA","Maricopa (County, 2022)"
"Census Tract","04013421304","AZ","04013421304","=""04013421304""","52433","2020-2024","2022","Census","Wing Lee Poultry","111 S Dobson Rd","Ste 106","Mesa","AZ","85202","MARICOPA","Grocery Store","","","USDA","Maricopa (County, 2022)"
"Census Tract","04013421303","AZ","04013421303","=""04013421303""","74916","2020-2024","2022","Census","Z Convenience Store","2114 W Main St","","Mesa","AZ","85201","MARICOPA","Convenience Store","","","USDA","Maricopa (County, 2022)"
"Census Tract","04013421304","AZ","04013421304","=""04013421304""","52433","2020-2024","2022","Census","Mekong Supermarket LLC","66 S Dobson Rd","Ste 132","Mesa","AZ","85202","MARICOPA","Super Store","","","USDA","Maricopa (County, 2022)"
"Census Tract","04013421602","AZ","04013421602","=""04013421602""","46228","2020-2024","2022","Census","Mesa Liquor Store","1930 E Broadway Rd","","Mesa","AZ","85204","MARICOPA","Convenience Store","","","USDA","Maricopa (County, 2022)"
"Census Tract","04013420708","AZ","04013420708","=""04013420708""","50934","2020-2024","2022","Census","Midwestern Meats","4308 E Main St","","Mesa","AZ","85205","MARICOPA","Specialty Store","","","USDA","Maricopa (County, 2022)"
"Census Tract","04013421502","AZ","04013421502","=""04013421502""","55023","2020-2024","2022","Census","Mini Market La Tiendita","507 E University Dr","Ste 3","Mesa","AZ","85203","MARICOPA","Convenience Store","","","USDA","Maricopa (County, 2022)"
"Census Tract","04013421601","AZ","04013421601","=""04013421601""","85795","2020-2024","2022","Census","Mr Meats Carniceria & Market","1933 E University Dr","St 1,2","Mesa","AZ","85203","MARICOPA","Convenience Store","","","USDA","Maricopa (County, 2022)"
"Census Tract","04013422102","AZ","04013422102","=""04013422102""","45357","2020-2024","2022","Census","Murrieta's Carniceria 2","1911 W Broadway Rd","Ste 14","Mesa","AZ","85202","MARICOPA","Grocery Store","","","USDA","Maricopa (County, 2022)"
"Census Tract","04013421202","AZ","04013421202","=""04013421202""","93056","2020-2024","2022","Census","One Stop Shop Food Mart And Deli","1620 W University Dr","Ste 1","Mesa","AZ","85201","MARICOPA","Convenience Store","","","USDA","Maricopa (County, 2022)"
"Census Tract","04013421304","AZ","04013421304","=""04013421304""","52433","2020-2024","2022","Census","Papa Johns #1355","1225 W Main St","","Mesa","AZ","85201","MARICOPA","Restaurant Meals Program","","","USDA","Maricopa (County, 2022)"
"Census Tract","04013420213","AZ","04013420213","=""04013420213""","57566","2020-2024","2022","Census","Papa Johns #1510","63 N Greenfield Rd","Ste 112","Mesa","AZ","85205","MARICOPA","Restaurant Meals Program","","","USDA","Maricopa (County, 2022)"
"Census Tract","04013420901","AZ","04013420901","=""04013420901""","70721","2020-2024","2022","Census","Papa Johns #1695","1063 N Mesa Dr","","Mesa","AZ","85201","MARICOPA","Restaurant Meals Program","","","USDA","Maricopa (County, 2022)"
"Census Tract","04013420301","AZ","04013420301","=""04013420301""","138580","2020-2024","2022","Census","Papa Murphy's AZ042","1242 E McKellips Rd","","Mesa","AZ","85203","MARICOPA","Specialty Store","","","USDA","Maricopa (County, 2022)"
"Census Tract","04013421802","AZ","04013421802","=""04013421802""","68875","2020-2024","2022","Census","Pescaderia El Puerto Guaymas 2","1241 E Broadway Rd","Ste 20","Mesa","AZ","85204","MARICOPA","Specialty Store","","","USDA","Maricopa (County, 2022)"
"Census Tract","04013319103","AZ","04013319103","=""04013319103""","58071","2020-2024","2022","Census","Pride Gas And Groceries N/A","1734 E Apache Blvd","","Tempe","AZ","85281","MARICOPA","Convenience Store","","","USDA","Maricopa (County, 2022)"
"Census Tract","04013319103","AZ","04013319103","=""04013319103""","58071","2020-2024","2022","Census","Quick & Easy Shell Ii","1795 E University Dr","","Tempe","AZ","85281","MARICOPA","Convenience Store","","","USDA","Maricopa (County, 2022)"
"Census Tract","04013421602","AZ","04013421602","=""04013421602""","46228","2020-2024","2022","Census","Quick And Easy Food Mart","1650 E Broadway Rd","Ste 1","Mesa","AZ","85204","MARICOPA","Convenience Store","","","USDA","Maricopa (County, 2022)"
"Census Tract","04013421400","AZ","04013421400","=""04013421400""","49958","2020-2024","2022","Census","Quick Corner #2 1","66 S Mesa Dr","","Mesa","AZ","85210","MARICOPA","Convenience Store","","","USDA","Maricopa (County, 2022)"
"Census Tract","04013420901","AZ","04013420901","=""04013420901""","70721","2020-2024","2022","Census","Quick Corner 1","1107 N Mesa Dr","","Mesa","AZ","85201","MARICOPA","Convenience Store","","","USDA","Maricopa (County, 2022)"
"Census Tract","04013318400","AZ","04013318400","=""04013318400""","75176","2020-2024","2022","Census","QuikTrip 1400","2150 E University Dr","","Tempe","AZ","85281","MARICOPA","Convenience Store","","","USDA","Maricopa (County, 2022)"
"Census Tract","04013217800","AZ","04013217800","=""04013217800""","102406","2020-2024","2022","Census","QuikTrip 1418","8780 E McDowell Rd","","Scottsdale","AZ","85257","MARICOPA","Convenience Store","","","USDA","Maricopa (County, 2022)"
"Census Tract","04013421101","AZ","04013421101","=""04013421101""","78860","2020-2024","2022","Census","QuikTrip 401","517 W McKellips Rd","","Mesa","AZ","85201","MARICOPA","Convenience Store","","","USDA","Maricopa (County, 2022)"
"Census Tract","04013319104","AZ","04013319104","=""04013319104""","61295","2020-2024","2022","Census","QuikTrip 408","1106 E Broadway Rd","","Tempe","AZ","85282","MARICOPA","Convenience Store","","","USDA","Maricopa (County, 2022)"
"Census Tract","04013420709","AZ","04013420709","=""04013420709""","48900","2020-2024","2022","Census","QuikTrip 417","3563 E Main St","","Mesa","AZ","85213","MARICOPA","Convenience Store","","","USDA","Maricopa (County, 2022)"
"Census Tract","04013421304","AZ","04013421304","=""04013421304""","52433","2020-2024","2022","Census","QuikTrip 419R","2026 W Broadway Rd","","Mesa","AZ","85202","MARICOPA","Convenience Store","","","USDA","Maricopa (County, 2022)"
"Census Tract","04013318400","AZ","04013318400","=""04013318400""","75176","2020-2024","2022","Census","QuikTrip 429","1545 N Scottsdale Rd","","Tempe","AZ","85281","MARICOPA","Convenience Store","","","USDA","Maricopa (County, 2022)"
"Census Tract","04013421902","AZ","04013421902","=""04013421902""","54865","2020-2024","2022","Census","QuikTrip 433","414 S Stapley Dr","","Mesa","AZ","85204","MARICOPA","Convenience Store","","","USDA","Maricopa (County, 2022)"
"Census Tract","04013421102","AZ","04013421102","=""04013421102""","92745","2020-2024","2022","Census","QuikTrip 452","816 W University Dr","","Mesa","AZ","85201","MARICOPA","Convenience Store","","","USDA","Maricopa (County, 2022)"
"Census Tract","04013420506","AZ","04013420506","=""04013420506""","56138","2020-2024","2022","Census","RALLY'S HAMBURBERS 4085","343 W McKELLIPS RD","","MESA","AZ","85201","MARICOPA","Restaurant Meals Program","","","USDA","Maricopa (County, 2022)"
"Census Tract","04013319710","AZ","04013319710","=""04013319710""","72668","2020-2024","2022","Census","RALLY'S HAMBURGERS   4087","1410 W UNIVERSITY DRIVE","","TEMPE","AZ","85281","MARICOPA","Restaurant Meals Program","","","USDA","Maricopa (County, 2022)"
"Census Tract","04013421304","AZ","04013421304","=""04013421304""","52433","2020-2024","2022","Census","Rajash LLC dba Subway 7300","1911 W Main St","Ste 1","Mesa","AZ","85201","MARICOPA","Restaurant Meals Program","","","USDA","Maricopa (County, 2022)"
"Census Tract","04013420208","AZ","04013420208","=""04013420208""","106302","2020-2024","2022","Census","Rally's #4327","403 N Greenfield Rd","","Mesa","AZ","85205","MARICOPA","Restaurant Meals Program","","","USDA","Maricopa (County, 2022)"
"Census Tract","04013318800","AZ","04013318800","=""04013318800""","65208","2020-2024","2022","Census","Rollins Family Market","1090 W 5th St","","Tempe","AZ","85281","MARICOPA","Grocery Store","","","USDA","Maricopa (County, 2022)"
"Census Tract","04013421202","AZ","04013421202","=""04013421202""","93056","2020-2024","2022","Census","S&j Produce","462 N Alma School Rd","","Mesa","AZ","85201","MARICOPA","Specialty Store","","","USDA","Maricopa (County, 2022)"
"Census Tract","04013319104","AZ","04013319104","=""04013319104""","61295","2020-2024","2022","Census","SAFEWAY  1487","926 E Broadway Rd","","Tempe","AZ","85282","MARICOPA","Supermarket","","","USDA","Maricopa (County, 2022)"
"Census Tract","04013421303","AZ","04013421303","=""04013421303""","74916","2020-2024","2022","Census","SAFEWAY  1717","1902 W Main St","","Mesa","AZ","85201","MARICOPA","Supermarket","","","USDA","Maricopa (County, 2022)"
"Census Tract","04013421302","AZ","04013421302","=""04013421302""","59015","2020-2024","2022","Census","SUPER CARNICERIA Y PESCADERIA","58 N Country Club Dr","","Mesa","AZ","85201","MARICOPA","Convenience Store","","","USDA","Maricopa (County, 2022)"
"Census Tract","04013318400","AZ","04013318400","=""04013318400""","75176","2020-2024","2022","Census","Sam's Club 4956","2080 E Rio Salado Pkwy","","Tempe","AZ","85288","MARICOPA","Super Store","","","USDA","Maricopa (County, 2022)"
"Census Tract","04013318900","AZ","04013318900","=""04013318900""","85557","2020-2024","2022","Census","Seeto Gyros","818 W Broadway Rd","Ste 101-102","Phoenix","AZ","85282","MARICOPA","Restaurant Meals Program","","","USDA","Maricopa (County, 2022)"
"Census Tract","04013420901","AZ","04013420901","=""04013420901""","70721","2020-2024","2022","Census","Seven A Market 1","730 E Brown Rd","Ste 112","Mesa","AZ","85203","MARICOPA","Convenience Store","","","USDA","Maricopa (County, 2022)"
"Census Tract","04013320100","AZ","04013320100","=""04013320100""","93472","2020-2024","2022","Census","Shell 26","1380 N Scottsdale Rd","","Tempe","AZ","85281","MARICOPA","Convenience Store","","","USDA","Maricopa (County, 2022)"
"Census Tract","04013319710","AZ","04013319710","=""04013319710""","72668","2020-2024","2022","Census","Shell 81","808 S Priest Dr","","Tempe","AZ","85281","MARICOPA","Convenience Store","","","USDA","Maricopa (County, 2022)"
"Census Tract","04013421701","AZ","04013421701","=""04013421701""","58696","2020-2024","2022","Census","Shop Kwik","323 N Gilbert Rd","","Mesa","AZ","85203","MARICOPA","Convenience Store","","","USDA","Maricopa (County, 2022)"
"Census Tract","04013422637","AZ","04013422637","=""04013422637""","103906","2020-2024","2022","Census","Skyline Liquor & Foods","415 S Higley Rd","Ste 101","Mesa","AZ","85206","MARICOPA","Convenience Store","","","USDA","Maricopa (County, 2022)"
"Census Tract","04013218200","AZ","04013218200","=""04013218200""","106897","2020-2024","2022","Census","Snax Sinclair","304 N Hayden Rd","","Scottsdale","AZ","85257","MARICOPA","Convenience Store","","","USDA","Maricopa (County, 2022)"
"Census Tract","04013421304","AZ","04013421304","=""04013421304""","52433","2020-2024","2022","Census","Sonya Market","111 S Dobson Rd","Suite 111","Mesa","AZ","85202","MARICOPA","Other","","","USDA","Maricopa (County, 2022)"
"Census Tract","04013420800","AZ","04013420800","=""04013420800""","85396","2020-2024","2022","Census","Sprouts Farmers Market 5","1933 E Brown Rd","","Mesa","AZ","85203","MARICOPA","Supermarket","","","USDA","Maricopa (County, 2022)"
"Census Tract","04013421601","AZ","04013421601","=""04013421601""","85795","2020-2024","2022","Census","Stapley Station","357 N Stapley Dr","","Mesa","AZ","85203","MARICOPA","Convenience Store","","","USDA","Maricopa (County, 2022)"
"Census Tract","04013420215","AZ","04013420215","=""04013420215""","131833","2020-2024","2022","Census","Starcorp LLC dba Carls Jr 7570","4515 E McKellips Rd","","Mesa","AZ","85215","MARICOPA","Restaurant Meals Program","","","USDA","Maricopa (County, 2022)"
"Census Tract","04013421101","AZ","04013421101","=""04013421101""","78860","2020-2024","2022","Census","Starcorp LLC dba Carls Jr 7674","2002 N Country Club Dr","","Mesa","AZ","85201","MARICOPA","Restaurant Meals Program","","","USDA","Maricopa (County, 2022)"
"Census Tract","04013421201","AZ","04013421201","=""04013421201""","84578","2020-2024","2022","Census","Starcorp LLC dba Carls Jr 7771","1015 N Dobson Rd","","Mesa","AZ","85201","MARICOPA","Restaurant Meals Program","","","USDA","Maricopa (County, 2022)"
"Census Tract","04013320100","AZ","04013320100","=""04013320100""","93472","2020-2024","2022","Census","Starcorp LLC dba Carls Jr 8469","1210 N Scottsdale Rd","","Tempe","AZ","85281","MARICOPA","Restaurant Meals Program","","","USDA","Maricopa (County, 2022)"
"Census Tract","04013319710","AZ","04013319710","=""04013319710""","72668","2020-2024","2022","Census","Subway #36754","808 S Priest","","Tempe","AZ","85281","MARICOPA","Restaurant Meals Program","","","USDA","Maricopa (County, 2022)"
"Census Tract","04013420604","AZ","04013420604","=""04013420604""","107188","2020-2024","2022","Census","Subway #40373","1229 E McKellips Rd","Ste 104","Mesa","AZ","85203","MARICOPA","Restaurant Meals Program","","","USDA","Maricopa (County, 2022)"
"Census Tract","04013420800","AZ","04013420800","=""04013420800""","85396","2020-2024","2022","Census","Subway #533","1106 N Gilbert Rd","Ste 4","Mesa","AZ","85203","MARICOPA","Restaurant Meals Program","","","USDA","Maricopa (County, 2022)"
"Census Tract","04013421002","AZ","04013421002","=""04013421002""","52171","2020-2024","2022","Census","Subway #7016","322 E Brown Rd","Ste 105","Mesa","AZ","85201","MARICOPA","Restaurant Meals Program","","","USDA","Maricopa (County, 2022)"
"Census Tract","04013421400","AZ","04013421400","=""04013421400""","49958","2020-2024","2022","Census","Subway 12346","161 W Main St.","","Mesa","AZ","85201","MARICOPA","Restaurant Meals Program","","","USDA","Maricopa (County, 2022)"
"Census Tract","04013319101","AZ","04013319101","=""04013319101""","29031","2020-2024","2022","Census","Sun Stop","1212 E Apache Blvd","Ste 101","Tempe","AZ","85281","MARICOPA","Convenience Store","","","USDA","Maricopa (County, 2022)"
"Census Tract","04013421602","AZ","04013421602","=""04013421602""","46228","2020-2024","2022","Census","Super Dollar & Discount L L C","1340 E Broadway Rd","Ste 1","Mesa","AZ","85204","MARICOPA","Convenience Store","","","USDA","Maricopa (County, 2022)"
"Census Tract","04013420706","AZ","04013420706","=""04013420706""","106186","2020-2024","2022","Census","Super Plus Chevron","4356 E University Dr","","Mesa","AZ","85205","MARICOPA","Convenience Store","","","USDA","Maricopa (County, 2022)"
"Census Tract","04013420506","AZ","04013420506","=""04013420506""","56138","2020-2024","2022","Census","Super Stop Liquor N/A","321 W McKellips Rd","","Mesa","AZ","85201","MARICOPA","Convenience Store","","","USDA","Maricopa (County, 2022)"
"Census Tract","04013422624","AZ","04013422624","=""04013422624""","57652","2020-2024","2022","Census","Superstition Ranch Market 1","4755 E Main St","","Mesa","AZ","85205","MARICOPA","Super Store","GusNIP","Pinnacle Prevention Corp.","USDA","Maricopa (County, 2022)"
"Census Tract","04013421303","AZ","04013421303","=""04013421303""","74916","2020-2024","2022","Census","T & B Stores Llc 2015","2015 W University Dr","","Mesa","AZ","85201","MARICOPA","Convenience Store","","","USDA","Maricopa (County, 2022)"
"Census Tract","04013319202","AZ","04013319202","=""04013319202""","52270","2020-2024","2022","Census","T and B Stores LLC","2180 E Broadway Rd","","Tempe","AZ","85282","MARICOPA","Convenience Store","","","USDA","Maricopa (County, 2022)"
"Census Tract","04013319103","AZ","04013319103","=""04013319103""","58071","2020-2024","2022","Census","T's Liquor & Convenience","1301 E University Dr","","Tempe","AZ","85281","MARICOPA","Convenience Store","","","USDA","Maricopa (County, 2022)"
"Census Tract","04013421902","AZ","04013421902","=""04013421902""","54865","2020-2024","2022","Census","Broadway Liquor","405 E Broadway Rd","","Mesa","AZ","85204","MARICOPA","Convenience Store","","","USDA","Maricopa (County, 2022)"
"Census Tract","04013420602","AZ","04013420602","=""04013420602""","123824","2020-2024","2022","Census","Burger King #4477","2708 E University Dr","","Mesa","AZ","85213","MARICOPA","Restaurant Meals Program","","","USDA","Maricopa (County, 2022)"
"Census Tract","04013319403","AZ","04013319403","=""04013319403""","98750","2020-2024","2022","Census","Burger King 15588","2011 S McClintock Dr","","Tempe","AZ","85282","MARICOPA","Restaurant Meals Program","","","USDA","Maricopa (County, 2022)"
"Census Tract","04013421304","AZ","04013421304","=""04013421304""","52433","2020-2024","2022","Census","Burger King 17145","1201 W Main St","","Mesa","AZ","85201","MARICOPA","Restaurant Meals Program","","","USDA","Maricopa (County, 2022)"
"Census Tract","04013422607","AZ","04013422607","=""04013422607""","54077","2020-2024","2022","Census","Burger King 28649","4403 E. Broadway Rd.","","Mesa","AZ","85206","MARICOPA","Restaurant Meals Program","","","USDA","Maricopa (County, 2022)"
"Census Tract","04013218200","AZ","04013218200","=""04013218200""","106897","2020-2024","2022","Census","CARNICERIA EL RANCHO #6","7607 E McDowell Rd","Ste 122","Scottsdale","AZ","85257","MARICOPA","Grocery Store","","","USDA","Maricopa (County, 2022)"
"Census Tract","04013320100","AZ","04013320100","=""04013320100""","93472","2020-2024","2022","Census","CIRCLE K 2709537","1900 N Scottsdale","","Tempe","AZ","85281","MARICOPA","Convenience Store","","","USDA","Maricopa (County, 2022)"
"Census Tract","04013421302","AZ","04013421302","=""04013421302""","59015","2020-2024","2022","Census","CIRCLE K 2709557","824 W Broadway Rd","","Mesa","AZ","85210","MARICOPA","Convenience Store","","","USDA","Maricopa (County, 2022)"
"Census Tract","04013420503","AZ","04013420503","=""04013420503""","65357","2020-2024","2022","Census","CIRCLE SEVEN MART","415 E McKellips Rd","","Mesa","AZ","85203","MARICOPA","Convenience Store","","","USDA","Maricopa (County, 2022)"
"Census Tract","04013421201","AZ","04013421201","=""04013421201""","84578","2020-2024","2022","Census","CST Corner Store 2741676","809 N Dobson Rd","","Mesa","AZ","85201","MARICOPA","Convenience Store","","","USDA","Maricopa (County, 2022)"
"Census Tract","04013319104","AZ","04013319104","=""04013319104""","61295","2020-2024","2022","Census","CVS Pharmacy 10928","909 E Apache Blvd","","Tempe","AZ","85281","MARICOPA","Other","","","USDA","Maricopa (County, 2022)"
"Census Tract","04013319104","AZ","04013319104","=""04013319104""","61295","2020-2024","2022","Census","CVS Pharmacy 33","1750 E Broadway Rd","","Tempe","AZ","85282","MARICOPA","Other","","","USDA","Maricopa (County, 2022)"
"Census Tract","04013420707","AZ","04013420707","=""04013420707""","60995","2020-2024","2022","Census","CVS Pharmacy 5779","360 N Val Vista Dr","","Mesa","AZ","85213","MARICOPA","Other","","","USDA","Maricopa (County, 2022)"
"Census Tract","04013319002","AZ","04013319002","=""04013319002""","79650","2020-2024","2022","Census","CVS Pharmacy 9205","802 S Mill Ave","","Tempe","AZ","85281","MARICOPA","Other","","","USDA","Maricopa (County, 2022)"
"Census Tract","04013421002","AZ","04013421002","=""04013421002""","52171","2020-2024","2022","Census","CVS Pharmacy 9213","305 E Brown Rd","","Mesa","AZ","85201","MARICOPA","Other","","","USDA","Maricopa (County, 2022)"
"Census Tract","04013319002","AZ","04013319002","=""04013319002""","79650","2020-2024","2022","Census","Campus Point Chevron","825 E Apache Blvd","","Tempe","AZ","85281","MARICOPA","Convenience Store","","","USDA","Maricopa (County, 2022)"
"Census Tract","04013421302","AZ","04013421302","=""04013421302""","59015","2020-2024","2022","Census","Carniceria El Potrero","624 W Broadway Rd","Ste 205","Mesa","AZ","85210","MARICOPA","Grocery Store","","","USDA","Maricopa (County, 2022)"
"Census Tract","04013421501","AZ","04013421501","=""04013421501""","50475","2020-2024","2022","Census","Carniceria La Constancia","1109 E Main St","Ste 103","Mesa","AZ","85203","MARICOPA","Grocery Store","","","USDA","Maricopa (County, 2022)"
"Census Tract","04013421902","AZ","04013421902","=""04013421902""","54865","2020-2024","2022","Census","Carniceria Y Panaderia La Estrella","819 E Broadway Rd","","Mesa","AZ","85204","MARICOPA","Grocery Store","","","USDA","Maricopa (County, 2022)"
"Census Tract","04013319300","AZ","04013319300","=""04013319300""","49917","2020-2024","2022","Census","Chevron Extramile","2309 E University Dr","","Tempe","AZ","85288","MARICOPA","Convenience Store","","","USDA","Maricopa (County, 2022)"
"Census Tract","04013421102","AZ","04013421102","=""04013421102""","92745","2020-2024","2022","Census","Circle K 2700085","1154 W 8th St","","Mesa","AZ","85201","MARICOPA","Convenience Store","","","USDA","Maricopa (County, 2022)"
"Census Tract","04013420505","AZ","04013420505","=""04013420505""","106375","2020-2024","2022","Census","Circle K 2700401","11 E McKellips Rd","","Mesa","AZ","85201","MARICOPA","Convenience Store","","","USDA","Maricopa (County, 2022)"
"Census Tract","04013421303","AZ","04013421303","=""04013421303""","74916","2020-2024","2022","Census","Circle K 2701149","1955 W University Dr","","Mesa","AZ","85201","MARICOPA","Convenience Store","","","USDA","Maricopa (County, 2022)"
"Census Tract","04013421400","AZ","04013421400","=""04013421400""","49958","2020-2024","2022","Census","Circle K 2701250","330 E Broadway Rd","","Mesa","AZ","85210","MARICOPA","Convenience Store","","","USDA","Maricopa (County, 2022)"
"Census Tract","04013421101","AZ","04013421101","=""04013421101""","78860","2020-2024","2022","Census","Circle K 2701343","1550 N Country Club Dr","","Mesa","AZ","85201","MARICOPA","Convenience Store","","","USDA","Maricopa (County, 2022)"
"Census Tract","04013318800","AZ","04013318800","=""04013318800""","65208","2020-2024","2022","Census","Circle K 2701346","1330 W University Dr","","Tempe","AZ","85281","MARICOPA","Convenience Store","","","USDA","Maricopa (County, 2022)"
"Census Tract","04013318900","AZ","04013318900","=""04013318900""","85557","2020-2024","2022","Census","Circle K 2701572","904 W Broadway Rd","","Tempe","AZ","85282","MARICOPA","Convenience Store","","","USDA","Maricopa (County, 2022)"
"Census Tract","04013319710","AZ","04013319710","=""04013319710""","72668","2020-2024","2022","Census","Circle K 2701621","1406 W Broadway Rd","","Tempe","AZ","85282","MARICOPA","Convenience Store","","","USDA","Maricopa (County, 2022)"
"Census Tract","04013420707","AZ","04013420707","=""04013420707""","60995","2020-2024","2022","Census","Circle K 2701671","2815 E University Dr","","Mesa","AZ","85213","MARICOPA","Convenience Store","","","USDA","Maricopa (County, 2022)"
"Census Tract","04013218000","AZ","04013218000","=""04013218000""","81929","2020-2024","2022","Census","Circle K 2701728","6744 E McDowell Rd","","Scottsdale","AZ","85257","MARICOPA","Convenience Store","","","USDA","Maricopa (County, 2022)"
"Census Tract","04013218200","AZ","04013218200","=""04013218200""","106897","2020-2024","2022","Census","Circle K 2701797","7602 E McKellips Rd","","Scottsdale","AZ","85257","MARICOPA","Convenience Store","","","USDA","Maricopa (County, 2022)"
"Census Tract","04013421400","AZ","04013421400","=""04013421400""","49958","2020-2024","2022","Census","Circle K 2701994","310 N Mesa Dr","","Mesa","AZ","85201","MARICOPA","Convenience Store","","","USDA","Maricopa (County, 2022)"
"Census Tract","04013420707","AZ","04013420707","=""04013420707""","60995","2020-2024","2022","Census","Circle K 2701996","3550 E Main St","","Mesa","AZ","85213","MARICOPA","Convenience Store","","","USDA","Maricopa (County, 2022)"
"Census Tract","04013319705","AZ","04013319705","=""04013319705""","72241","2020-2024","2022","Census","Circle K 2703379","507 W Broadway Rd","","Tempe","AZ","85282","MARICOPA","Convenience Store","","","USDA","Maricopa (County, 2022)"
"Census Tract","04013420800","AZ","04013420800","=""04013420800""","85396","2020-2024","2022","Census","Circle K 2703476","415 N Stapley Dr","","Mesa","AZ","85203","MARICOPA","Convenience Store","","","USDA","Maricopa (County, 2022)"
"Census Tract","04013318501","AZ","04013318501","=""04013318501""","75820","2020-2024","2022","Census","Circle K 2703747","2730 N Scottsdale Rd","","Tempe","AZ","85281","MARICOPA","Convenience Store","","","USDA","Maricopa (County, 2022)"
"Census Tract","04013421001","AZ","04013421001","=""04013421001""","51601","2020-2024","2022","Census","Circle K 2705284","410 N Center St","","Mesa","AZ","85201","MARICOPA","Convenience Store","","","USDA","Maricopa (County, 2022)"
"Census Tract","04013422102","AZ","04013422102","=""04013422102""","45357","2020-2024","2022","Census","Circle K 2705401","417 S Dobson Rd","","Mesa","AZ","85202","MARICOPA","Convenience Store","","","USDA","Maricopa (County, 2022)"
"Census Tract","04013422624","AZ","04013422624","=""04013422624""","57652","2020-2024","2022","Census","Circle K 2706287","4425 E Main St","","Mesa","AZ","85205","MARICOPA","Convenience Store","","","USDA","Maricopa (County, 2022)"
"Census Tract","04013217800","AZ","04013217800","=""04013217800""","102406","2020-2024","2022","Census","Circle K 2706347","8202 E McDowell Rd","","Scottsdale","AZ","85257","MARICOPA","Convenience Store","","","USDA","Maricopa (County, 2022)"
"Census Tract","04013318400","AZ","04013318400","=""04013318400""","75176","2020-2024","2022","Census","Circle K 2706460","2174 E University Dr","","Tempe","AZ","85281","MARICOPA","Convenience Store","","","USDA","Maricopa (County, 2022)"
"Census Tract","04013420603","AZ","04013420603","=""04013420603""","109107","2020-2024","2022","Census","Circle K 2706656","2011 E McKellips Rd","","Mesa","AZ","85213","MARICOPA","Convenience Store","","","USDA","Maricopa (County, 2022)"
"Census Tract","04013422104","AZ","04013422104","=""04013422104""","66726","2020-2024","2022","Census","Circle K 2706660","2005 W Broadway Rd","","Mesa","AZ","85202","MARICOPA","Convenience Store","","","USDA","Maricopa (County, 2022)"
"Census Tract","04013218300","AZ","04013218300","=""04013218300""","74358","2020-2024","2022","Census","Circle K 2708557","8001 E McDowell Rd","","Scottsdale","AZ","85257","MARICOPA","Convenience Store","","","USDA","Maricopa (County, 2022)"
"Census Tract","04013319201","AZ","04013319201","=""04013319201""","72775","2020-2024","2022","Census","Circle K 2708592","2196 E Apache Blvd","","Tempe","AZ","85281","MARICOPA","Convenience Store","","","USDA","Maricopa (County, 2022)"
"Census Tract","04013421302","AZ","04013421302","=""04013421302""","59015","2020-2024","2022","Census","Circle K 2708749","1145 W Main St","","Mesa","AZ","85201","MARICOPA","Convenience Store","","","USDA","Maricopa (County, 2022)"
"Census Tract","04013318400","AZ","04013318400","=""04013318400""","75176","2020-2024","2022","Census","Circle K 2708774","1802 E University Dr","","Tempe","AZ","85281","MARICOPA","Convenience Store","","","USDA","Maricopa (County, 2022)"
"Census Tract","04013420216","AZ","04013420216","=""04013420216""","74129","2020-2024","2022","Census","Circle K Store 2741603","5205 E McKellips Rd","","Mesa","AZ","85215","MARICOPA","Convenience Store","","","USDA","Maricopa (County, 2022)"
"Census Tract","04013420208","AZ","04013420208","=""04013420208""","106302","2020-2024","2022","Census","Circle K Store 2741621","5158 E University Dr","","Mesa","AZ","85205","MARICOPA","Convenience Store","","","USDA","Maricopa (County, 2022)"
"Census Tract","04013318900","AZ","04013318900","=""04013318900""","85557","2020-2024","2022","Census","Clark Park Community Garden Farmers Market","1780 S Roosevelt St","","Tempe","AZ","85281","MARICOPA","Farmers and Markets","","Pinnacle Prevention Corporation","USDA","Maricopa (County, 2022)"
"Census Tract","04013421601","AZ","04013421601","=""04013421601""","85795","2020-2024","2022","Census","Comunidad Latina","1616 E Main St","Ste 128","Mesa","AZ","85203","MARICOPA","Grocery Store","","","USDA","Maricopa (County, 2022)"
"Census Tract","04013421302","AZ","04013421302","=""04013421302""","59015","2020-2024","2022","Census","Concordia Farmers Market","142 N Date","","Mesa","AZ","85201","MARICOPA","Farmers and Markets","","Pinnacle Prevention Corporation","USDA","Maricopa (County, 2022)"
"Census Tract","04013421002","AZ","04013421002","=""04013421002""","52171","2020-2024","2022","Census","DOLLAR GENERAL 14509","330 E Brown Rd","","Mesa","AZ","85201","MARICOPA","Other","","","USDA","Maricopa (County, 2022)"
"Census Tract","04013421002","AZ","04013421002","=""04013421002""","52171","2020-2024","2022","Census","Hungry Howie's #1850","323 E Brown Rd","","Mesa","AZ","85201","MARICOPA","Restaurant Meals Program","","","USDA","Maricopa (County, 2022)"
"Census Tract","04013318700","AZ","04013318700","=""04013318700""","41985","2020-2024","2022","Census","Jack in The Box #0118","721 S Mill Ave","","Tempe","AZ","85281","MARICOPA","Restaurant Meals Program","","","USDA","Maricopa (County, 2022)"
"Census Tract","04013318400","AZ","04013318400","=""04013318400""","75176","2020-2024","2022","Census","Jack in The Box #1112","901 E Curry Rd","","Tempe","AZ","85281","MARICOPA","Restaurant Meals Program","","","USDA","Maricopa (County, 2022)"
"Census Tract","04013217900","AZ","04013217900","=""04013217900""","102100","2020-2024","2022","Census","Jack in The Box #115","7412 E McDowell Rd","","Scottsdale","AZ","85257","MARICOPA","Restaurant Meals Program","","","USDA","Maricopa (County, 2022)"
"Census Tract","04013421302","AZ","04013421302","=""04013421302""","59015","2020-2024","2022","Census","Jack in The Box #148","1145 W University Avenue","","Mesa","AZ","85201","MARICOPA","Restaurant Meals Program","","","USDA","Maricopa (County, 2022)"
"Census Tract","04013420800","AZ","04013420800","=""04013420800""","85396","2020-2024","2022","Census","Jack in The Box #1508","525 N Stapley Dr","","Mesa","AZ","85203","MARICOPA","Restaurant Meals Program","","","USDA","Maricopa (County, 2022)"
"Census Tract","04013421101","AZ","04013421101","=""04013421101""","78860","2020-2024","2022","Census","Jack in The Box #1516","427 W McKellips Rd","","Mesa","AZ","85201","MARICOPA","Restaurant Meals Program","","","USDA","Maricopa (County, 2022)"
"Census Tract","04013420707","AZ","04013420707","=""04013420707""","60995","2020-2024","2022","Census","Jack in The Box 1178","2846 E Main St","","Mesa","AZ","85203","MARICOPA","Restaurant Meals Program","","","USDA","Maricopa (County, 2022)"
"Census Tract","04013421304","AZ","04013421304","=""04013421304""","52433","2020-2024","2022","Census","Jack in The Box 1199 Rucker Rest Holdings LLC","1945 W Main St.","","Mesa","AZ","85201","MARICOPA","Restaurant Meals Program","","","USDA","Maricopa (County, 2022)"
"Census Tract","04013319104","AZ","04013319104","=""04013319104""","61295","2020-2024","2022","Census","Jack in The Box 131 Rucker Restaurant Holdings LLC","942 E Broadway","","Tempe","AZ","85282","MARICOPA","Restaurant Meals Program","","","USDA","Maricopa (County, 2022)"
"Census Tract","04013318900","AZ","04013318900","=""04013318900""","85557","2020-2024","2022","Census","Jack in the Box #1594","1350 W Broadway Rd","","Tempe","AZ","85282","MARICOPA","Restaurant Meals Program","","","USDA","Maricopa (County, 2022)"
"Census Tract","04013319201","AZ","04013319201","=""04013319201""","72775","2020-2024","2022","Census","Jack in the Box 1197","2145 E University Rd","","Tempe","AZ","85281","MARICOPA","Restaurant Meals Program","","","USDA","Maricopa (County, 2022)"
"Census Tract","04013318400","AZ","04013318400","=""04013318400""","75176","2020-2024","2022","Census","Jacksons Food Stores 810","2096 E Rio Salado Pkwy","","Tempe","AZ","85281","MARICOPA","Convenience Store","","","USDA","Maricopa (County, 2022)"
"Census Tract","04013421802","AZ","04013421802","=""04013421802""","68875","2020-2024","2022","Census","Jesse's Food Mart","1959 E Broadway Rd","","Mesa","AZ","85204","MARICOPA","Convenience Store","","","USDA","Maricopa (County, 2022)"
"Census Tract","04013318900","AZ","04013318900","=""04013318900""","85557","2020-2024","2022","Census","Kwik Mart Tempe","606 W Broadway Rd","","Tempe","AZ","85282","MARICOPA","Convenience Store","","","USDA","Maricopa (County, 2022)"
"Census Tract","04013217800","AZ","04013217800","=""04013217800""","102406","2020-2024","2022","Census","LA'S MILK DEPOT","1626 N 87th St","","Scottsdale","AZ","85257","MARICOPA","Convenience Store","","","USDA","Maricopa (County, 2022)"
"Census Tract","04013319201","AZ","04013319201","=""04013319201""","72775","2020-2024","2022","Census","Los Amigos Market","1876 E Apache Blvd","","Tempe","AZ","85281","MARICOPA","Convenience Store","","","USDA","Maricopa (County, 2022)"
"Census Tract","04013421602","AZ","04013421602","=""04013421602""","46228","2020-2024","2022","Census","MERCADO Y CARNICERIA EL RANCHO 1","330 S Gilbert Rd","Ste 11","Mesa","AZ","85204","MARICOPA","Supermarket","","","USDA","Maricopa (County, 2022)"
"Census Tract","04013421501","AZ","04013421501","=""04013421501""","50475","2020-2024","2022","Census","MESA FOOD & DELI","744 E Broadway Rd","","Mesa","AZ","85204","MARICOPA","Grocery Store","","","USDA","Maricopa (County, 2022)"
"Census Tract","04013218200","AZ","04013218200","=""04013218200""","106897","2020-2024","2022","Census","McDonald's #21717","1516 N Hayden Rd","","Scottsdale","AZ","85257","MARICOPA","Restaurant Meals Program","","","USDA","Maricopa (County, 2022)"
"Census Tract","04013318900","AZ","04013318900","=""04013318900""","85557","2020-2024","2022","Census","24/7 Convenience Store","802 S Hardy Dr","","Tempe","AZ","85281","MARICOPA","Convenience Store","","","USDA","Maricopa (County, 2022)"
"Census Tract","04013422501","AZ","04013422501","=""04013422501""","94871","2020-2024","2022","Census","3 Brothers Food Mart","3565 E Broadway Rd","","Mesa","AZ","85204","MARICOPA","Convenience Store","","","USDA","Maricopa (County, 2022)"
"Census Tract","04013319403","AZ","04013319403","=""04013319403""","98750","2020-2024","2022","Census","3 Palms Market Llc","2115 S McClintock Dr","","Tempe","AZ","85282","MARICOPA","Convenience Store","","","USDA","Maricopa (County, 2022)"
"Census Tract","04013318700","AZ","04013318700","=""04013318700""","41985","2020-2024","2022","Census","5th St Market Pizza And Deli","200 E 5th St","Ste 101","Tempe","AZ","85281","MARICOPA","Convenience Store","","","USDA","Maricopa (County, 2022)"
"Census Tract","04013319103","AZ","04013319103","=""04013319103""","58071","2020-2024","2022","Census","7-ELEVEN 13017 B","1006 S McClintock Dr","","Tempe","AZ","85281","MARICOPA","Convenience Store","","","USDA","Maricopa (County, 2022)"
"Census Tract","04013422502","AZ","04013422502","=""04013422502""","85054","2020-2024","2022","Census","7-Eleven 26620 C","411 S Gilbert Rd","","Mesa","AZ","85204","MARICOPA","Convenience Store","","","USDA","Maricopa (County, 2022)"
"Census Tract","04013421701","AZ","04013421701","=""04013421701""","58696","2020-2024","2022","Census","7-eleven #26201d","2010 E Main St","","Mesa","AZ","85213","MARICOPA","Convenience Store","","","USDA","Maricopa (County, 2022)"
"Census Tract","04013217800","AZ","04013217800","=""04013217800""","102406","2020-2024","2022","Census","7-eleven 25845g 25845G","8402 E McDowell Rd","","Scottsdale","AZ","85257","MARICOPA","Convenience Store","","","USDA","Maricopa (County, 2022)"
"Census Tract","04013421702","AZ","04013421702","=""04013421702""","48647","2020-2024","2022","Census","76 Gas Station","363 S Gilbert Rd","","Mesa","AZ","85204","MARICOPA","Convenience Store","","","USDA","Maricopa (County, 2022)"
"Census Tract","04013422104","AZ","04013422104","=""04013422104""","66726","2020-2024","2022","Census","A to Z Mart","2259 W Broadway Rd","Ste B","Mesa","AZ","85202","MARICOPA","Convenience Store","","","USDA","Maricopa (County, 2022)"
"Census Tract","04013420902","AZ","04013420902","=""04013420902""","101275","2020-2024","2022","Census","ABC Food Store","816 E University Dr","","Mesa","AZ","85203","MARICOPA","Convenience Store","","","USDA","Maricopa (County, 2022)"
"Census Tract","04013319104","AZ","04013319104","=""04013319104""","61295","2020-2024","2022","Census","Ako International Markets","1400 S McClintock Dr","Ste 14","Tempe","AZ","85281","MARICOPA","Other","","","USDA","Maricopa (County, 2022)"
"Census Tract","04013420709","AZ","04013420709","=""04013420709""","48900","2020-2024","2022","Census","Alan's Beer & Wine","361 S Lindsay Rd","Ste 7","Mesa","AZ","85204","MARICOPA","Convenience Store","","","USDA","Maricopa (County, 2022)"
"Census Tract","04013420706","AZ","04013420706","=""04013420706""","106186","2020-2024","2022","Census","Albertsons 1948","441 N Val Vista Dr","","Mesa","AZ","85213","MARICOPA","Supermarket","","","USDA","Maricopa (County, 2022)"
"Census Tract","04013421202","AZ","04013421202","=""04013421202""","93056","2020-2024","2022","Census","Amigos Market 1","1350 W University Dr","","Mesa","AZ","85201","MARICOPA","Convenience Store","","","USDA","Maricopa (County, 2022)"
"Census Tract","04013420303","AZ","04013420303","=""04013420303""","110213","2020-2024","2022","Census","Arco AM/PM 2816","2816 E Mckellips Rd","","Mesa","AZ","85213","MARICOPA","Convenience Store","","","USDA","Maricopa (County, 2022)"
"Census Tract","04013420506","AZ","04013420506","=""04013420506""","56138","2020-2024","2022","Census","Arco Am Pm 5439","25 W McKellips Rd","","Mesa","AZ","85201","MARICOPA","Convenience Store","","","USDA","Maricopa (County, 2022)"
"Census Tract","04013318800","AZ","04013318800","=""04013318800""","65208","2020-2024","2022","Census","Arco Am/pm 42443","980 W University Dr","","Tempe","AZ","85281","MARICOPA","Convenience Store","","","USDA","Maricopa (County, 2022)"
"Census Tract","04013217800","AZ","04013217800","=""04013217800""","102406","2020-2024","2022","Census","Arco Ampm 42572","8350 E McDowell Rd","","Scottsdale","AZ","85257","MARICOPA","Convenience Store","","","USDA","Maricopa (County, 2022)"
"Census Tract","04013319002","AZ","04013319002","=""04013319002""","79650","2020-2024","2022","Census","Arizona State University","671 E Apache Blvd","Ste 128","Tempe","AZ","85281","MARICOPA","Convenience Store","","","USDA","Maricopa (County, 2022)"
"Census Tract","04013421002","AZ","04013421002","=""04013421002""","52171","2020-2024","2022","Census","BURGER KING 25689","353 E Brown Rd","","Mesa","AZ","85201","MARICOPA","Restaurant Meals Program","","","USDA","Maricopa (County, 2022)"
"Census Tract","04013420208","AZ","04013420208","=""04013420208""","106302","2020-2024","2022","Census","Bashas' 51","1122 N Higley Rd","","Mesa","AZ","85205","MARICOPA","Super Store","","","USDA","Maricopa (County, 2022)"
"Census Tract","04013421201","AZ","04013421201","=""04013421201""","84578","2020-2024","2022","Census","El Pollo Loco 3584","949 N Dobson Rd","","Mesa","AZ","85201","MARICOPA","Restaurant Meals Program","","","USDA","Maricopa (County, 2022)"
"Census Tract","04013420902","AZ","04013420902","=""04013420902""","101275","2020-2024","2022","Census","Elsa's Food Mart 1","812 E University Dr","","Mesa","AZ","85203","MARICOPA","Convenience Store","","","USDA","Maricopa (County, 2022)"
"Census Tract","04013319201","AZ","04013319201","=""04013319201""","72775","2020-2024","2022","Census","Escalante Community Garden","2150 E Orange St","","Tempe","AZ","85281","MARICOPA","Farmers and Markets","","Pinnacle Prevention Corporation","USDA","Maricopa (County, 2022)"
"Census Tract","04013421304","AZ","04013421304","=""04013421304""","52433","2020-2024","2022","Census","FRY'S 113","1245 W Main St","","Mesa","AZ","85201","MARICOPA","Super Store","","","USDA","Maricopa (County, 2022)"
"Census Tract","04013422502","AZ","04013422502","=""04013422502""","85054","2020-2024","2022","Census","FRY'S 123","2727 E Broadway Rd","","Mesa","AZ","85204","MARICOPA","Super Store","","","USDA","Maricopa (County, 2022)"
"Census Tract","04013217900","AZ","04013217900","=""04013217900""","102100","2020-2024","2022","Census","FRY'S 5","7770 E McDowell Rd","","Scottsdale","AZ","85257","MARICOPA","Super Store","","","USDA","Maricopa (County, 2022)"
"Census Tract","04013420213","AZ","04013420213","=""04013420213""","57566","2020-2024","2022","Census","FRY'S 611","4440 E Main St","","Mesa","AZ","85205","MARICOPA","Super Store","","","USDA","Maricopa (County, 2022)"
"Census Tract","04013420604","AZ","04013420604","=""04013420604""","107188","2020-2024","2022","Census","FRY'S MARKETPLACE 622","1935 N Stapley Dr","","Mesa","AZ","85203","MARICOPA","Super Store","","","USDA","Maricopa (County, 2022)"
"Census Tract","04013421001","AZ","04013421001","=""04013421001""","51601","2020-2024","2022","Census","Fairway Liquor Market","340 W Brown Rd","","Mesa","AZ","85201","MARICOPA","Convenience Store","","","USDA","Maricopa (County, 2022)"
"Census Tract","04013421601","AZ","04013421601","=""04013421601""","85795","2020-2024","2022","Census","Food City 10","1342 E Main St","","Mesa","AZ","85203","MARICOPA","Super Store","","","USDA","Maricopa (County, 2022)"
"Census Tract","04013318400","AZ","04013318400","=""04013318400""","75176","2020-2024","2022","Census","Food City 41","1845 N Scottsdale Rd","","Tempe","AZ","85281","MARICOPA","Super Store","","","USDA","Maricopa (County, 2022)"
"Census Tract","04013218200","AZ","04013218200","=""04013218200""","106897","2020-2024","2022","Census","French's Meat Shoppe Inc","7851 E McDowell Rd","","Scottsdale","AZ","85257","MARICOPA","Specialty Store","","","USDA","Maricopa (County, 2022)"
"Census Tract","04013421102","AZ","04013421102","=""04013421102""","92745","2020-2024","2022","Census","GS JK Inc dba Subway 1471","1130 W University Dr","Ste 101","Mesa","AZ","85201","MARICOPA","Restaurant Meals Program","","","USDA","Maricopa (County, 2022)"
"Census Tract","04013422502","AZ","04013422502","=""04013422502""","85054","2020-2024","2022","Census","GS JK Inc dba Subway 30561","2753 E Broadway","Ste 103","Mesa","AZ","85204","MARICOPA","Restaurant Meals Program","","","USDA","Maricopa (County, 2022)"
"Census Tract","04013420708","AZ","04013420708","=""04013420708""","50934","2020-2024","2022","Census","GS JK Inc dba Subway 3528","4355 E University Dr","Ste 116","Mesa","AZ","85205","MARICOPA","Restaurant Meals Program","","","USDA","Maricopa (County, 2022)"
"Census Tract","04013318900","AZ","04013318900","=""04013318900""","85557","2020-2024","2022","Census","Go Snap Shop 1","830 N W Broadway Rd","","Tempe","AZ","85282","MARICOPA","Convenience Store","","","USDA","Maricopa (County, 2022)"
"Census Tract","04013422102","AZ","04013422102","=""04013422102""","45357","2020-2024","2022","Census","Grab & Go","1605 W Broadway Rd","","Mesa","AZ","85202","MARICOPA","Convenience Store","","","USDA","Maricopa (County, 2022)"
"Census Tract","04013421102","AZ","04013421102","=""04013421102""","92745","2020-2024","2022","Census","Grab N Go 406","406 N Country Club Dr","","Mesa","AZ","85201","MARICOPA","Convenience Store","","","USDA","Maricopa (County, 2022)"
"Census Tract","04013421304","AZ","04013421304","=""04013421304""","52433","2020-2024","2022","Census","H MART MESA LLC.","1919 W Main St","","Mesa","AZ","85201","MARICOPA","Super Store","","","USDA","Maricopa (County, 2022)"
"Census Tract","04013420215","AZ","04013420215","=""04013420215""","131833","2020-2024","2022","Census","HG SUBS INC SUBWAY 29454","4425 EAST MCKELLIPS ROAD","SUITE 102","MESA","AZ","85215","MARICOPA","Restaurant Meals Program","","","USDA","Maricopa (County, 2022)"
"Census Tract","04013420401","AZ","04013420401","=""04013420401""","57625","2020-2024","2022","Census","DOLLARTREE 6917","112 E McKellips Rd","","Mesa","AZ","85201","MARICOPA","Other","","","USDA","Maricopa (County, 2022)"
"Census Tract","04013319500","AZ","04013319500","=""04013319500""","103685","2020-2024","2022","Census","DOLLARTREE 8206","1737 E. Broadway Rd.","","Tempe","AZ","85282","MARICOPA","Other","","","USDA","Maricopa (County, 2022)"
"Census Tract","04013319101","AZ","04013319101","=""04013319101""","29031","2020-2024","2022","Census","Desi Plaza","1037 E Lemon St","","Tempe","AZ","85281","MARICOPA","Grocery Store","","","USDA","Maricopa (County, 2022)"
"Census Tract","04013217900","AZ","04013217900","=""04013217900""","102100","2020-2024","2022","Census","Dollar Tree 2651","7750 E McDowell Rd","Ste 106","Scottsdale","AZ","85257","MARICOPA","Other","","","USDA","Maricopa (County, 2022)"
"Census Tract","04013421201","AZ","04013421201","=""04013421201""","84578","2020-2024","2022","Census","Dollar Tree 2950","1918 W Rio Salado Pkwy","","Mesa","AZ","85201","MARICOPA","Other","","","USDA","Maricopa (County, 2022)"
"Census Tract","04013420603","AZ","04013420603","=""04013420603""","109107","2020-2024","2022","Census","Dollar Tree 7057","1927 N Gilbert Rd","Ste 1","Mesa","AZ","85203","MARICOPA","Other","","","USDA","Maricopa (County, 2022)"
"Census Tract","04013421602","AZ","04013421602","=""04013421602""","46228","2020-2024","2022","Census","Domino's Pizza #7608","1960 E Broadway Rd","","Mesa","AZ","85204","MARICOPA","Restaurant Meals Program","","","USDA","Maricopa (County, 2022)"
"Census Tract","04013421002","AZ","04013421002","=""04013421002""","52171","2020-2024","2022","Census","Domino's Pizza #7612","318 E Brown Rd","","Mesa","AZ","85201","MARICOPA","Restaurant Meals Program","","","USDA","Maricopa (County, 2022)"
"Census Tract","04013421501","AZ","04013421501","=""04013421501""","50475","2020-2024","2022","Census","East Mesa Market n/a","723 E Main St","","Mesa","AZ","85203","MARICOPA","Convenience Store","","","USDA","Maricopa (County, 2022)"
"Census Tract","04013319101","AZ","04013319101","=""04013319101""","29031","2020-2024","2022","Census","El Paisano Market 1","1035 E Lemon St","","Tempe","AZ","85281","MARICOPA","Convenience Store","","","USDA","Maricopa (County, 2022)"
"Census Tract","04013111300","AZ","04013111300","=""04013111300""","76367","2020-2024","2022","Census","Target Store T-0950","4515 E Thomas Rd","","Phoenix","AZ","85018","MARICOPA","Super Store","","","USDA","Maricopa (County, 2022)"
"Census Tract","04013114900","AZ","04013114900","=""04013114900""","25703","2020-2024","2022","Census","Target Store T-2149","9830 W LOWER BUCKEYE RD","","PHOENIX","AZ","85003","MARICOPA","Super Store","","","USDA","Maricopa (County, 2022)"
"Census Tract","04013113800","AZ","04013113800","=""04013113800""","69016","2020-2024","2022","Census","UMOM New Day Centers Inc dba Helpings LLC","3333 E Van Buren St","","Phoenix","AZ","85008","MARICOPA","Restaurant Meals Program","","","USDA","Maricopa (County, 2022)"
"Census Tract","04013113301","AZ","04013113301","=""04013113301""","26622","2020-2024","2022","Census","Valley Kwik Market","1938 E Roosevelt St","","Phoenix","AZ","85006","MARICOPA","Convenience Store","","","USDA","Maricopa (County, 2022)"
"Census Tract","04013111700","AZ","04013111700","=""04013111700""","91731","2020-2024","2022","Census","Virginia Market","702 E Virginia Ave","","Phoenix","AZ","85006","MARICOPA","Convenience Store","","","USDA","Maricopa (County, 2022)"
"Census Tract","04013114800","AZ","04013114800","=""04013114800""","69944","2020-2024","2022","Census","W Y Market 1","1819 W Buckeye Rd","","Phoenix","AZ","85007","MARICOPA","Convenience Store","","","USDA","Maricopa (County, 2022)"
"Census Tract","04013113800","AZ","04013113800","=""04013113800""","69016","2020-2024","2022","Census","WBF AZ LLC McDonalds 6410","125 N 24th St","","Phoenix","AZ","85034","MARICOPA","Restaurant Meals Program","","","USDA","Maricopa (County, 2022)"
"Census Tract","04013112507","AZ","04013112507","=""04013112507""","41823","2020-2024","2022","Census","Walgreens 05937","4315 W McDowell Rd","","Phoenix","AZ","85035","MARICOPA","Other","","","USDA","Maricopa (County, 2022)"
"Census Tract","04013110701","AZ","04013110701","=""04013110701""","65481","2020-2024","2022","Census","Walgreens 3769","1616 E Thomas Rd","","Phoenix","AZ","85016","MARICOPA","Other","","","USDA","Maricopa (County, 2022)"
"Census Tract","04013111402","AZ","04013111402","=""04013111402""","66883","2020-2024","2022","Census","Walgreens 3789","3605 E Thomas Rd","","Phoenix","AZ","85018","MARICOPA","Other","","","USDA","Maricopa (County, 2022)"
"Census Tract","04013113204","AZ","04013113204","=""04013113204""","58371","2020-2024","2022","Census","Walgreens 5893","705 E McDowell Rd","","Phoenix","AZ","85006","MARICOPA","Other","","","USDA","Maricopa (County, 2022)"
"Census Tract","04013111402","AZ","04013111402","=""04013111402""","66883","2020-2024","2022","Census","Walmart 2515","3721 E THOMAS RD","","PHOENIX","AZ","85018","MARICOPA","Super Store","","","USDA","Maricopa (County, 2022)"
"Census Tract","04013111700","AZ","04013111700","=""04013111700""","91731","2020-2024","2022","Census","Yenat Enjera","1530 E McDowell Rd","","Phoenix","AZ","85006","MARICOPA","Grocery Store","","","USDA","Maricopa (County, 2022)"
"Census Tract","04013111502","AZ","04013111502","=""04013111502""","55729","2020-2024","2022","Census","ZEST MARKET","2801 E Thomas Rd","","Phoenix","AZ","85016","MARICOPA","Convenience Store","","","USDA","Maricopa (County, 2022)"
"Census Tract","04013112507","AZ","04013112507","=""04013112507""","41823","2020-2024","2022","Census","Zap Convenience & Liquor 01","5105 W McDowell Rd","","Phoenix","AZ","85035","MARICOPA","Convenience Store","","","USDA","Maricopa (County, 2022)"
"Census Tract","04013112202","AZ","04013112202","=""04013112202""","45373","2020-2024","2022","Census","Mcdowell Six AL HAGE","1601 N 43rd Ave","","Phoenix","AZ","85009","MARICOPA","Convenience Store","","","USDA","Maricopa (County, 2022)"
"Census Tract","04013112700","AZ","04013112700","=""04013112700""","55983","2020-2024","2022","Census","Mercado Latino","3102 W Van Buren St","","Phoenix","AZ","85009","MARICOPA","Grocery Store","","","USDA","Maricopa (County, 2022)"
"Census Tract","04013117000","AZ","04013117000","=""04013117000""","55032","2020-2024","2022","Census","Metro Tech High School Farmers Market","1900 W Thomas Rd","","Phoenix","AZ","85015","MARICOPA","Farmers and Markets","","Pinnacle Prevention Corporation","USDA","Maricopa (County, 2022)"
"Census Tract","04013111501","AZ","04013111501","=""04013111501""","60729","2020-2024","2022","Census","Mi Tienda Latina","1811 N 24th St","","Phoenix","AZ","85008","MARICOPA","Grocery Store","","","USDA","Maricopa (County, 2022)"
"Census Tract","04013110100","AZ","04013110100","=""04013110100""","57302","2020-2024","2022","Census","Mini Mart","3502 W Thomas Rd","","Phoenix","AZ","85019","MARICOPA","Convenience Store","","","USDA","Maricopa (County, 2022)"
"Census Tract","04013117200","AZ","04013117200","=""04013117200""","62782","2020-2024","2022","Census","Minute Liquors","2355 S 16th St","","Phoenix","AZ","85034","MARICOPA","Convenience Store","","","USDA","Maricopa (County, 2022)"
"Census Tract","04013111800","AZ","04013111800","=""04013111800""","97717","2020-2024","2022","Census","Mobil 305","305 E Thomas Rd","","Phoenix","AZ","85012","MARICOPA","Convenience Store","","","USDA","Maricopa (County, 2022)"
"Census Tract","04013116800","AZ","04013116800","=""04013116800""","54323","2020-2024","2022","Census","Mukhi Shah 1030 Llc 206568","2427 W Thomas Rd","","Phoenix","AZ","85015","MARICOPA","Convenience Store","","","USDA","Maricopa (County, 2022)"
"Census Tract","04013114402","AZ","04013114402","=""04013114402""","67823","2020-2024","2022","Census","Neighborhood Market 1","2101 W Adams St","","Phoenix","AZ","85009","MARICOPA","Convenience Store","","","USDA","Maricopa (County, 2022)"
"Census Tract","04013111800","AZ","04013111800","=""04013111800""","97717","2020-2024","2022","Census","New India Bazaar","2544 N 7th St","Ste 101","Phoenix","AZ","85006","MARICOPA","Grocery Store","","","USDA","Maricopa (County, 2022)"
"Census Tract","04013111401","AZ","04013111401","=""04013111401""","82471","2020-2024","2022","Census","Panaderia Y Tortilleria Guerrero LLC","2829 N 32nd St","Ste 103","Phoenix","AZ","85008","MARICOPA","Grocery Store","","","USDA","Maricopa (County, 2022)"
"Census Tract","04013111300","AZ","04013111300","=""04013111300""","76367","2020-2024","2022","Census","Papa Johns #1508","4501 E Thomas Rd","","Phoenix","AZ","85018","MARICOPA","Restaurant Meals Program","","","USDA","Maricopa (County, 2022)"
"Census Tract","04013110502","AZ","04013110502","=""04013110502""","71439","2020-2024","2022","Census","Papa Johns #1913","540 E Thomas Rd","","Phoenix","AZ","85012","MARICOPA","Restaurant Meals Program","","","USDA","Maricopa (County, 2022)"
"Census Tract","04013112301","AZ","04013112301","=""04013112301""","45764","2020-2024","2022","Census","Pescaderia  Mariscos Guaymas LLC","5030 W Mcdowell Rd","Ste 35a","Phoenix","AZ","85035","MARICOPA","Specialty Store","","","USDA","Maricopa (County, 2022)"
"Census Tract","04013110001","AZ","04013110001","=""04013110001""","84375","2020-2024","2022","Census","Pescaderia El Puerto De Guaymas Llc","4434 W Thomas Rd","Ste 19","Phoenix","AZ","85031","MARICOPA","Other","","","USDA","Maricopa (County, 2022)"
"Census Tract","04013112512","AZ","04013112512","=""04013112512""","32946","2020-2024","2022","Census","Phoenix Meats LLC","5131 W Latham St","","Phoenix","AZ","85043","MARICOPA","Specialty Store","","","USDA","Maricopa (County, 2022)"
"Census Tract","04013114302","AZ","04013114302","=""04013114302""","36107","2020-2024","2022","Census","Pop N' Bottles Liquor","1620 W Buckeye Rd","","Phoenix","AZ","85007","MARICOPA","Convenience Store","","","USDA","Maricopa (County, 2022)"
"Census Tract","04013113201","AZ","04013113201","=""04013113201""","63500","2020-2024","2022","Census","QUALITY FOOD MARKET","621 N 14th St","","Phoenix","AZ","85006","MARICOPA","Convenience Store","","","USDA","Maricopa (County, 2022)"
"Census Tract","04013112401","AZ","04013112401","=""04013112401""","57661","2020-2024","2022","Census","Quick Corner Market","5121 W Thomas Rd","","Phoenix","AZ","85031","MARICOPA","Convenience Store","","","USDA","Maricopa (County, 2022)"
"Census Tract","04013110702","AZ","04013110702","=""04013110702""","63886","2020-2024","2022","Census","QuikTrip 1408","2250 E Thomas Rd","","Phoenix","AZ","85016","MARICOPA","Convenience Store","","","USDA","Maricopa (County, 2022)"
"Census Tract","04013111300","AZ","04013111300","=""04013111300""","76367","2020-2024","2022","Census","QuikTrip 1416","2255 N 44th St","","Phoenix","AZ","85008","MARICOPA","Convenience Store","","","USDA","Maricopa (County, 2022)"
"Census Tract","04013112700","AZ","04013112700","=""04013112700""","55983","2020-2024","2022","Census","QuikTrip 1419","1157 N 35th Ave","","Phoenix","AZ","85009","MARICOPA","Convenience Store","","","USDA","Maricopa (County, 2022)"
"Census Tract","04013113503","AZ","04013113503","=""04013113503""","68108","2020-2024","2022","Census","QuikTrip 1441","1420 N 24th St","","Phoenix","AZ","85008","MARICOPA","Convenience Store","","","USDA","Maricopa (County, 2022)"
"Census Tract","04013319710","AZ","04013319710","=""04013319710""","72668","2020-2024","2022","Census","QuikTrip 400","2111 W University Dr","","Tempe","AZ","85281","MARICOPA","Convenience Store","","","USDA","Maricopa (County, 2022)"
"Census Tract","04013112512","AZ","04013112512","=""04013112512""","32946","2020-2024","2022","Census","QuikTrip 444","1155 N 51st Ave","","Phoenix","AZ","85043","MARICOPA","Convenience Store","","","USDA","Maricopa (County, 2022)"
"Census Tract","04013112514","AZ","04013112514","=""04013112514""","95000","2020-2024","2022","Census","QuikTrip 445","2775 S 51st Ave","","Phoenix","AZ","85043","MARICOPA","Convenience Store","","","USDA","Maricopa (County, 2022)"
"Census Tract","04013112100","AZ","04013112100","=""04013112100""","65108","2020-2024","2022","Census","QuikTrip 458","2836 N 27th Ave","","Phoenix","AZ","85009","MARICOPA","Convenience Store","","","USDA","Maricopa (County, 2022)"
"Census Tract","04013112302","AZ","04013112302","=""04013112302""","58048","2020-2024","2022","Census","Rainbow Donuts Hv LLC","5045 W Thomas Rd","Ste 101","Phoenix","AZ","85031","MARICOPA","Restaurant Meals Program","","","USDA","Maricopa (County, 2022)"
"Census Tract","04013114302","AZ","04013114302","=""04013114302""","36107","2020-2024","2022","Census","Reggie's Barbecue","730 S 15th Ave","Suite C","Phoenix","AZ","85007","MARICOPA","Restaurant Meals Program","","","USDA","Maricopa (County, 2022)"
"Census Tract","04013111800","AZ","04013111800","=""04013111800""","97717","2020-2024","2022","Census","SAFEWAY  2651","340 E McDowell Rd","","Phoenix","AZ","85004","MARICOPA","Supermarket","","","USDA","Maricopa (County, 2022)"
"Census Tract","04013112507","AZ","04013112507","=""04013112507""","41823","2020-2024","2022","Census","SMART & FINAL 499","1450 N 43rd Ave","","Phoenix","AZ","85009","MARICOPA","Super Store","","","USDA","Maricopa (County, 2022)"
"Census Tract","04013111602","AZ","04013111602","=""04013111602""","63639","2020-2024","2022","Census","SUBWAY 1473","2835 N 16th Street  Suite 5","","Phoenix","AZ","85006","MARICOPA","Restaurant Meals Program","","","USDA","Maricopa (County, 2022)"
"Census Tract","04013114600","AZ","04013114600","=""04013114600""","62989","2020-2024","2022","Census","SUBWAY 27050","3555 W. Van Buren St.  # 106","","Phoenix","AZ","85009","MARICOPA","Restaurant Meals Program","","","USDA","Maricopa (County, 2022)"
"Census Tract","04013111401","AZ","04013111401","=""04013111401""","82471","2020-2024","2022","Census","SUBWAY 29013","1610 N 36th Street  #B101","","Phoenix","AZ","85008","MARICOPA","Restaurant Meals Program","","","USDA","Maricopa (County, 2022)"
"Census Tract","04013111601","AZ","04013111601","=""04013111601""","69046","2020-2024","2022","Census","SUBWAY 39477","1616 N 24th Street  Suite C","","Phoenix","AZ","85008","MARICOPA","Restaurant Meals Program","","","USDA","Maricopa (County, 2022)"
"Census Tract","04013111300","AZ","04013111300","=""04013111300""","76367","2020-2024","2022","Census","SUBWAY 64313","4450 E McDowell Rd  Suite 115","","Phoenix","AZ","85008","MARICOPA","Restaurant Meals Program","","","USDA","Maricopa (County, 2022)"
"Census Tract","04013112201","AZ","04013112201","=""04013112201""","61557","2020-2024","2022","Census","SUPER MERCADO Y CARNICERIA MICHOACAN","3549 W Thomas Rd","Ste 104","Phoenix","AZ","85019","MARICOPA","Grocery Store","","","USDA","Maricopa (County, 2022)"
"Census Tract","04013111201","AZ","04013111201","=""04013111201""","54316","2020-2024","2022","Census","Sabrina Mini Market Inc","5058 E Mcdowell Rd","","Phoenix","AZ","85008","MARICOPA","Grocery Store","","","USDA","Maricopa (County, 2022)"
"Census Tract","04013111401","AZ","04013111401","=""04013111401""","82471","2020-2024","2022","Census","Sara Market","1610 N 36th St","Ste B-104","Phoenix","AZ","85008","MARICOPA","Grocery Store","","","USDA","Maricopa (County, 2022)"
"Census Tract","04013117200","AZ","04013117200","=""04013117200""","62782","2020-2024","2022","Census","Shell 70","1515 E Buckeye Rd","","Phoenix","AZ","85034","MARICOPA","Convenience Store","","","USDA","Maricopa (County, 2022)"
"Census Tract","04013111501","AZ","04013111501","=""04013111501""","60729","2020-2024","2022","Census","Shureim Halal Market Llc","2916 E McDowell Rd","Unit 3","Phoenix","AZ","85008","MARICOPA","Grocery Store","","","USDA","Maricopa (County, 2022)"
"Census Tract","04013111300","AZ","04013111300","=""04013111300""","76367","2020-2024","2022","Census","Simon Xpress Pizza DBA Hungry Howie's # 1804","4625 E Thomas Rd","","Phoenix","AZ","85018","MARICOPA","Restaurant Meals Program","","","USDA","Maricopa (County, 2022)"
"Census Tract","04013113503","AZ","04013113503","=""04013113503""","68108","2020-2024","2022","Census","Smackin' Wings","1430 N 32nd St","","Phoenix","AZ","85008","MARICOPA","Restaurant Meals Program","","","USDA","Maricopa (County, 2022)"
"Census Tract","04013111602","AZ","04013111602","=""04013111602""","63639","2020-2024","2022","Census","Speedway #3","1943 E Oak St","","Phoenix","AZ","85006","MARICOPA","Convenience Store","","","USDA","Maricopa (County, 2022)"
"Census Tract","04013113800","AZ","04013113800","=""04013113800""","69016","2020-2024","2022","Census","Speedy Street Tacos Corp","15 N 40th St","","Phoenix","AZ","85034","MARICOPA","Restaurant Meals Program","","","USDA","Maricopa (County, 2022)"
"Census Tract","04013116800","AZ","04013116800","=""04013116800""","54323","2020-2024","2022","Census","Star K 5591","2308 Grand Ave","","Phoenix","AZ","85009","MARICOPA","Convenience Store","","","USDA","Maricopa (County, 2022)"
"Census Tract","04013116900","AZ","04013116900","=""04013116900""","61250","2020-2024","2022","Census","Starcorp LLC dba Carls Jr 7602","2750 W Thomas Rd","","Phoenix","AZ","85017","MARICOPA","Restaurant Meals Program","","","USDA","Maricopa (County, 2022)"
"Census Tract","04013110702","AZ","04013110702","=""04013110702""","63886","2020-2024","2022","Census","Starcorp LLC dba Carls Jr 836","2342 E Thomas Rd","","Phoenix","AZ","85016","MARICOPA","Restaurant Meals Program","","","USDA","Maricopa (County, 2022)"
"Census Tract","04013112512","AZ","04013112512","=""04013112512""","32946","2020-2024","2022","Census","Starcorp LLC dba Carls Jr 839","1202 N 51st Ave","","Phoenix","AZ","85043","MARICOPA","Restaurant Meals Program","","","USDA","Maricopa (County, 2022)"
"Census Tract","04013111300","AZ","04013111300","=""04013111300""","76367","2020-2024","2022","Census","Subway","4539 E Thomas Rd","Ste 101","Phoenix","AZ","85018","MARICOPA","Restaurant Meals Program","","","USDA","Maricopa (County, 2022)"
"Census Tract","04013112100","AZ","04013112100","=""04013112100""","65108","2020-2024","2022","Census","Subway #31152","2775 W Thomas Rd","","Phoenix","AZ","85017","MARICOPA","Restaurant Meals Program","","","USDA","Maricopa (County, 2022)"
"Census Tract","04013117200","AZ","04013117200","=""04013117200""","62782","2020-2024","2022","Census","Subway #57431","1515 E Buckeye Rd","","Phoenix","AZ","85034","MARICOPA","Restaurant Meals Program","","","USDA","Maricopa (County, 2022)"
"Census Tract","04013112601","AZ","04013112601","=""04013112601""","36349","2020-2024","2022","Census","Subway 5562","1501 N 43rd Ave","Ste 4","Phoenix","AZ","85009","MARICOPA","Restaurant Meals Program","","","USDA","Maricopa (County, 2022)"
"Census Tract","04013111700","AZ","04013111700","=""04013111700""","91731","2020-2024","2022","Census","Sunshine Market","2302 N 12th St","","Phoenix","AZ","85006","MARICOPA","Convenience Store","","","USDA","Maricopa (County, 2022)"
"Census Tract","04013111501","AZ","04013111501","=""04013111501""","60729","2020-2024","2022","Census","Super Carniceria Los Pinos 3 Inc","2903 E Mcdowell Rd","","Phoenix","AZ","85008","MARICOPA","Grocery Store","","","USDA","Maricopa (County, 2022)"
"Census Tract","04013114600","AZ","04013114600","=""04013114600""","62989","2020-2024","2022","Census","Burger King # 5160","3521 W Van Buren St","","Phoenix","AZ","85009","MARICOPA","Restaurant Meals Program","","","USDA","Maricopa (County, 2022)"
"Census Tract","04013117200","AZ","04013117200","=""04013117200""","62782","2020-2024","2022","Census","Burger King 2051","1545 E Buckeye Rd","","Phoenix","AZ","85034","MARICOPA","Restaurant Meals Program","","","USDA","Maricopa (County, 2022)"
"Census Tract","04013111300","AZ","04013111300","=""04013111300""","76367","2020-2024","2022","Census","Burger King 24904","2834 N 44th St","","Phoenix","AZ","85008","MARICOPA","Restaurant Meals Program","","","USDA","Maricopa (County, 2022)"
"Census Tract","04013113800","AZ","04013113800","=""04013113800""","69016","2020-2024","2022","Census","Burger King 27571","175 N. 44th St.","","Phoenix","AZ","85008","MARICOPA","Restaurant Meals Program","","","USDA","Maricopa (County, 2022)"
"Census Tract","04013114401","AZ","04013114401","=""04013114401""","39583","2020-2024","2022","Census","Burger Shoppe Menuke LLC","151 N 27th Ave","","Phoenix","AZ","85009","MARICOPA","Restaurant Meals Program","","","USDA","Maricopa (County, 2022)"
"Census Tract","04013112100","AZ","04013112100","=""04013112100""","65108","2020-2024","2022","Census","Burgershoppe B","3423 W Thomas Rd","","Phoenix","AZ","85017","MARICOPA","Restaurant Meals Program","","","USDA","Maricopa (County, 2022)"
"Census Tract","04013112900","AZ","04013112900","=""04013112900""","58698","2020-2024","2022","Census","Buster's Market","603 N 15th Ave","","Phoenix","AZ","85007","MARICOPA","Convenience Store","","","USDA","Maricopa (County, 2022)"
"Census Tract","04013112700","AZ","04013112700","=""04013112700""","55983","2020-2024","2022","Census","CARNICERIA EL CAMINO","3205 W McDowell Rd","","Phoenix","AZ","85009","MARICOPA","Other","","","USDA","Maricopa (County, 2022)"
"Census Tract","04013112512","AZ","04013112512","=""04013112512""","32946","2020-2024","2022","Census","CIRCLE K 2709556","5150 W Buckeye Rd","","Phoenix","AZ","85043","MARICOPA","Convenience Store","","","USDA","Maricopa (County, 2022)"
"Census Tract","04013111300","AZ","04013111300","=""04013111300""","76367","2020-2024","2022","Census","CVS Pharmacy 3500","1625 N 44th St","","Phoenix","AZ","85008","MARICOPA","Other","","","USDA","Maricopa (County, 2022)"
"Census Tract","04013114100","AZ","04013114100","=""04013114100""","76705","2020-2024","2022","Census","CVS Pharmacy 8914","50 W Jefferson St","","Phoenix","AZ","85003","MARICOPA","Other","","","USDA","Maricopa (County, 2022)"
"Census Tract","04013112202","AZ","04013112202","=""04013112202""","45373","2020-2024","2022","Census","CVS Pharmacy 9222","4275 W Thomas Rd","","Phoenix","AZ","85009","MARICOPA","Other","","","USDA","Maricopa (County, 2022)"
"Census Tract","04013110802","AZ","04013110802","=""04013110802""","76960","2020-2024","2022","Census","CVS Pharmacy 9225","2406 E Thomas Rd","","Phoenix","AZ","85016","MARICOPA","Other","","","USDA","Maricopa (County, 2022)"
"Census Tract","04013113000","AZ","04013113000","=""04013113000""","80658","2020-2024","2022","Census","CVS Pharmacy 9347","1525 N Central Ave","","Phoenix","AZ","85004","MARICOPA","Other","","","USDA","Maricopa (County, 2022)"
"Census Tract","04013110600","AZ","04013110600","=""04013110600""","70331","2020-2024","2022","Census","Caribbean Oasis","2958 N 16th St","","Phoenix","AZ","85016","MARICOPA","Grocery Store","","","USDA","Maricopa (County, 2022)"
"Census Tract","04013110902","AZ","04013110902","=""04013110902""","82883","2020-2024","2022","Census","Carniceria Del Pacifico","2911 N 36th St","","Phoenix","AZ","85018","MARICOPA","Grocery Store","","","USDA","Maricopa (County, 2022)"
"Census Tract","04013111602","AZ","04013111602","=""04013111602""","63639","2020-2024","2022","Census","Carniceria Los Reyes","1603 N 16th St","","Phoenix","AZ","85006","MARICOPA","Grocery Store","","","USDA","Maricopa (County, 2022)"
"Census Tract","04013112301","AZ","04013112301","=""04013112301""","45764","2020-2024","2022","Census","Carniceria Rancho Alegre","4340 W Mcdowell Rd","Ste 2","Phoenix","AZ","85035","MARICOPA","Grocery Store","","","USDA","Maricopa (County, 2022)"
"Census Tract","04013114500","AZ","04013114500","=""04013114500""","44556","2020-2024","2022","Census","Carniceria Tres Potrillos","1133 S 33rd Ave","","Phoenix","AZ","85009","MARICOPA","Grocery Store","","","USDA","Maricopa (County, 2022)"
"Census Tract","04013112201","AZ","04013112201","=""04013112201""","61557","2020-2024","2022","Census","Carniceria Y Taqueria Sinaloa","1834 N 35th Ave","","Phoenix","AZ","85009","MARICOPA","Grocery Store","","","USDA","Maricopa (County, 2022)"
"Census Tract","04013110901","AZ","04013110901","=""04013110901""","57347","2020-2024","2022","Census","Chevron","3210 E Thomas Rd","","Phoenix","AZ","85018","MARICOPA","Convenience Store","","","USDA","Maricopa (County, 2022)"
"Census Tract","04013113301","AZ","04013113301","=""04013113301""","26622","2020-2024","2022","Census","Circle K 2700014","1001 N 16th St","","Phoenix","AZ","85006","MARICOPA","Convenience Store","","","USDA","Maricopa (County, 2022)"
"Census Tract","04013113000","AZ","04013113000","=""04013113000""","80658","2020-2024","2022","Census","Circle K 2700114","614 W Roosevelt St","","Phoenix","AZ","85003","MARICOPA","Convenience Store","","","USDA","Maricopa (County, 2022)"
"Census Tract","04013113503","AZ","04013113503","=""04013113503""","68108","2020-2024","2022","Census","Circle K 2701344","1002 N 32nd St","","Phoenix","AZ","85008","MARICOPA","Convenience Store","","","USDA","Maricopa (County, 2022)"
"Census Tract","04013114900","AZ","04013114900","=""04013114900""","25703","2020-2024","2022","Census","Circle K 2701569","699 E Buckeye Rd","","Phoenix","AZ","85004","MARICOPA","Convenience Store","","","USDA","Maricopa (County, 2022)"
"Census Tract","04013112700","AZ","04013112700","=""04013112700""","55983","2020-2024","2022","Census","Circle K 2701584","2640 W Van Buren St","","Phoenix","AZ","85009","MARICOPA","Convenience Store","","","USDA","Maricopa (County, 2022)"
"Census Tract","04013112900","AZ","04013112900","=""04013112900""","58698","2020-2024","2022","Census","Circle K 2701603","1501 W McDowell Rd","","Phoenix","AZ","85007","MARICOPA","Convenience Store","","","USDA","Maricopa (County, 2022)"
"Census Tract","04013111800","AZ","04013111800","=""04013111800""","97717","2020-2024","2022","Census","Circle K 2701667","2850 N 7th St","","Phoenix","AZ","85006","MARICOPA","Convenience Store","","","USDA","Maricopa (County, 2022)"
"Census Tract","04013112900","AZ","04013112900","=""04013112900""","58698","2020-2024","2022","Census","Circle K 2701795","1732 W Van Buren St","","Phoenix","AZ","85007","MARICOPA","Convenience Store","","","USDA","Maricopa (County, 2022)"
"Census Tract","04013114200","AZ","04013114200","=""04013114200""","52639","2020-2024","2022","Census","Circle K 2701843","10 E Buckeye Rd","","Phoenix","AZ","85004","MARICOPA","Convenience Store","","","USDA","Maricopa (County, 2022)"
"Census Tract","04013111900","AZ","04013111900","=""04013111900""","144091","2020-2024","2022","Census","Circle K 2701859","702 W McDowell Rd","","Phoenix","AZ","85007","MARICOPA","Convenience Store","","","USDA","Maricopa (County, 2022)"
"Census Tract","04013113800","AZ","04013113800","=""04013113800""","69016","2020-2024","2022","Census","Circle K 2701921","3149 E Van Buren St","","Phoenix","AZ","85008","MARICOPA","Convenience Store","","","USDA","Maricopa (County, 2022)"
"Census Tract","04013111501","AZ","04013111501","=""04013111501""","60729","2020-2024","2022","Census","Circle K 2701974","2400 E McDowell Rd","","Phoenix","AZ","85008","MARICOPA","Convenience Store","","","USDA","Maricopa (County, 2022)"
"Census Tract","04013114302","AZ","04013114302","=""04013114302""","36107","2020-2024","2022","Census","Circle K 2701998","1834 W Grant St","","Phoenix","AZ","85007","MARICOPA","Convenience Store","","","USDA","Maricopa (County, 2022)"
"Census Tract","04013112201","AZ","04013112201","=""04013112201""","61557","2020-2024","2022","Census","Circle K 2702817","2120 N 35th Ave","","Phoenix","AZ","85009","MARICOPA","Convenience Store","","","USDA","Maricopa (County, 2022)"
"Census Tract","04013111203","AZ","04013111203","=""04013111203""","50862","2020-2024","2022","Census","Circle K 2702860","5150 E Van Buren St","","Phoenix","AZ","85008","MARICOPA","Convenience Store","","","USDA","Maricopa (County, 2022)"
"Census Tract","04013113100","AZ","04013113100","=""04013113100""","40395","2020-2024","2022","Census","Circle K 2702872","602 N 1st Ave","","Phoenix","AZ","85003","MARICOPA","Convenience Store","","","USDA","Maricopa (County, 2022)"
"Census Tract","04013114600","AZ","04013114600","=""04013114600""","62989","2020-2024","2022","Census","Circle K 2702885","3618 W Buckeye Rd","","Phoenix","AZ","85009","MARICOPA","Convenience Store","","","USDA","Maricopa (County, 2022)"
"Census Tract","04013110400","AZ","04013110400","=""04013110400""","90556","2020-2024","2022","Census","Circle K 2702889","1342 W Thomas Rd","","Phoenix","AZ","85013","MARICOPA","Convenience Store","","","USDA","Maricopa (County, 2022)"
"Census Tract","04013111401","AZ","04013111401","=""04013111401""","82471","2020-2024","2022","Census","Circle K 2702890","3543 E Oak St","","Phoenix","AZ","85008","MARICOPA","Convenience Store","","","USDA","Maricopa (County, 2022)"
"Census Tract","04013111201","AZ","04013111201","=""04013111201""","54316","2020-2024","2022","Census","Circle K 2702891","5146 E McDowell Rd","","Phoenix","AZ","85008","MARICOPA","Convenience Store","","","USDA","Maricopa (County, 2022)"
"Census Tract","04013112602","AZ","04013112602","=""04013112602""","49286","2020-2024","2022","Census","Circle K 2703393","301 N 43rd Ave","","Phoenix","AZ","85009","MARICOPA","Convenience Store","","","USDA","Maricopa (County, 2022)"
"Census Tract","04013113202","AZ","04013113202","=""04013113202""","54595","2020-2024","2022","Census","Circle K 2703447","975 N 7th St","","Phoenix","AZ","85006","MARICOPA","Convenience Store","","","USDA","Maricopa (County, 2022)"
"Census Tract","04013113204","AZ","04013113204","=""04013113204""","58371","2020-2024","2022","Census","Circle K 2705023","1523 E McDowell Rd","","Phoenix","AZ","85006","MARICOPA","Convenience Store","","","USDA","Maricopa (County, 2022)"
"Census Tract","04013112302","AZ","04013112302","=""04013112302""","58048","2020-2024","2022","Census","Circle K 2705069","4301 W Thomas Rd","","Phoenix","AZ","85031","MARICOPA","Convenience Store","","","USDA","Maricopa (County, 2022)"
"Census Tract","04013112601","AZ","04013112601","=""04013112601""","36349","2020-2024","2022","Census","Circle K 2705407","4259 W McDowell Rd","","Phoenix","AZ","85009","MARICOPA","Convenience Store","","","USDA","Maricopa (County, 2022)"
"Census Tract","04013113800","AZ","04013113800","=""04013113800""","69016","2020-2024","2022","Census","Circle K 2705408","4403 E Van Buren St","","Phoenix","AZ","85008","MARICOPA","Convenience Store","","","USDA","Maricopa (County, 2022)"
"Census Tract","04013112602","AZ","04013112602","=""04013112602""","49286","2020-2024","2022","Census","Circle K 2706662","1146 N 35th Ave","","Phoenix","AZ","85009","MARICOPA","Convenience Store","","","USDA","Maricopa (County, 2022)"
"Census Tract","04013113900","AZ","04013113900","=""04013113900""","22943","2020-2024","2022","Census","Circle K 2708596","1602 E Washington St","","Phoenix","AZ","85034","MARICOPA","Convenience Store","","","USDA","Maricopa (County, 2022)"
"Census Tract","04013114500","AZ","04013114500","=""04013114500""","44556","2020-2024","2022","Census","Circle K 2708689","2708 W Buckeye Rd","","Phoenix","AZ","85009","MARICOPA","Convenience Store","","","USDA","Maricopa (County, 2022)"
"Census Tract","04013114402","AZ","04013114402","=""04013114402""","67823","2020-2024","2022","Census","Circle K 2708829","2041 W Van Buren St","","Phoenix","AZ","85009","MARICOPA","Convenience Store","","","USDA","Maricopa (County, 2022)"
"Census Tract","04013113202","AZ","04013113202","=""04013113202""","54595","2020-2024","2022","Census","Circle K 2708841","966 E Van Buren St","","Phoenix","AZ","85006","MARICOPA","Convenience Store","","","USDA","Maricopa (County, 2022)"
"Census Tract","04013112514","AZ","04013112514","=""04013112514""","95000","2020-2024","2022","Census","Circle K 2708870","3501 W Lower Buckeye Rd Lowr","","Phoenix","AZ","85009","MARICOPA","Convenience Store","","","USDA","Maricopa (County, 2022)"
"Census Tract","04013111201","AZ","04013111201","=""04013111201""","54316","2020-2024","2022","Census","Circle K 2709168","4801 E Thomas Rd","","Phoenix","AZ","85018","MARICOPA","Convenience Store","","","USDA","Maricopa (County, 2022)"
"Census Tract","04013111402","AZ","04013111402","=""04013111402""","66883","2020-2024","2022","Census","Circle K Store 2741635","3980 E McDowell Rd","","Phoenix","AZ","85008","MARICOPA","Convenience Store","","","USDA","Maricopa (County, 2022)"
"Census Tract","04013112514","AZ","04013112514","=""04013112514""","95000","2020-2024","2022","Census","Circle K Store 2741652","5049 W Buckeye Rd","","Phoenix","AZ","85043","MARICOPA","Convenience Store","","","USDA","Maricopa (County, 2022)"
"Census Tract","04013112201","AZ","04013112201","=""04013112201""","61557","2020-2024","2022","Census","Comunidad Latina #2","2018 N 35th Ave","","Phoenix","AZ","85009","MARICOPA","Convenience Store","","","USDA","Maricopa (County, 2022)"
"Census Tract","04013111401","AZ","04013111401","=""04013111401""","82471","2020-2024","2022","Census","Corner Express","3202 E Mcdowell Rd","","Phoenix","AZ","85008","MARICOPA","Convenience Store","","","USDA","Maricopa (County, 2022)"
"Census Tract","04013111300","AZ","04013111300","=""04013111300""","76367","2020-2024","2022","Census","Costco Wholesale 0465","4502 E Oak St","","Phoenix","AZ","85008","MARICOPA","Super Store","","","USDA","Maricopa (County, 2022)"
"Census Tract","04013114800","AZ","04013114800","=""04013114800""","69944","2020-2024","2022","Census","DOLLAR GENERAL 14141","1855 W Buckeye Rd","","Phoenix","AZ","85007","MARICOPA","Other","","","USDA","Maricopa (County, 2022)"
"Census Tract","04013112601","AZ","04013112601","=""04013112601""","36349","2020-2024","2022","Census","DOLLAR GENERAL 14142","3949 W McDowell Rd","","Phoenix","AZ","85009","MARICOPA","Other","","","USDA","Maricopa (County, 2022)"
"Census Tract","04013111800","AZ","04013111800","=""04013111800""","97717","2020-2024","2022","Census","Hungry Howies 1851","2535 N. Central Ave.","","Phoenix","AZ","85004","MARICOPA","Restaurant Meals Program","","","USDA","Maricopa (County, 2022)"
"Census Tract","04013111800","AZ","04013111800","=""04013111800""","97717","2020-2024","2022","Census","ISLAND MANAGEMENT LLC SUBWAY","2817 N Central Ave","","Phoenix","AZ","85004","MARICOPA","Restaurant Meals Program","","","USDA","Maricopa (County, 2022)"
"Census Tract","04013114800","AZ","04013114800","=""04013114800""","69944","2020-2024","2022","Census","JC Quik Stop","1702 S 7th Ave","","Phoenix","AZ","85007","MARICOPA","Convenience Store","","","USDA","Maricopa (County, 2022)"
"Census Tract","04013113800","AZ","04013113800","=""04013113800""","69016","2020-2024","2022","Census","Jack  in The Box #1535","2711 S. 40th Street","","Phoenix","AZ","85034","MARICOPA","Restaurant Meals Program","","","USDA","Maricopa (County, 2022)"
"Census Tract","04013113701","AZ","04013113701","=""04013113701""","55357","2020-2024","2022","Census","Jack In The Box #1105","4741 E McDowell Rd","","Phoenix","AZ","85008","MARICOPA","Restaurant Meals Program","","","USDA","Maricopa (County, 2022)"
"Census Tract","04013117000","AZ","04013117000","=""04013117000""","55032","2020-2024","2022","Census","Jack In The Box #1110","2440 W Thomas Rd","","Phoenix","AZ","85015","MARICOPA","Restaurant Meals Program","","","USDA","Maricopa (County, 2022)"
"Census Tract","04013111401","AZ","04013111401","=""04013111401""","82471","2020-2024","2022","Census","Jack in The Box #0105","3545 E Thomas Rd","","Phoenix","AZ","85018","MARICOPA","Restaurant Meals Program","","","USDA","Maricopa (County, 2022)"
"Census Tract","04013114301","AZ","04013114301","=""04013114301""","53389","2020-2024","2022","Census","Jack in The Box #101","1833 W Van Buren St","","Phoenix","AZ","85007","MARICOPA","Restaurant Meals Program","","","USDA","Maricopa (County, 2022)"
"Census Tract","04013111800","AZ","04013111800","=""04013111800""","97717","2020-2024","2022","Census","Jack in The Box #108","3455 W McDowell Rd","","Phoenix","AZ","85003","MARICOPA","Restaurant Meals Program","","","USDA","Maricopa (County, 2022)"
"Census Tract","04013114402","AZ","04013114402","=""04013114402""","67823","2020-2024","2022","Census","Jack in The Box #1114","1902 W Buckeye Rd","","Phoenix","AZ","85009","MARICOPA","Restaurant Meals Program","","","USDA","Maricopa (County, 2022)"
"Census Tract","04013113503","AZ","04013113503","=""04013113503""","68108","2020-2024","2022","Census","Jack in The Box #1116","1001 N 24th St","","Phoenix","AZ","85008","MARICOPA","Restaurant Meals Program","","","USDA","Maricopa (County, 2022)"
"Census Tract","04013111800","AZ","04013111800","=""04013111800""","97717","2020-2024","2022","Census","Jack in The Box #112","132 W McDowell Rd","","Phoenix","AZ","85003","MARICOPA","Restaurant Meals Program","","","USDA","Maricopa (County, 2022)"
"Census Tract","04013113800","AZ","04013113800","=""04013113800""","69016","2020-2024","2022","Census","Jack in The Box #1192","3150 E Washington St","","Phoenix","AZ","85034","MARICOPA","Restaurant Meals Program","","","USDA","Maricopa (County, 2022)"
"Census Tract","04013112302","AZ","04013112302","=""04013112302""","58048","2020-2024","2022","Census","Jack in The Box #129","4313 W Thomas Rd","","Phoenix","AZ","85031","MARICOPA","Restaurant Meals Program","","","USDA","Maricopa (County, 2022)"
"Census Tract","04013114600","AZ","04013114600","=""04013114600""","62989","2020-2024","2022","Census","Jack in The Box #1520","3502 W Buckeye Rd","","Phoenix","AZ","85009","MARICOPA","Restaurant Meals Program","","","USDA","Maricopa (County, 2022)"
"Census Tract","04013114200","AZ","04013114200","=""04013114200""","52639","2020-2024","2022","Census","Jack in The Box #1524","620 E Buckeye Rd","","Phoenix","AZ","85004","MARICOPA","Restaurant Meals Program","","","USDA","Maricopa (County, 2022)"
"Census Tract","04013112512","AZ","04013112512","=""04013112512""","32946","2020-2024","2022","Census","Jack in The Box 1590","1125 N 51st Ave.","","Phoenix","AZ","85043","MARICOPA","Restaurant Meals Program","","","USDA","Maricopa (County, 2022)"
"Census Tract","04013112602","AZ","04013112602","=""04013112602""","49286","2020-2024","2022","Census","Jas Arco 42533","935 N 43rd Ave","","Phoenix","AZ","85009","MARICOPA","Convenience Store","","","USDA","Maricopa (County, 2022)"
"Census Tract","04013114402","AZ","04013114402","=""04013114402""","67823","2020-2024","2022","Census","Jefferson Food Market","2145 W Jefferson St","","Phoenix","AZ","85009","MARICOPA","Convenience Store","","","USDA","Maricopa (County, 2022)"
"Census Tract","04013113900","AZ","04013113900","=""04013113900""","22943","2020-2024","2022","Census","Kwik Corner 102 Kwik 102","102 S 24th St","","Phoenix","AZ","85034","MARICOPA","Convenience Store","","","USDA","Maricopa (County, 2022)"
"Census Tract","04013113800","AZ","04013113800","=""04013113800""","69016","2020-2024","2022","Census","Kwik Corner 3001 Kwik 3001","3001 E Washington St","","Phoenix","AZ","85034","MARICOPA","Convenience Store","","","USDA","Maricopa (County, 2022)"
"Census Tract","04013113800","AZ","04013113800","=""04013113800""","69016","2020-2024","2022","Census","La Familia Carniceria","2801 E Van Buren St","","Phoenix","AZ","85008","MARICOPA","Grocery Store","","","USDA","Maricopa (County, 2022)"
"Census Tract","04013112302","AZ","04013112302","=""04013112302""","58048","2020-2024","2022","Census","La Mexicana","5045 W Thomas Rd","Ste 103","Phoenix","AZ","85031","MARICOPA","Grocery Store","","","USDA","Maricopa (County, 2022)"
"Census Tract","04013112401","AZ","04013112401","=""04013112401""","57661","2020-2024","2022","Census","La Victoria Super Carniceria","5109 W Thomas Rd","Ste 202","Phoenix","AZ","85031","MARICOPA","Grocery Store","","","USDA","Maricopa (County, 2022)"
"Census Tract","04013114200","AZ","04013114200","=""04013114200""","52639","2020-2024","2022","Census","Lee's Market","420 W Buckeye Rd","","Phoenix","AZ","85003","MARICOPA","Convenience Store","","","USDA","Maricopa (County, 2022)"
"Census Tract","04013111800","AZ","04013111800","=""04013111800""","97717","2020-2024","2022","Census","Lenny's Burger Central","2530 N Central Ave","","Phoenix","AZ","85004","MARICOPA","Restaurant Meals Program","","","USDA","Maricopa (County, 2022)"
"Census Tract","04013113301","AZ","04013113301","=""04013113301""","26622","2020-2024","2022","Census","Los Altos Ranch Market 3","1602 E Roosevelt St","","Phoenix","AZ","85006","MARICOPA","Super Store","","","USDA","Maricopa (County, 2022)"
"Census Tract","04013111700","AZ","04013111700","=""04013111700""","91731","2020-2024","2022","Census","Lucky's Liquor","2328 N 16th St","","Phoenix","AZ","85006","MARICOPA","Convenience Store","","","USDA","Maricopa (County, 2022)"
"Census Tract","04013111000","AZ","04013111000","=""04013111000""","108750","2020-2024","2022","Census","McDONALD'S 1092","4430 E. THOMAS RD","","PHOENIX","AZ","85018","MARICOPA","Restaurant Meals Program","","","USDA","Maricopa (County, 2022)"
"Census Tract","04013116800","AZ","04013116800","=""04013116800""","54323","2020-2024","2022","Census","McDonald's #1258","2427 W Thomas Rd","","Phoenix","AZ","85015","MARICOPA","Restaurant Meals Program","","","USDA","Maricopa (County, 2022)"
"Census Tract","04013114100","AZ","04013114100","=""04013114100""","76705","2020-2024","2022","Census","McDonald's #23311","223 N 7th Ave","","Phoenix","AZ","85007","MARICOPA","Restaurant Meals Program","","","USDA","Maricopa (County, 2022)"
"Census Tract","04013112507","AZ","04013112507","=""04013112507""","41823","2020-2024","2022","Census","24 Hour Food Mart Inc","5035 W McDowell Rd","","Phoenix","AZ","85035","MARICOPA","Convenience Store","","","USDA","Maricopa (County, 2022)"
"Census Tract","04013114900","AZ","04013114900","=""04013114900""","25703","2020-2024","2022","Census","3A Food Store","2045 S 7th Ave","","Phoenix","AZ","85007","MARICOPA","Convenience Store","","","USDA","Maricopa (County, 2022)"
"Census Tract","04013113800","AZ","04013113800","=""04013113800""","69016","2020-2024","2022","Census","40th Street Chevron","2711 S 40th St","","Phoenix","AZ","85034","MARICOPA","Convenience Store","","","USDA","Maricopa (County, 2022)"
"Census Tract","04013112302","AZ","04013112302","=""04013112302""","58048","2020-2024","2022","Census","47 Ave Food Store Corp","4723 W Thomas Rd","","Phoenix","AZ","85031","MARICOPA","Convenience Store","","","USDA","Maricopa (County, 2022)"
"Census Tract","04013111300","AZ","04013111300","=""04013111300""","76367","2020-2024","2022","Census","7-Eleven 19650E","4748 E McDowell Rd","","Phoenix","AZ","85008","MARICOPA","Convenience Store","","","USDA","Maricopa (County, 2022)"
"Census Tract","04013114900","AZ","04013114900","=""04013114900""","25703","2020-2024","2022","Census","7-Eleven 42313A","1818 S 7th St","","Phoenix","AZ","85034","MARICOPA","Convenience Store","","","USDA","Maricopa (County, 2022)"
"Census Tract","04013111201","AZ","04013111201","=""04013111201""","54316","2020-2024","2022","Census","7-eleven #21040f #21040F","5135 E Thomas Rd","","Phoenix","AZ","85018","MARICOPA","Convenience Store","","","USDA","Maricopa (County, 2022)"
"Census Tract","04013110902","AZ","04013110902","=""04013110902""","82883","2020-2024","2022","Census","7-eleven #23215a 23215A","3948 E Thomas Rd","","Phoenix","AZ","85018","MARICOPA","Convenience Store","","","USDA","Maricopa (County, 2022)"
"Census Tract","04013113702","AZ","04013113702","=""04013113702""","86806","2020-2024","2022","Census","7-eleven 27401C","4748 E Van Buren St","","Phoenix","AZ","85008","MARICOPA","Convenience Store","","","USDA","Maricopa (County, 2022)"
"Census Tract","04013113503","AZ","04013113503","=""04013113503""","68108","2020-2024","2022","Census","76 Gas Station","1045 N 24th St","","Phoenix","AZ","85008","MARICOPA","Convenience Store","","","USDA","Maricopa (County, 2022)"
"Census Tract","04013111502","AZ","04013111502","=""04013111502""","55729","2020-2024","2022","Census","AUJLA CORPORATION","2310 N 32nd St","","Phoenix","AZ","85008","MARICOPA","Convenience Store","","","USDA","Maricopa (County, 2022)"
"Census Tract","04013117200","AZ","04013117200","=""04013117200""","62782","2020-2024","2022","Census","AUSTIN'S CASH MARKET","1445 S 13th Pl","","Phoenix","AZ","85034","MARICOPA","Convenience Store","","","USDA","Maricopa (County, 2022)"
"Census Tract","04013112900","AZ","04013112900","=""04013112900""","58698","2020-2024","2022","Census","AZ Dollar Store","1550 W Van Buren St","","Phoenix","AZ","85007","MARICOPA","Convenience Store","","","USDA","Maricopa (County, 2022)"
"Census Tract","04013117000","AZ","04013117000","=""04013117000""","55032","2020-2024","2022","Census","Aa's Corner Mart","2344 W Thomas Rd","","Phoenix","AZ","85015","MARICOPA","Convenience Store","","","USDA","Maricopa (County, 2022)"
"Census Tract","04013113503","AZ","04013113503","=""04013113503""","68108","2020-2024","2022","Census","Adrian's Market Llc","1042 N 26th St","","Phoenix","AZ","85008","MARICOPA","Convenience Store","","","USDA","Maricopa (County, 2022)"
"Census Tract","04013111501","AZ","04013111501","=""04013111501""","60729","2020-2024","2022","Census","Al Rahma Grocery And Halal Foods","2937 E McDowell Rd","","Phoenix","AZ","85008","MARICOPA","Grocery Store","","","USDA","Maricopa (County, 2022)"
"Census Tract","04013113900","AZ","04013113900","=""04013113900""","22943","2020-2024","2022","Census","Alamo Foods","2001 E Van Buren St","","Phoenix","AZ","85006","MARICOPA","Convenience Store","","","USDA","Maricopa (County, 2022)"
"Census Tract","04013110600","AZ","04013110600","=""04013110600""","70331","2020-2024","2022","Census","Ampm Nio Market","2902 N 16th St","","Phoenix","AZ","85016","MARICOPA","Convenience Store","","","USDA","Maricopa (County, 2022)"
"Census Tract","04013111501","AZ","04013111501","=""04013111501""","60729","2020-2024","2022","Census","Arco AM/PM","1825 N 24th St","","Phoenix","AZ","85008","MARICOPA","Convenience Store","","","USDA","Maricopa (County, 2022)"
"Census Tract","04013112401","AZ","04013112401","=""04013112401""","57661","2020-2024","2022","Census","Arco Am Pm 42707","5101 W Thomas Rd","","Phoenix","AZ","85031","MARICOPA","Convenience Store","","","USDA","Maricopa (County, 2022)"
"Census Tract","04013116800","AZ","04013116800","=""04013116800""","54323","2020-2024","2022","Census","Arco Ampm","1601 N 27th Ave","","Phoenix","AZ","85009","MARICOPA","Convenience Store","","","USDA","Maricopa (County, 2022)"
"Census Tract","04013111300","AZ","04013111300","=""04013111300""","76367","2020-2024","2022","Census","Arco Ampm 42749","4249 E Thomas Rd","","Phoenix","AZ","85018","MARICOPA","Convenience Store","","","USDA","Maricopa (County, 2022)"
"Census Tract","04013117300","AZ","04013117300","=""04013117300""","39857","2020-2024","2022","Census","BURGER KING 23627","1901 W Buckeye Rd","","Phoenix","AZ","85009","MARICOPA","Restaurant Meals Program","","","USDA","Maricopa (County, 2022)"
"Census Tract","04013111602","AZ","04013111602","=""04013111602""","63639","2020-2024","2022","Census","BURGER KING 4105","1611 E Thomas Rd","","Phoenix","AZ","85016","MARICOPA","Restaurant Meals Program","","","USDA","Maricopa (County, 2022)"
"Census Tract","04013111502","AZ","04013111502","=""04013111502""","55729","2020-2024","2022","Census","BURGER KING 9258","3164 E McDowell Rd","","Phoenix","AZ","85008","MARICOPA","Restaurant Meals Program","","","USDA","Maricopa (County, 2022)"
"Census Tract","04013113301","AZ","04013113301","=""04013113301""","26622","2020-2024","2022","Census","Baiz Fresh Food","523 N 20th St","","Phoenix","AZ","85006","MARICOPA","Supermarket","","","USDA","Maricopa (County, 2022)"
"Census Tract","04013111900","AZ","04013111900","=""04013111900""","144091","2020-2024","2022","Census","Bati Bites","1510 W Mcdowell Rd","Ste 4","Phoenix","AZ","85007","MARICOPA","Other","","","USDA","Maricopa (County, 2022)"
"Census Tract","04013113900","AZ","04013113900","=""04013113900""","22943","2020-2024","2022","Census","Ben Brothers Market LLC","1645 E Van Buren St","","Phoenix","AZ","85006","MARICOPA","Convenience Store","","","USDA","Maricopa (County, 2022)"
"Census Tract","04013112507","AZ","04013112507","=""04013112507""","41823","2020-2024","2022","Census","El Pollo Loco #3755","5009 McDowell Rd","","Phoenix","AZ","85043","MARICOPA","Restaurant Meals Program","","","USDA","Maricopa (County, 2022)"
"Census Tract","04013111000","AZ","04013111000","=""04013111000""","108750","2020-2024","2022","Census","El Pollo Loco #3760","4102 E Thomas Rd","","Phoenix","AZ","85018","MARICOPA","Restaurant Meals Program","","","USDA","Maricopa (County, 2022)"
"Census Tract","04013114402","AZ","04013114402","=""04013114402""","67823","2020-2024","2022","Census","El Primos Mini Mart","1020 S 19th Ave","","Phoenix","AZ","85009","MARICOPA","Convenience Store","","","USDA","Maricopa (County, 2022)"
"Census Tract","04013110802","AZ","04013110802","=""04013110802""","76960","2020-2024","2022","Census","El Super 22","3130 E Thomas Rd","","Phoenix","AZ","85016","MARICOPA","Supermarket","","","USDA","Maricopa (County, 2022)"
"Census Tract","04013111300","AZ","04013111300","=""04013111300""","76367","2020-2024","2022","Census","Ez Trip","4002 E Mcdowell Rd","","Phoenix","AZ","85008","MARICOPA","Convenience Store","","","USDA","Maricopa (County, 2022)"
"Census Tract","04013111300","AZ","04013111300","=""04013111300""","76367","2020-2024","2022","Census","FRY'S 135","4505 E Thomas Rd","","Phoenix","AZ","85018","MARICOPA","Super Store","","","USDA","Maricopa (County, 2022)"
"Census Tract","04013110802","AZ","04013110802","=""04013110802""","76960","2020-2024","2022","Census","FRY'S 2","3036 E Thomas Rd","","Phoenix","AZ","85016","MARICOPA","Super Store","","","USDA","Maricopa (County, 2022)"
"Census Tract","04013112202","AZ","04013112202","=""04013112202""","45373","2020-2024","2022","Census","FRY'S 610","4230 W McDowell Rd","","Phoenix","AZ","85009","MARICOPA","Super Store","","","USDA","Maricopa (County, 2022)"
"Census Tract","04013112100","AZ","04013112100","=""04013112100""","65108","2020-2024","2022","Census","Fabry Food Market Llc 1","3243 W Thomas Rd","Ste B","Phoenix","AZ","85017","MARICOPA","Other","","","USDA","Maricopa (County, 2022)"
"Census Tract","04013112201","AZ","04013112201","=""04013112201""","61557","2020-2024","2022","Census","Family Dollar 11495","3605 W Thomas Rd","","Phoenix","AZ","85019","MARICOPA","Other","","","USDA","Maricopa (County, 2022)"
"Census Tract","04013113800","AZ","04013113800","=""04013113800""","69016","2020-2024","2022","Census","Family Dollar 11786","3121 E Van Buren St","","Phoenix","AZ","85008","MARICOPA","Other","","","USDA","Maricopa (County, 2022)"
"Census Tract","04013109900","AZ","04013109900","=""04013109900""","70328","2020-2024","2022","Census","Family Dollar 11796","5109 W Thomas Rd","Ste 101","Phoenix","AZ","85031","MARICOPA","Other","","","USDA","Maricopa (County, 2022)"
"Census Tract","04013110702","AZ","04013110702","=""04013110702""","63886","2020-2024","2022","Census","Family Dollar 12301","2046 E Thomas Rd","","Phoenix","AZ","85016","MARICOPA","Other","","","USDA","Maricopa (County, 2022)"
"Census Tract","04013112601","AZ","04013112601","=""04013112601""","36349","2020-2024","2022","Census","Family Dollar 8644","4239 W McDowell Rd","Ste 24","Phoenix","AZ","85009","MARICOPA","Other","","","USDA","Maricopa (County, 2022)"
"Census Tract","04013113204","AZ","04013113204","=""04013113204""","58371","2020-2024","2022","Census","Family Dollar Store 5773","1831 E McDowell Rd","","Phoenix","AZ","85006","MARICOPA","Other","","","USDA","Maricopa (County, 2022)"
"Census Tract","04013111401","AZ","04013111401","=""04013111401""","82471","2020-2024","2022","Census","Family Dollar Store 5931","1630 N 36th St","","Phoenix","AZ","85008","MARICOPA","Other","","","USDA","Maricopa (County, 2022)"
"Census Tract","04013113301","AZ","04013113301","=""04013113301""","26622","2020-2024","2022","Census","Family Dollar Store 6291","1014 N 24th St","Ste 7","Phoenix","AZ","85008","MARICOPA","Other","","","USDA","Maricopa (County, 2022)"
"Census Tract","04013111502","AZ","04013111502","=""04013111502""","55729","2020-2024","2022","Census","Family Dollar Store 6362","2548 N 32nd St","","Phoenix","AZ","85008","MARICOPA","Other","","","USDA","Maricopa (County, 2022)"
"Census Tract","04013114600","AZ","04013114600","=""04013114600""","62989","2020-2024","2022","Census","Family Dollar Store 6375","3555 W Van Buren St","","Phoenix","AZ","85009","MARICOPA","Other","","","USDA","Maricopa (County, 2022)"
"Census Tract","04013114800","AZ","04013114800","=""04013114800""","69944","2020-2024","2022","Census","Family Market 1","1701 S 15th Ave","","Phoenix","AZ","85007","MARICOPA","Convenience Store","","","USDA","Maricopa (County, 2022)"
"Census Tract","04013113800","AZ","04013113800","=""04013113800""","69016","2020-2024","2022","Census","Farm Express","275 N Gateway Dr","","Phoenix","AZ","85034","MARICOPA","Other","","","USDA","Maricopa (County, 2022)"
"Census Tract","04013112601","AZ","04013112601","=""04013112601""","36349","2020-2024","2022","Census","Food City 103","4239 W McDowell Rd","","Phoenix","AZ","85009","MARICOPA","Super Store","","","USDA","Maricopa (County, 2022)"
"Census Tract","04013111601","AZ","04013111601","=""04013111601""","69046","2020-2024","2022","Census","Food City 12","2124 E McDowell Rd","","Phoenix","AZ","85006","MARICOPA","Super Store","","","USDA","Maricopa (County, 2022)"
"Census Tract","04013114500","AZ","04013114500","=""04013114500""","44556","2020-2024","2022","Census","Food City 132","2709 W Van Buren St","","Phoenix","AZ","85009","MARICOPA","Super Store","","","USDA","Maricopa (County, 2022)"
"Census Tract","04013112402","AZ","04013112402","=""04013112402""","82745","2020-2024","2022","Census","Food City 135","5114 W McDowell Rd","","Phoenix","AZ","85035","MARICOPA","Super Store","","","USDA","Maricopa (County, 2022)"
"Census Tract","04013111300","AZ","04013111300","=""04013111300""","76367","2020-2024","2022","Census","Food City 143","4430 E McDowell Rd","","Phoenix","AZ","85008","MARICOPA","Super Store","","","USDA","Maricopa (County, 2022)"
"Census Tract","04013113601","AZ","04013113601","=""04013113601""","67379","2020-2024","2022","Census","Food City 148","3205 E McDowell Rd","","Phoenix","AZ","85008","MARICOPA","Super Store","","","USDA","Maricopa (County, 2022)"
"Census Tract","04013112700","AZ","04013112700","=""04013112700""","55983","2020-2024","2022","Census","Food City 94","3442 W Van Buren St","","Phoenix","AZ","85009","MARICOPA","Super Store","","","USDA","Maricopa (County, 2022)"
"Census Tract","04013113204","AZ","04013113204","=""04013113204""","58371","2020-2024","2022","Census","Foodway Market","1151 E Moreland St","","Phoenix","AZ","85006","MARICOPA","Convenience Store","","","USDA","Maricopa (County, 2022)"
"Census Tract","04013111502","AZ","04013111502","=""04013111502""","55729","2020-2024","2022","Census","Frescazona","2309 N 24th St","","Phoenix","AZ","85008","MARICOPA","Farmers and Markets","","","USDA","Maricopa (County, 2022)"
"Census Tract","04013114100","AZ","04013114100","=""04013114100""","76705","2020-2024","2022","Census","Fry's 88","100 E Jefferson St","","Phoenix","AZ","85004","MARICOPA","Super Store","","","USDA","Maricopa (County, 2022)"
"Census Tract","04013114704","AZ","04013114704","=""04013114704""","43125","2020-2024","2022","Census","Gasco Minimart","3163 W Buckeye Rd","","Phoenix","AZ","85009","MARICOPA","Convenience Store","","","USDA","Maricopa (County, 2022)"
"Census Tract","04013114704","AZ","04013114704","=""04013114704""","43125","2020-2024","2022","Census","Get It & Go Liquor no","3125 W Buckeye Rd","","Phoenix","AZ","85009","MARICOPA","Convenience Store","","","USDA","Maricopa (County, 2022)"
"Census Tract","04013112201","AZ","04013112201","=""04013112201""","61557","2020-2024","2022","Census","Grand Stop #2","3702 W McDowell Rd","","Phoenix","AZ","85009","MARICOPA","Convenience Store","","","USDA","Maricopa (County, 2022)"
"Census Tract","04013111300","AZ","04013111300","=""04013111300""","76367","2020-2024","2022","Census","HJ&B Groceries And African Market LLC 1","4132 E Mcdowell Rd","Ste 5","Phoenix","AZ","85008","MARICOPA","Grocery Store","","","USDA","Maricopa (County, 2022)"
"Census Tract","04013111501","AZ","04013111501","=""04013111501""","60729","2020-2024","2022","Census","Hilal & Hilac LLC","2916 E McDowell Rd","Unit 4/5","Phoenix","AZ","85008","MARICOPA","Grocery Store","","","USDA","Maricopa (County, 2022)"
"Census Tract","04013112401","AZ","04013112401","=""04013112401""","57661","2020-2024","2022","Census","DQ 46234","5105 W Thomas Rd","","Phoenix","AZ","85031","MARICOPA","Restaurant Meals Program","","","USDA","Maricopa (County, 2022)"
"Census Tract","04013111300","AZ","04013111300","=""04013111300""","76367","2020-2024","2022","Census","Del Taco # 870","1628 N 44th St","","Phoenix","AZ","85008","MARICOPA","Restaurant Meals Program","","","USDA","Maricopa (County, 2022)"
"Census Tract","04013114000","AZ","04013114000","=""04013114000""","53969","2020-2024","2022","Census","Dollar General 19421","1219 E Van Buren St","","Phoenix","AZ","85006","MARICOPA","Other","","","USDA","Maricopa (County, 2022)"
"Census Tract","04013112602","AZ","04013112602","=""04013112602""","49286","2020-2024","2022","Census","Dollar General 19476","520 N 35th Ave","","Phoenix","AZ","85009","MARICOPA","Other","","","USDA","Maricopa (County, 2022)"
"Census Tract","04013114301","AZ","04013114301","=""04013114301""","53389","2020-2024","2022","Census","Dollar General 19504","1529 W Van Buren St","","Phoenix","AZ","85007","MARICOPA","Other","","","USDA","Maricopa (County, 2022)"
"Census Tract","04013111402","AZ","04013111402","=""04013111402""","66883","2020-2024","2022","Census","Dollar Tree 2992","3909 E Thomas Rd","","Phoenix","AZ","85018","MARICOPA","Other","","","USDA","Maricopa (County, 2022)"
"Census Tract","04013111601","AZ","04013111601","=""04013111601""","69046","2020-2024","2022","Census","Dollar Tree 5474","2044 E Thomas Rd","","Phoenix","AZ","85016","MARICOPA","Other","","","USDA","Maricopa (County, 2022)"
"Census Tract","04013112402","AZ","04013112402","=""04013112402""","82745","2020-2024","2022","Census","Dollar Tree 7016","5118 W McDowell Rd","","Phoenix","AZ","85035","MARICOPA","Other","","","USDA","Maricopa (County, 2022)"
"Census Tract","04013110802","AZ","04013110802","=""04013110802""","76960","2020-2024","2022","Census","Domino's Pizza #7643","2442 E Thomas Rd","","Phoenix","AZ","85016","MARICOPA","Restaurant Meals Program","","","USDA","Maricopa (County, 2022)"
"Census Tract","04013113100","AZ","04013113100","=""04013113100""","40395","2020-2024","2022","Census","Downtown Phoenix Farmers Market NAFMNP","720 N 5th St","","Phoenix","AZ","85004","MARICOPA","Farmers and Markets","","","USDA","Maricopa (County, 2022)"
"Census Tract","04013114800","AZ","04013114800","=""04013114800""","69944","2020-2024","2022","Census","Easy Mart","1216 S 7th Ave","","Phoenix","AZ","85007","MARICOPA","Convenience Store","","","USDA","Maricopa (County, 2022)"
"Census Tract","04013114401","AZ","04013114401","=""04013114401""","39583","2020-2024","2022","Census","Eddies Food Market 1","2446 W Buckeye Rd","","Phoenix","AZ","85009","MARICOPA","Convenience Store","","","USDA","Maricopa (County, 2022)"
"Census Tract","04013619200","AZ","04013619200","=""04013619200""","54762","2020-2024","2022","Census","Saratoga Market 1","1460 E Bell Rd","","Phoenix","AZ","85022","MARICOPA","Convenience Store","","","USDA","Maricopa (County, 2022)"
"Census Tract","04013103302","AZ","04013103302","=""04013103302""","84775","2020-2024","2022","Census","Sharks Market","15221 N 32nd St","","Phoenix","AZ","85032","MARICOPA","Convenience Store","","","USDA","Maricopa (County, 2022)"
"Census Tract","04013103604","AZ","04013103604","=""04013103604""","85833","2020-2024","2022","Census","Shell","315 W Bell Rd","","Phoenix","AZ","85023","MARICOPA","Convenience Store","","","USDA","Maricopa (County, 2022)"
"Census Tract","04013105501","AZ","04013105501","=""04013105501""","71159","2020-2024","2022","Census","Snack Shack","8027 Black Canyon Hwy","","Phoenix","AZ","85395","MARICOPA","Convenience Store","","","USDA","Maricopa (County, 2022)"
"Census Tract","04013103205","AZ","04013103205","=""04013103205""","128373","2020-2024","2022","Census","Sprouts Farmers Market 4","12415 N Tatum Blvd","","Phoenix","AZ","85032","MARICOPA","Supermarket","","","USDA","Maricopa (County, 2022)"
"Census Tract","04013105503","AZ","04013105503","=""04013105503""","46770","2020-2024","2022","Census","Sprouts Farmers Market 7","8040 N 19th Ave","","Phoenix","AZ","85021","MARICOPA","Supermarket","","","USDA","Maricopa (County, 2022)"
"Census Tract","04013104205","AZ","04013104205","=""04013104205""","60393","2020-2024","2022","Census","Subway","9602 N Metro Pkwy W","","Phoenix","AZ","85051","MARICOPA","Restaurant Meals Program","","","USDA","Maricopa (County, 2022)"
"Census Tract","04013104205","AZ","04013104205","=""04013104205""","60393","2020-2024","2022","Census","Subway #27034","2815 W Peoria Ave","Ste 114","Phoenix","AZ","85029","MARICOPA","Restaurant Meals Program","","","USDA","Maricopa (County, 2022)"
"Census Tract","04013618500","AZ","04013618500","=""04013618500""","52175","2020-2024","2022","Census","Subway 10469","3210 W Bell Rd","Ste 100","Phoenix","AZ","85053","MARICOPA","Restaurant Meals Program","","","USDA","Maricopa (County, 2022)"
"Census Tract","04013616600","AZ","04013616600","=""04013616600""","84575","2020-2024","2022","Census","Subway 2337","18631 N 19th Ave","Ste 101","Phoenix","AZ","85027","MARICOPA","Restaurant Meals Program","","","USDA","Maricopa (County, 2022)"
"Census Tract","04013104206","AZ","04013104206","=""04013104206""","80915","2020-2024","2022","Census","Sunoco Gas Station","3502 W Dunlap Ave","","Phoenix","AZ","85051","MARICOPA","Convenience Store","","","USDA","Maricopa (County, 2022)"
"Census Tract","04013618800","AZ","04013618800","=""04013618800""","53316","2020-2024","2022","Census","Sunset Market","17235 N 19th Ave","","Phoenix","AZ","85023","MARICOPA","Convenience Store","","","USDA","Maricopa (County, 2022)"
"Census Tract","04013105501","AZ","04013105501","=""04013105501""","71159","2020-2024","2022","Census","Burger King #4032","2318 W Northern Ave","","Phoenix","AZ","85021","MARICOPA","Restaurant Meals Program","","","USDA","Maricopa (County, 2022)"
"Census Tract","04013103208","AZ","04013103208","=""04013103208""","78320","2020-2024","2022","Census","Burger King #4081","11020 N Tatum Blvd","#103","Phoenix","AZ","85028","MARICOPA","Restaurant Meals Program","","","USDA","Maricopa (County, 2022)"
"Census Tract","04013104600","AZ","04013104600","=""04013104600""","62500","2020-2024","2022","Census","Burger King 20345","9802 N 7th St","","Phoenix","AZ","85020","MARICOPA","Restaurant Meals Program","","","USDA","Maricopa (County, 2022)"
"Census Tract","04013103306","AZ","04013103306","=""04013103306""","45962","2020-2024","2022","Census","CARNICERIA DEL PUEBLO","2644 E Greenway Pkwy","","Phoenix","AZ","85032","MARICOPA","Grocery Store","","","USDA","Maricopa (County, 2022)"
"Census Tract","04013103400","AZ","04013103400","=""04013103400""","74318","2020-2024","2022","Census","CVS Pharmacy 2372","3975 E Thunderbird Rd","","Phoenix","AZ","85032","MARICOPA","Other","","","USDA","Maricopa (County, 2022)"
"Census Tract","04013103614","AZ","04013103614","=""04013103614""","117798","2020-2024","2022","Census","CVS Pharmacy 7116","1855 W Thunderbird Rd","","Phoenix","AZ","85023","MARICOPA","Other","","","USDA","Maricopa (County, 2022)"
"Census Tract","04013104212","AZ","04013104212","=""04013104212""","87241","2020-2024","2022","Census","Cactus International Mart","12450 N 35th Ave","Ste 1","Phoenix","AZ","85029","MARICOPA","Grocery Store","","","USDA","Maricopa (County, 2022)"
"Census Tract","04013616900","AZ","04013616900","=""04013616900""","97279","2020-2024","2022","Census","Carniceria Ponderosa","2340 E Union Hills Dr","","Phoenix","AZ","85024","MARICOPA","Convenience Store","","","USDA","Maricopa (County, 2022)"
"Census Tract","04013103900","AZ","04013103900","=""04013103900""","78863","2020-2024","2022","Census","Carniceria Ponderosa 3","1909 W Thunderbird Rd","","Phoenix","AZ","85023","MARICOPA","Grocery Store","","","USDA","Maricopa (County, 2022)"
"Census Tract","04013105300","AZ","04013105300","=""04013105300""","81089","2020-2024","2022","Census","Central Food Mart","8941 N Central Ave","","Phoenix","AZ","85020","MARICOPA","Convenience Store","","","USDA","Maricopa (County, 2022)"
"Census Tract","04013618600","AZ","04013618600","=""04013618600""","64545","2020-2024","2022","Census","Circle K 2701938","2439 W Union Hills Dr","","Phoenix","AZ","85027","MARICOPA","Convenience Store","","","USDA","Maricopa (County, 2022)"
"Census Tract","04013103304","AZ","04013103304","=""04013103304""","52618","2020-2024","2022","Census","Circle K 2703396","3011 E Bell Rd","","Phoenix","AZ","85032","MARICOPA","Convenience Store","","","USDA","Maricopa (County, 2022)"
"Census Tract","04013105503","AZ","04013105503","=""04013105503""","46770","2020-2024","2022","Census","Circle K 2703405","2120 W Northern Ave","","Phoenix","AZ","85021","MARICOPA","Convenience Store","","","USDA","Maricopa (County, 2022)"
"Census Tract","04013618900","AZ","04013618900","=""04013618900""","81201","2020-2024","2022","Census","Circle K 2703481","675 W Union Hills Dr","","Phoenix","AZ","85027","MARICOPA","Convenience Store","","","USDA","Maricopa (County, 2022)"
"Census Tract","04013103605","AZ","04013103605","=""04013103605""","143825","2020-2024","2022","Census","Circle K 2703487","1875 W Greenway Rd","","Phoenix","AZ","85023","MARICOPA","Convenience Store","","","USDA","Maricopa (County, 2022)"
"Census Tract","04013105602","AZ","04013105602","=""04013105602""","53333","2020-2024","2022","Census","Circle K 2703734","3443 W Dunlap Ave","","Phoenix","AZ","85051","MARICOPA","Convenience Store","","","USDA","Maricopa (County, 2022)"
"Census Tract","04013103304","AZ","04013103304","=""04013103304""","52618","2020-2024","2022","Census","Circle K 2706654","15412 N 32nd St","","Phoenix","AZ","85032","MARICOPA","Convenience Store","","","USDA","Maricopa (County, 2022)"
"Census Tract","04013104802","AZ","04013104802","=""04013104802""","81555","2020-2024","2022","Census","Circle K 2705194","12042 N 32nd St","","Phoenix","AZ","85028","MARICOPA","Convenience Store","","","USDA","Maricopa (County, 2022)"
"Census Tract","04013103604","AZ","04013103604","=""04013103604""","85833","2020-2024","2022","Census","Circle K 2705547","625 W Bell Rd","","Phoenix","AZ","85023","MARICOPA","Convenience Store","","","USDA","Maricopa (County, 2022)"
"Census Tract","04013104100","AZ","04013104100","=""04013104100""","70245","2020-2024","2022","Census","Circle K 2706647","3449 W Greenway Rd","","Phoenix","AZ","85053","MARICOPA","Convenience Store","","","USDA","Maricopa (County, 2022)"
"Census Tract","04013104401","AZ","04013104401","=""04013104401""","44518","2020-2024","2022","Census","Circle K 2708518","1901 W Cactus Rd","","Phoenix","AZ","85029","MARICOPA","Convenience Store","","","USDA","Maricopa (County, 2022)"
"Census Tract","04013103606","AZ","04013103606","=""04013103606""","90625","2020-2024","2022","Census","Circle K 2708553","1605 E Bell Rd","","Phoenix","AZ","85022","MARICOPA","Convenience Store","","","USDA","Maricopa (County, 2022)"
"Census Tract","04013619700","AZ","04013619700","=""04013619700""","108696","2020-2024","2022","Census","Circle K 2708555","4005 E Union Hills Dr","","Phoenix","AZ","85050","MARICOPA","Convenience Store","","","USDA","Maricopa (County, 2022)"
"Census Tract","04013103303","AZ","04013103303","=""04013103303""","83967","2020-2024","2022","Census","Circle K 2708598","15410 N 40th St","","Phoenix","AZ","85032","MARICOPA","Convenience Store","","","USDA","Maricopa (County, 2022)"
"Census Tract","04013103302","AZ","04013103302","=""04013103302""","84775","2020-2024","2022","Census","Circle K 2708600","13802 N 40th St","","Phoenix","AZ","85032","MARICOPA","Convenience Store","","","USDA","Maricopa (County, 2022)"
"Census Tract","04013104600","AZ","04013104600","=""04013104600""","62500","2020-2024","2022","Census","Circle K 2709523","9418 N 7th St","","Phoenix","AZ","85020","MARICOPA","Convenience Store","","","USDA","Maricopa (County, 2022)"
"Census Tract","04013616400","AZ","04013616400","=""04013616400""","69449","2020-2024","2022","Census","Costco Wholesale 0490","19001 N 27th Ave","","Phoenix","AZ","85027","MARICOPA","Super Store","","","USDA","Maricopa (County, 2022)"
"Census Tract","04013103210","AZ","04013103210","=""04013103210""","79300","2020-2024","2022","Census","Costco Wholesale 1058","4570 E Cactus Rd","","Phoenix","AZ","85032","MARICOPA","Super Store","","","USDA","Maricopa (County, 2022)"
"Census Tract","04013103900","AZ","04013103900","=""04013103900""","78863","2020-2024","2022","Census","Hookah Cash N Carry","1926 W Cactus Rd","","Phoenix","AZ","85029","MARICOPA","Convenience Store","","","USDA","Maricopa (County, 2022)"
"Census Tract","04013619800","AZ","04013619800","=""04013619800""","69491","2020-2024","2022","Census","Jack In The Box #1147","4020 E Bell Rd","","Phoenix","AZ","85032","MARICOPA","Restaurant Meals Program","","","USDA","Maricopa (County, 2022)"
"Census Tract","04013105400","AZ","04013105400","=""04013105400""","141786","2020-2024","2022","Census","Jack in The Box #123","8951 N 19th Ave","","Phoenix","AZ","85021","MARICOPA","Restaurant Meals Program","","","USDA","Maricopa (County, 2022)"
"Census Tract","04013103900","AZ","04013103900","=""04013103900""","78863","2020-2024","2022","Census","Jack in The Box #142","1935 W Thunderbird Avenue","","Phoenix","AZ","85023","MARICOPA","Restaurant Meals Program","","","USDA","Maricopa (County, 2022)"
"Census Tract","04013103400","AZ","04013103400","=""04013103400""","74318","2020-2024","2022","Census","Jack in The Box #143","12223 N 32nd St","","Phoenix","AZ","85032","MARICOPA","Restaurant Meals Program","","","USDA","Maricopa (County, 2022)"
"Census Tract","04013618800","AZ","04013618800","=""04013618800""","53316","2020-2024","2022","Census","Jack in The Box #145","1802 W Bell Rd","","Phoenix","AZ","85023","MARICOPA","Restaurant Meals Program","","","USDA","Maricopa (County, 2022)"
"Census Tract","04013104202","AZ","04013104202","=""04013104202""","102163","2020-2024","2022","Census","Jack in The Box 144 Rucker Restaurant Holdings LLC","3512 W Thunderbird Rd","","Phoenix","AZ","85053","MARICOPA","Restaurant Meals Program","","","USDA","Maricopa (County, 2022)"
"Census Tract","04013619000","AZ","04013619000","=""04013619000""","49911","2020-2024","2022","Census","Jack in the Box #1591","18441 N 7th St","","Phoenix","AZ","85024","MARICOPA","Restaurant Meals Program","","","USDA","Maricopa (County, 2022)"
"Census Tract","04013104205","AZ","04013104205","=""04013104205""","60393","2020-2024","2022","Census","Jack in the Box #1599","2800 W Dunlap Ave","","Phoenix","AZ","85051","MARICOPA","Restaurant Meals Program","","","USDA","Maricopa (County, 2022)"
"Census Tract","04013105800","AZ","04013105800","=""04013105800""","89500","2020-2024","2022","Census","Jerusalem International Market 1","7750 N 35th Ave","","Phoenix","AZ","85051","MARICOPA","Grocery Store","","","USDA","Maricopa (County, 2022)"
"Census Tract","04013105702","AZ","04013105702","=""04013105702""","77287","2020-2024","2022","Census","Jomil Asian Mart","3512 W Northern Ave","9","Phoenix","AZ","85051","MARICOPA","Grocery Store","","","USDA","Maricopa (County, 2022)"
"Census Tract","04013103615","AZ","04013103615","=""04013103615""","48141","2020-2024","2022","Census","27phoenix Llc 3","10625 N 19th Ave","","Phoenix","AZ","85029","MARICOPA","Convenience Store","","","USDA","Maricopa (County, 2022)"
"Census Tract","04013619100","AZ","04013619100","=""04013619100""","46875","2020-2024","2022","Census","7-ELEVEN 24169 D","850 E Bell Rd","","Phoenix","AZ","85022","MARICOPA","Convenience Store","","","USDA","Maricopa (County, 2022)"
"Census Tract","04013104801","AZ","04013104801","=""04013104801""","150781","2020-2024","2022","Census","7-Eleven 26086 D","3201 E Shea Blvd","","Phoenix","AZ","85028","MARICOPA","Convenience Store","","","USDA","Maricopa (County, 2022)"
"Census Tract","04013105702","AZ","04013105702","=""04013105702""","77287","2020-2024","2022","Census","88 International Market","3557 W Dunlap Ave","","Phoenix","AZ","85051","MARICOPA","Grocery Store","","","USDA","Maricopa (County, 2022)"
"Census Tract","04013104702","AZ","04013104702","=""04013104702""","41977","2020-2024","2022","Census","Abarrotes La Union   ( Mini Market)","9405 N Cave Creek Rd","","Phoenix","AZ","85020","MARICOPA","Convenience Store","","","USDA","Maricopa (County, 2022)"
"Census Tract","04013103303","AZ","04013103303","=""04013103303""","83967","2020-2024","2022","Census","Apna Bazaar","3607 E Bell Rd","Ste 2","Phoenix","AZ","85032","MARICOPA","Grocery Store","","","USDA","Maricopa (County, 2022)"
"Census Tract","04013103502","AZ","04013103502","=""04013103502""","95813","2020-2024","2022","Census","Arco Ampm","12222 N 32nd St","","Phoenix","AZ","85032","MARICOPA","Convenience Store","","","USDA","Maricopa (County, 2022)"
"Census Tract","04013106300","AZ","04013106300","=""04013106300""","112806","2020-2024","2022","Census","Arco Ampm 42527","1201 E Northern Ave","","Phoenix","AZ","85020","MARICOPA","Convenience Store","","","USDA","Maricopa (County, 2022)"
"Census Tract","04013618700","AZ","04013618700","=""04013618700""","80536","2020-2024","2022","Census","Babel Mediterranean Market","18425 N 19th Ave","Ste 124","Phoenix","AZ","85023","MARICOPA","Grocery Store","","","USDA","Maricopa (County, 2022)"
"Census Tract","04013618900","AZ","04013618900","=""04013618900""","81201","2020-2024","2022","Census","El Pollo Loco #3758","510 E Bell Rd","","Phoenix","AZ","85022","MARICOPA","Restaurant Meals Program","","","USDA","Maricopa (County, 2022)"
"Census Tract","04013105501","AZ","04013105501","=""04013105501""","71159","2020-2024","2022","Census","El Pollo Loco #3759","2410 W Northern Avenue","","Phoenix","AZ","85021","MARICOPA","Restaurant Meals Program","","","USDA","Maricopa (County, 2022)"
"Census Tract","04013105400","AZ","04013105400","=""04013105400""","141786","2020-2024","2022","Census","El Rancho Market","8901 N 19th Ave","","Phoenix","AZ","85021","MARICOPA","Super Store","","","USDA","Maricopa (County, 2022)"
"Census Tract","04013104226","AZ","04013104226","=""04013104226""","64514","2020-2024","2022","Census","Euro Bakery","15440 N 35th Ave","Ste 15","Phoenix","AZ","85053","MARICOPA","Convenience Store","","","USDA","Maricopa (County, 2022)"
"Census Tract","04013104000","AZ","04013104000","=""04013104000""","41667","2020-2024","2022","Census","FRY'S 40","3421 W Thunderbird Rd","","Phoenix","AZ","85053","MARICOPA","Super Store","","","USDA","Maricopa (County, 2022)"
"Census Tract","04013105101","AZ","04013105101","=""04013105101""","200457","2020-2024","2022","Census","FRY'S 612","4707 E Shea Blvd","","Phoenix","AZ","85028","MARICOPA","Super Store","","","USDA","Maricopa (County, 2022)"
"Census Tract","04013104207","AZ","04013104207","=""04013104207""","81914","2020-2024","2022","Census","FRY'S 617","2727 W Bell Rd","","Phoenix","AZ","85053","MARICOPA","Super Store","","","USDA","Maricopa (County, 2022)"
"Census Tract","04013619602","AZ","04013619602","=""04013619602""","80982","2020-2024","2022","Census","FRY'S 618","3246 E Bell Rd","","Phoenix","AZ","85032","MARICOPA","Super Store","","","USDA","Maricopa (County, 2022)"
"Census Tract","04013103306","AZ","04013103306","=""04013103306""","45962","2020-2024","2022","Census","Family Dollar Store 11819","15813 N Cave Creek Rd","Ste 101","Phoenix","AZ","85032","MARICOPA","Other","","","USDA","Maricopa (County, 2022)"
"Census Tract","04013105702","AZ","04013105702","=""04013105702""","77287","2020-2024","2022","Census","Family Dollar Store 4024","3542 W Northern Ave","","Phoenix","AZ","85051","MARICOPA","Other","","","USDA","Maricopa (County, 2022)"
"Census Tract","04013103702","AZ","04013103702","=""04013103702""","96458","2020-2024","2022","Census","Fast Market 4592","719 E Thunderbird Rd","","Phoenix","AZ","85022","MARICOPA","Convenience Store","","","USDA","Maricopa (County, 2022)"
"Census Tract","04013103303","AZ","04013103303","=""04013103303""","83967","2020-2024","2022","Census","Food City 104","3202 E Greenway Rd","","Phoenix","AZ","85036","MARICOPA","Super Store","","","USDA","Maricopa (County, 2022)"
"Census Tract","04013104202","AZ","04013104202","=""04013104202""","102163","2020-2024","2022","Census","Grab N Go Market","13828 N 35th Ave","","Phoenix","AZ","85053","MARICOPA","Convenience Store","","","USDA","Maricopa (County, 2022)"
"Census Tract","04013103502","AZ","04013103502","=""04013103502""","95813","2020-2024","2022","Census","DOLLARTREE 9861","3131 E. Thunderbird Rd.","","Phoenix","AZ","85032","MARICOPA","Other","","","USDA","Maricopa (County, 2022)"
"Census Tract","04013104501","AZ","04013104501","=""04013104501""","50430","2020-2024","2022","Census","DOS HERMANOS","1109 W Hatcher Rd","","Phoenix","AZ","85021","MARICOPA","Grocery Store","","","USDA","Maricopa (County, 2022)"
"Census Tract","04013104000","AZ","04013104000","=""04013104000""","41667","2020-2024","2022","Census","DQ 13753","12456 N 28th Dr","","Phoenix","AZ","85029","MARICOPA","Restaurant Meals Program","","","USDA","Maricopa (County, 2022)"
"Census Tract","04013105200","AZ","04013105200","=""04013105200""","85193","2020-2024","2022","Census","Dabedi Kosher Mini Mart","8357 N 7th St","","Phoenix","AZ","85020","MARICOPA","Grocery Store","","","USDA","Maricopa (County, 2022)"
"Census Tract","04013104600","AZ","04013104600","=""04013104600""","62500","2020-2024","2022","Census","De Mi Pais Market #6","9204 N 7th St","Ste 9","Phoenix","AZ","85020","MARICOPA","Convenience Store","","","USDA","Maricopa (County, 2022)"
"Census Tract","04013103303","AZ","04013103303","=""04013103303""","83967","2020-2024","2022","Census","Denny's 6612","3205 E Bell Rd","","Phoenix","AZ","85032","MARICOPA","Restaurant Meals Program","","","USDA","Maricopa (County, 2022)"
"Census Tract","04013616800","AZ","04013616800","=""04013616800""","105365","2020-2024","2022","Census","Dollar Tree 2970","818 E Union Hills Dr","","Phoenix","AZ","85024","MARICOPA","Other","","","USDA","Maricopa (County, 2022)"
"Census Tract","04013104302","AZ","04013104302","=""04013104302""","50085","2020-2024","2022","Census","Dollar Tree 3684","2772 W Peoria Ave","","Phoenix","AZ","85029","MARICOPA","Other","","","USDA","Maricopa (County, 2022)"
"Census Tract","04013103614","AZ","04013103614","=""04013103614""","117798","2020-2024","2022","Census","Dollar Tree 3723","13206 N 7th St","Ste 2","Phoenix","AZ","85022","MARICOPA","Other","","","USDA","Maricopa (County, 2022)"
"Census Tract","04013618300","AZ","04013618300","=""04013618300""","95694","2020-2024","2022","Census","Dollar Tree 3805","3522 W Bell Rd","","Glendale","AZ","85308","MARICOPA","Other","","","USDA","Maricopa (County, 2022)"
"Census Tract","04013103210","AZ","04013103210","=""04013103210""","79300","2020-2024","2022","Census","Dollar Tree 4343","4318 E Cactus Rd","","Phoenix","AZ","85032","MARICOPA","Other","","","USDA","Maricopa (County, 2022)"
"Census Tract","04013103303","AZ","04013103303","=""04013103303""","83967","2020-2024","2022","Census","Dollar Tree 5964","3329 E Bell Rd","Ste C","Phoenix","AZ","85032","MARICOPA","Other","","","USDA","Maricopa (County, 2022)"
"Census Tract","04013103900","AZ","04013103900","=""04013103900""","78863","2020-2024","2022","Census","El Patron Drive Thru 1","1902 W Cactus Rd","","Phoenix","AZ","85029","MARICOPA","Convenience Store","","","USDA","Maricopa (County, 2022)"
"Census Tract","04013816600","AZ","04013816600","=""04013816600""","145795","2020-2024","2022","Census","CVS Pharmacy 1719","7587 S Power Rd","","Queen Creek","AZ","85142","MARICOPA","Other","","","USDA","Maricopa (County, 2022)"
"Census Tract","04013815800","AZ","04013815800","=""04013815800""","96932","2020-2024","2022","Census","Circle K 2703383","7260 S Power Rd","","Gilbert","AZ","85297","MARICOPA","Convenience Store","","","USDA","Maricopa (County, 2022)"
"Census Tract","04013816600","AZ","04013816600","=""04013816600""","145795","2020-2024","2022","Census","BURGER KING 15848","7455 S Power Rd","","Queen Creek","AZ","85142","MARICOPA","Restaurant Meals Program","","","USDA","Maricopa (County, 2022)"
"Census Tract","04013422103","AZ","04013422103","=""04013422103""","52778","2020-2024","2022","Census","Taco Bell #29492","1125 S Dobson Rd","","Mesa","AZ","85202","MARICOPA","Restaurant Meals Program","","","USDA","Maricopa (County, 2022)"
"Census Tract","04013319402","AZ","04013319402","=""04013319402""","91847","2020-2024","2022","Census","Target Store T-0319","1818 E Baseline Rd","","Tempe","AZ","85283","MARICOPA","Super Store","","","USDA","Maricopa (County, 2022)"
"Census Tract","04013422224","AZ","04013422224","=""04013422224""","N/A","2020-2024","2022","Census","Target Store T-1429","1230 S Longmore Ave","","Mesa","AZ","85202","MARICOPA","Super Store","","","USDA","Maricopa (County, 2022)"
"Census Tract","04013319905","AZ","04013319905","=""04013319905""","105617","2020-2024","2022","Census","Trader Joe's 93","6460 S McClintock Dr","","Tempe","AZ","85283","MARICOPA","Supermarket","","","USDA","Maricopa (County, 2022)"
"Census Tract","04013422210","AZ","04013422210","=""04013422210""","116921","2020-2024","2022","Census","Von Hanson's Meat & Spirits","2390 N Alma School Rd","Ste 101","Chandler","AZ","85224","MARICOPA","Specialty Store","","","USDA","Maricopa (County, 2022)"
"Census Tract","04013810500","AZ","04013810500","=""04013810500""","142669","2020-2024","2022","Census","Vtiamin Cottage Natural Food Market U116","5805 W Ray Rd","","Chandler","AZ","85226","MARICOPA","Supermarket","","","USDA","Maricopa (County, 2022)"
"Census Tract","04013523005","AZ","04013523005","=""04013523005""","103828","2020-2024","2022","Census","Walgreens 03727","1919 N Dobson Rd","","Chandler","AZ","85224","MARICOPA","Other","","","USDA","Maricopa (County, 2022)"
"Census Tract","04013319905","AZ","04013319905","=""04013319905""","105617","2020-2024","2022","Census","Walgreens 03768","6404 S McClintock Dr","","Tempe","AZ","85283","MARICOPA","Other","","","USDA","Maricopa (County, 2022)"
"Census Tract","04013810100","AZ","04013810100","=""04013810100""","169702","2020-2024","2022","Census","Walgreens 04376","1825 E Warner Rd","","Tempe","AZ","85284","MARICOPA","Other","","","USDA","Maricopa (County, 2022)"
"Census Tract","04013422216","AZ","04013422216","=""04013422216""","90903","2020-2024","2022","Census","Walgreens 09202","1142 W Guadalupe Rd","","Mesa","AZ","85210","MARICOPA","Other","","","USDA","Maricopa (County, 2022)"
"Census Tract","04013810500","AZ","04013810500","=""04013810500""","142669","2020-2024","2022","Census","Walgreens 11181","5975 W Ray Rd","","Chandler","AZ","85226","MARICOPA","Other","","","USDA","Maricopa (County, 2022)"
"Census Tract","04013422105","AZ","04013422105","=""04013422105""","76852","2020-2024","2022","Census","Walgreens 11182","1130 W Southern Ave","","Mesa","AZ","85210","MARICOPA","Other","","","USDA","Maricopa (County, 2022)"
"Census Tract","04013319401","AZ","04013319401","=""04013319401""","102321","2020-2024","2022","Census","Walgreens 1197","1745 E Southern Ave","","Tempe","AZ","85282","MARICOPA","Other","","","USDA","Maricopa (County, 2022)"
"Census Tract","04013422223","AZ","04013422223","=""04013422223""","64500","2020-2024","2022","Census","Walgreens 12335","10825 E Baseline Rd","","Mesa","AZ","85202","MARICOPA","Other","","","USDA","Maricopa (County, 2022)"
"Census Tract","04013320007","AZ","04013320007","=""04013320007""","72573","2020-2024","2022","Census","Walgreens 2398","925 W Baseline Rd","Ste 108","Tempe","AZ","85283","MARICOPA","Other","","","USDA","Maricopa (County, 2022)"
"Census Tract","04013422209","AZ","04013422209","=""04013422209""","79825","2020-2024","2022","Census","Walmart 1512","800 W WARNER RD","","CHANDLER","AZ","85225","MARICOPA","Super Store","","","USDA","Maricopa (County, 2022)"
"Census Tract","04013320001","AZ","04013320001","=""04013320001""","76787","2020-2024","2022","Census","Walmart 1746","1380 W ELLIOT RD","","TEMPE","AZ","85284","MARICOPA","Super Store","","","USDA","Maricopa (County, 2022)"
"Census Tract","04013422301","AZ","04013422301","=""04013422301""","68154","2020-2024","2022","Census","Walmart 3799","240 W Baseline Rd","","Mesa","AZ","85210","MARICOPA","Super Store","","","USDA","Maricopa (County, 2022)"
"Census Tract","04013319600","AZ","04013319600","=""04013319600""","96875","2020-2024","2022","Census","Walmart 5768","800 E SOUTHERN AVE","","TEMPE","AZ","85282","MARICOPA","Super Store","","","USDA","Maricopa (County, 2022)"
"Census Tract","04013810800","AZ","04013810800","=""04013810800""","122593","2020-2024","2022","Census","Whole Foods Market 10272","2955 W Ray Rd","","Chandler","AZ","85224","MARICOPA","Super Store","","","USDA","Maricopa (County, 2022)"
"Census Tract","04013422307","AZ","04013422307","=""04013422307""","78102","2020-2024","2022","Census","WinCo Foods 125","1363 N Arizona Ave","","Gilbert","AZ","85233","MARICOPA","Supermarket","","","USDA","Maricopa (County, 2022)"
"Census Tract","04013319910","AZ","04013319910","=""04013319910""","138901","2020-2024","2022","Census","McDonald's #36459","1525 W Elliot Rd","","Tempe","AZ","85284","MARICOPA","Restaurant Meals Program","","","USDA","Maricopa (County, 2022)"
"Census Tract","04013422002","AZ","04013422002","=""04013422002""","49774","2020-2024","2022","Census","Mercado Mi Pueblo","103 W 8th Ave","","Mesa","AZ","85210","MARICOPA","Convenience Store","","","USDA","Maricopa (County, 2022)"
"Census Tract","04013320002","AZ","04013320002","=""04013320002""","51354","2020-2024","2022","Census","Mission Market","8818 S Avenida del Yaqui","","Guadalupe","AZ","85283","MARICOPA","Convenience Store","","","USDA","Maricopa (County, 2022)"
"Census Tract","04013319500","AZ","04013319500","=""04013319500""","103685","2020-2024","2022","Census","Nashville Hot Chicken","1628 E Southern Ave","Ste 7","Tempe","AZ","85282","MARICOPA","Restaurant Meals Program","","","USDA","Maricopa (County, 2022)"
"Census Tract","04013523005","AZ","04013523005","=""04013523005""","103828","2020-2024","2022","Census","Papa Johns #1356","1100 N Alma School Rd","Ste 6","Chandler","AZ","85224","MARICOPA","Restaurant Meals Program","","","USDA","Maricopa (County, 2022)"
"Census Tract","04013319402","AZ","04013319402","=""04013319402""","91847","2020-2024","2022","Census","Papa Johns #1387","1813 E Southern Ave","","Tempe","AZ","85282","MARICOPA","Restaurant Meals Program","","","USDA","Maricopa (County, 2022)"
"Census Tract","04013422221","AZ","04013422221","=""04013422221""","72047","2020-2024","2022","Census","Papa Murphy's AZ049","1955 W Baseline Rd","Ste 105","Mesa","AZ","85202","MARICOPA","Specialty Store","","","USDA","Maricopa (County, 2022)"
"Census Tract","04013810200","AZ","04013810200","=""04013810200""","122417","2020-2024","2022","Census","Papa Murphy's Pizza AZ004","3900 W Ray Rd","Ste 7","Chandler","AZ","85226","MARICOPA","Specialty Store","","","USDA","Maricopa (County, 2022)"
"Census Tract","04013319907","AZ","04013319907","=""04013319907""","182250","2020-2024","2022","Census","Quick & Easy Shell","7602 S McClintock Dr","","Tempe","AZ","85284","MARICOPA","Convenience Store","","","USDA","Maricopa (County, 2022)"
"Census Tract","04013422213","AZ","04013422213","=""04013422213""","120400","2020-2024","2022","Census","Quick Run","2659 W Guadalupe Rd","","Mesa","AZ","85202","MARICOPA","Convenience Store","","","USDA","Maricopa (County, 2022)"
"Census Tract","04013320001","AZ","04013320001","=""04013320001""","76787","2020-2024","2022","Census","QuikTrip 1420","1190 W Elliot Rd","","Tempe","AZ","85284","MARICOPA","Convenience Store","","","USDA","Maricopa (County, 2022)"
"Census Tract","04013810300","AZ","04013810300","=""04013810300""","94631","2020-2024","2022","Census","QuikTrip 1523","2000 W Ray Rd","","Chandler","AZ","85224","MARICOPA","Convenience Store","","","USDA","Maricopa (County, 2022)"
"Census Tract","04013422301","AZ","04013422301","=""04013422301""","68154","2020-2024","2022","Census","QuikTrip 402","1331 S Country Club Dr","","Mesa","AZ","85210","MARICOPA","Convenience Store","","","USDA","Maricopa (County, 2022)"
"Census Tract","04013422307","AZ","04013422307","=""04013422307""","78102","2020-2024","2022","Census","QuikTrip 414","847 N Arizona Ave","","Gilbert","AZ","85233","MARICOPA","Convenience Store","","","USDA","Maricopa (County, 2022)"
"Census Tract","04013523007","AZ","04013523007","=""04013523007""","79126","2020-2024","2022","Census","QuikTrip 427","1995 N Arizona Ave","","Chandler","AZ","85225","MARICOPA","Convenience Store","","","USDA","Maricopa (County, 2022)"
"Census Tract","04013319401","AZ","04013319401","=""04013319401""","102321","2020-2024","2022","Census","QuikTrip 441","918 E Baseline Rd","","Tempe","AZ","85283","MARICOPA","Convenience Store","","","USDA","Maricopa (County, 2022)"
"Census Tract","04013319402","AZ","04013319402","=""04013319402""","91847","2020-2024","2022","Census","QuikTrip 460","2195 E Southern Ave","","Tempe","AZ","85282","MARICOPA","Convenience Store","","","USDA","Maricopa (County, 2022)"
"Census Tract","04013319705","AZ","04013319705","=""04013319705""","72241","2020-2024","2022","Census","QuikTrip 467","3875 S Priest Dr","","Tempe","AZ","85282","MARICOPA","Convenience Store","","","USDA","Maricopa (County, 2022)"
"Census Tract","04013422215","AZ","04013422215","=""04013422215""","85042","2020-2024","2022","Census","Rehoboth African Market","2909 S Dobson Rd","Ste 14","Mesa","AZ","85202","MARICOPA","Other","","","USDA","Maricopa (County, 2022)"
"Census Tract","04013319903","AZ","04013319903","=""04013319903""","95991","2020-2024","2022","Census","Rover Farm Fresh","1300 E Watson Dr","","Tempe","AZ","85283","MARICOPA","Farmers and Markets","","Pinnacle Prevention Corporation","USDA","Maricopa (County, 2022)"
"Census Tract","04013320007","AZ","04013320007","=""04013320007""","72573","2020-2024","2022","Census","Runway Rest LLC dba Subway 6792","805 W Baseline","Ste 3","Tempe","AZ","85283","MARICOPA","Restaurant Meals Program","","","USDA","Maricopa (County, 2022)"
"Census Tract","04013319907","AZ","04013319907","=""04013319907""","182250","2020-2024","2022","Census","SAFEWAY  1535","1515 E Elliot Rd","","Tempe","AZ","85284","MARICOPA","Supermarket","","","USDA","Maricopa (County, 2022)"
"Census Tract","04013422215","AZ","04013422215","=""04013422215""","85042","2020-2024","2022","Census","SAFEWAY  247","1225 W Guadalupe Rd","","Mesa","AZ","85202","MARICOPA","Supermarket","","","USDA","Maricopa (County, 2022)"
"Census Tract","04013319801","AZ","04013319801","=""04013319801""","58333","2020-2024","2022","Census","Sandhu Chevron 2","808 E Baseline Rd","","Tempe","AZ","85283","MARICOPA","Convenience Store","","","USDA","Maricopa (County, 2022)"
"Census Tract","04013422105","AZ","04013422105","=""04013422105""","76852","2020-2024","2022","Census","Shamrock FSW Mesa 552","1120 S Country Club Dr","Ste 105","Mesa","AZ","85210","MARICOPA","Super Store","","","USDA","Maricopa (County, 2022)"
"Census Tract","04013422105","AZ","04013422105","=""04013422105""","76852","2020-2024","2022","Census","Shell 76","756 W Southern Ave","","Mesa","AZ","85210","MARICOPA","Convenience Store","","","USDA","Maricopa (County, 2022)"
"Census Tract","04013319910","AZ","04013319910","=""04013319910""","138901","2020-2024","2022","Census","Shop N1","480 W Warner Rd","","Tempe","AZ","85284","MARICOPA","Convenience Store","","","USDA","Maricopa (County, 2022)"
"Census Tract","04013422212","AZ","04013422212","=""04013422212""","104861","2020-2024","2022","Census","Simon Xpress Pizza DBA Hungry Howie's # 1809","2050 W Guadalupe Rd","Ste 6","Mesa","AZ","85202","MARICOPA","Restaurant Meals Program","","","USDA","Maricopa (County, 2022)"
"Census Tract","04013422203","AZ","04013422203","=""04013422203""","54324","2020-2024","2022","Census","Speedy Market n/a","1510 S Country Club Dr","","Mesa","AZ","85210","MARICOPA","Convenience Store","","","USDA","Maricopa (County, 2022)"
"Census Tract","04013523006","AZ","04013523006","=""04013523006""","86052","2020-2024","2022","Census","Sprouts Farmers Market 1","1959 W Ray Rd","","Chandler","AZ","85224","MARICOPA","Supermarket","","","USDA","Maricopa (County, 2022)"
"Census Tract","04013319500","AZ","04013319500","=""04013319500""","103685","2020-2024","2022","Census","Sprouts Farmers Market 20","1706 E Southern Ave","","Tempe","AZ","85282","MARICOPA","Supermarket","","","USDA","Maricopa (County, 2022)"
"Census Tract","04013319907","AZ","04013319907","=""04013319907""","182250","2020-2024","2022","Census","Sprouts Farmers Market 38","931 E Elliot Rd","Ste 110","Tempe","AZ","85284","MARICOPA","Supermarket","","","USDA","Maricopa (County, 2022)"
"Census Tract","04013422103","AZ","04013422103","=""04013422103""","52778","2020-2024","2022","Census","Subway","1840 W Southern Ave","","Mesa","AZ","85202","MARICOPA","Restaurant Meals Program","","","USDA","Maricopa (County, 2022)"
"Census Tract","04013422210","AZ","04013422210","=""04013422210""","116921","2020-2024","2022","Census","Subway #25762","1989 W Elliot Rd","Ste 11","Chandler","AZ","85224","MARICOPA","Restaurant Meals Program","","","USDA","Maricopa (County, 2022)"
"Census Tract","04013320001","AZ","04013320001","=""04013320001""","76787","2020-2024","2022","Census","Subway 12499","1320 W Elliot Rd","Ste 109","Tempe","AZ","85284","MARICOPA","Restaurant Meals Program","","","USDA","Maricopa (County, 2022)"
"Census Tract","04013810600","AZ","04013810600","=""04013810600""","128636","2020-2024","2022","Census","Subway 16523","4939 W Ray Rd","Ste 8","Chandler","AZ","85226","MARICOPA","Restaurant Meals Program","","","USDA","Maricopa (County, 2022)"
"Census Tract","04013319906","AZ","04013319906","=""04013319906""","132391","2020-2024","2022","Census","Subway 51449","1849 E Guadalupe Rd","Ste C101 PAD","Tempe","AZ","85283","MARICOPA","Restaurant Meals Program","","","USDA","Maricopa (County, 2022)"
"Census Tract","04013320007","AZ","04013320007","=""04013320007""","72573","2020-2024","2022","Census","Subway 6792","805 West Baseline Rd","Ste 3","Tempe","AZ","85283","MARICOPA","Restaurant Meals Program","","","USDA","Maricopa (County, 2022)"
"Census Tract","04013422210","AZ","04013422210","=""04013422210""","116921","2020-2024","2022","Census","Burger King # 4833","2972 N Alma School Rd","","Chandler","AZ","85224","MARICOPA","Restaurant Meals Program","","","USDA","Maricopa (County, 2022)"
"Census Tract","04013523005","AZ","04013523005","=""04013523005""","103828","2020-2024","2022","Census","Burger King #11523","1990 W Ray Rd","","Chandler","AZ","85224","MARICOPA","Restaurant Meals Program","","","USDA","Maricopa (County, 2022)"
"Census Tract","04013522901","AZ","04013522901","=""04013522901""","102534","2020-2024","2022","Census","Burger King #3065","1001 N Arizona Ave","","Chandler","AZ","85225","MARICOPA","Restaurant Meals Program","","","USDA","Maricopa (County, 2022)"
"Census Tract","04013810600","AZ","04013810600","=""04013810600""","128636","2020-2024","2022","Census","Burger King #9638","4979 W Ray Rd","","Chandler","AZ","85226","MARICOPA","Restaurant Meals Program","","","USDA","Maricopa (County, 2022)"
"Census Tract","04013319802","AZ","04013319802","=""04013319802""","62404","2020-2024","2022","Census","Burger King 10259","5 E Southern Ave","","Tempe","AZ","85282","MARICOPA","Restaurant Meals Program","","","USDA","Maricopa (County, 2022)"
"Census Tract","04013319908","AZ","04013319908","=""04013319908""","99375","2020-2024","2022","Census","Burger King 3634","6402 S Rural Rd","","Tempe","AZ","85283","MARICOPA","Restaurant Meals Program","","","USDA","Maricopa (County, 2022)"
"Census Tract","04013422203","AZ","04013422203","=""04013422203""","54324","2020-2024","2022","Census","Burger King 4704","1440 S Country Club Dr","","Mesa","AZ","85210","MARICOPA","Restaurant Meals Program","","","USDA","Maricopa (County, 2022)"
"Census Tract","04013422211","AZ","04013422211","=""04013422211""","105446","2020-2024","2022","Census","CIRCLE K 2709163","2020 W Warner Rd","","Chandler","AZ","85224","MARICOPA","Convenience Store","","","USDA","Maricopa (County, 2022)"
"Census Tract","04013810200","AZ","04013810200","=""04013810200""","122417","2020-2024","2022","Census","CVS Pharmacy 3967","3990 W Ray Rd","","Chandler","AZ","85226","MARICOPA","Other","","","USDA","Maricopa (County, 2022)"
"Census Tract","04013422210","AZ","04013422210","=""04013422210""","116921","2020-2024","2022","Census","CVS Pharmacy 5315","2005 N Dobson Rd","","Chandler","AZ","85224","MARICOPA","Other","","","USDA","Maricopa (County, 2022)"
"Census Tract","04013319910","AZ","04013319910","=""04013319910""","138901","2020-2024","2022","Census","CVS Pharmacy 5950","855 E Elliot Rd","","Tempe","AZ","85284","MARICOPA","Other","","","USDA","Maricopa (County, 2022)"
"Census Tract","04013422103","AZ","04013422103","=""04013422103""","52778","2020-2024","2022","Census","CVS Pharmacy 9218","1137 S Dobson Rd","#10","Mesa","AZ","85202","MARICOPA","Other","","","USDA","Maricopa (County, 2022)"
"Census Tract","04013810000","AZ","04013810000","=""04013810000""","151953","2020-2024","2022","Census","Carioca Shell 88","8810 S Hardy Dr","","Tempe","AZ","85284","MARICOPA","Convenience Store","","","USDA","Maricopa (County, 2022)"
"Census Tract","04013422107","AZ","04013422107","=""04013422107""","65766","2020-2024","2022","Census","Carl's Jr. #1100828","1440 W Southern Ave","","Mesa","AZ","85202","MARICOPA","Restaurant Meals Program","","","USDA","Maricopa (County, 2022)"
"Census Tract","04013320002","AZ","04013320002","=""04013320002""","51354","2020-2024","2022","Census","Carl's Jr. #1100829","1519 W baseline Rd","","Guadalupe","AZ","85283","MARICOPA","Restaurant Meals Program","","","USDA","Maricopa (County, 2022)"
"Census Tract","04013422203","AZ","04013422203","=""04013422203""","54324","2020-2024","2022","Census","Carl's Jr. #1101482","1850 S Country Club Rd","","Mesa","AZ","85210","MARICOPA","Restaurant Meals Program","","","USDA","Maricopa (County, 2022)"
"Census Tract","04013523007","AZ","04013523007","=""04013523007""","79126","2020-2024","2022","Census","Carniceria El Herradero LLC","492 W Ray Rd","","Chandler","AZ","85225","MARICOPA","Convenience Store","","","USDA","Maricopa (County, 2022)"
"Census Tract","04013422002","AZ","04013422002","=""04013422002""","49774","2020-2024","2022","Census","Circle K 2700103","801 S Country Club Dr","","Mesa","AZ","85210","MARICOPA","Convenience Store","","","USDA","Maricopa (County, 2022)"
"Census Tract","04013320007","AZ","04013320007","=""04013320007""","72573","2020-2024","2022","Census","Circle K 2700787","939 W Baseline Rd","","Tempe","AZ","85283","MARICOPA","Convenience Store","","","USDA","Maricopa (County, 2022)"
"Census Tract","04013319705","AZ","04013319705","=""04013319705""","72241","2020-2024","2022","Census","Circle K 2701502","1323 W Southern Ave","","Tempe","AZ","85282","MARICOPA","Convenience Store","","","USDA","Maricopa (County, 2022)"
"Census Tract","04013319905","AZ","04013319905","=""04013319905""","105617","2020-2024","2022","Census","Circle K 2701503","905 E Guadalupe Rd","","Tempe","AZ","85283","MARICOPA","Convenience Store","","","USDA","Maricopa (County, 2022)"
"Census Tract","04013422104","AZ","04013422104","=""04013422104""","66726","2020-2024","2022","Census","Circle K 2701574","2012 W Southern Ave","","Mesa","AZ","85202","MARICOPA","Convenience Store","","","USDA","Maricopa (County, 2022)"
"Census Tract","04013319802","AZ","04013319802","=""04013319802""","62404","2020-2024","2022","Census","Circle K 2701636","15 W Southern Ave","","Tempe","AZ","85282","MARICOPA","Convenience Store","","","USDA","Maricopa (County, 2022)"
"Census Tract","04013319902","AZ","04013319902","=""04013319902""","67691","2020-2024","2022","Census","Circle K 2703398","5240 S Rural Rd","","Tempe","AZ","85283","MARICOPA","Convenience Store","","","USDA","Maricopa (County, 2022)"
"Census Tract","04013422209","AZ","04013422209","=""04013422209""","79825","2020-2024","2022","Census","Circle K 2703445","2990 N Arizona Ave","","Chandler","AZ","85225","MARICOPA","Convenience Store","","","USDA","Maricopa (County, 2022)"
"Census Tract","04013422307","AZ","04013422307","=""04013422307""","78102","2020-2024","2022","Census","Circle K 2705286","751 N Arizona Ave","","Gilbert","AZ","85233","MARICOPA","Convenience Store","","","USDA","Maricopa (County, 2022)"
"Census Tract","04013810000","AZ","04013810000","=""04013810000""","151953","2020-2024","2022","Census","Circle K 2705290","1501 W Warner Rd","","Tempe","AZ","85284","MARICOPA","Convenience Store","","","USDA","Maricopa (County, 2022)"
"Census Tract","04013320001","AZ","04013320001","=""04013320001""","76787","2020-2024","2022","Census","Circle K 2705300","7530 S Priest Dr","","Tempe","AZ","85283","MARICOPA","Convenience Store","","","USDA","Maricopa (County, 2022)"
"Census Tract","04013810400","AZ","04013810400","=""04013810400""","114953","2020-2024","2022","Census","Circle K 2705302","6969 W Ray Rd","","Chandler","AZ","85226","MARICOPA","Convenience Store","","","USDA","Maricopa (County, 2022)"
"Census Tract","04013523008","AZ","04013523008","=""04013523008""","68537","2020-2024","2022","Census","Circle K 2705973","1405 N Alma School Rd","","Chandler","AZ","85224","MARICOPA","Convenience Store","","","USDA","Maricopa (County, 2022)"
"Census Tract","04013422203","AZ","04013422203","=""04013422203""","54324","2020-2024","2022","Census","Circle K 2706346","1810 S Country Club Dr","","Mesa","AZ","85210","MARICOPA","Convenience Store","","","USDA","Maricopa (County, 2022)"
"Census Tract","04013319910","AZ","04013319910","=""04013319910""","138901","2020-2024","2022","Census","Circle K 2706348","995 W Elliot Rd","","Tempe","AZ","85284","MARICOPA","Convenience Store","","","USDA","Maricopa (County, 2022)"
"Census Tract","04013422213","AZ","04013422213","=""04013422213""","120400","2020-2024","2022","Census","Circle K 2706461","2808 S Dobson Rd","","Mesa","AZ","85202","MARICOPA","Convenience Store","","","USDA","Maricopa (County, 2022)"
"Census Tract","04013320002","AZ","04013320002","=""04013320002""","51354","2020-2024","2022","Census","Circle K 2706646","1619 W Baseline Rd","","Guadalupe","AZ","85283","MARICOPA","Convenience Store","","","USDA","Maricopa (County, 2022)"
"Census Tract","04013319904","AZ","04013319904","=""04013319904""","124890","2020-2024","2022","Census","Circle K 2706663","6349 S McClintock Dr","","Tempe","AZ","85283","MARICOPA","Convenience Store","","","USDA","Maricopa (County, 2022)"
"Census Tract","04013320001","AZ","04013320001","=""04013320001""","76787","2020-2024","2022","Census","Circle K 2708591","505 W Guadalupe Rd","","Tempe","AZ","85283","MARICOPA","Convenience Store","","","USDA","Maricopa (County, 2022)"
"Census Tract","04013810100","AZ","04013810100","=""04013810100""","169702","2020-2024","2022","Census","Circle K 2709160","1015 N Rural Rd","","Chandler","AZ","85226","MARICOPA","Convenience Store","","","USDA","Maricopa (County, 2022)"
"Census Tract","04013320007","AZ","04013320007","=""04013320007""","72573","2020-2024","2022","Census","Circle K 2709172","1435 W Baseline Rd","","Tempe","AZ","85283","MARICOPA","Convenience Store","","","USDA","Maricopa (County, 2022)"
"Census Tract","04013422221","AZ","04013422221","=""04013422221""","72047","2020-2024","2022","Census","Circle K 2709173","1817 W Baseline Rd","","Mesa","AZ","85202","MARICOPA","Convenience Store","","","USDA","Maricopa (County, 2022)"
"Census Tract","04013810700","AZ","04013810700","=""04013810700""","95068","2020-2024","2022","Census","Circle K 2709182","3989 W Ray Rd","","Chandler","AZ","85226","MARICOPA","Convenience Store","","","USDA","Maricopa (County, 2022)"
"Census Tract","04013422218","AZ","04013422218","=""04013422218""","74769","2020-2024","2022","Census","Circle K 2723452","3030 N Dobson Rd","","Mesa","AZ","85224","MARICOPA","Convenience Store","","","USDA","Maricopa (County, 2022)"
"Census Tract","04013319908","AZ","04013319908","=""04013319908""","99375","2020-2024","2022","Census","Cirlce K 2741653","7550 S Rural Rd","","Tempe","AZ","85283","MARICOPA","Convenience Store","","","USDA","Maricopa (County, 2022)"
"Census Tract","04013522903","AZ","04013522903","=""04013522903""","53762","2020-2024","2022","Census","Colbys","570 E Galveston St","","Chandler","AZ","85225","MARICOPA","Grocery Store","","","USDA","Maricopa (County, 2022)"
"Census Tract","04013422001","AZ","04013422001","=""04013422001""","58194","2020-2024","2022","Census","Convenience Mart","757 S Country Club Dr","","Mesa","AZ","85210","MARICOPA","Convenience Store","","","USDA","Maricopa (County, 2022)"
"Census Tract","04013422216","AZ","04013422216","=""04013422216""","90903","2020-2024","2022","Census","Copper Stop Mini Mart","2111 S Alma School Rd","Ste 4","Mesa","AZ","85210","MARICOPA","Convenience Store","","","USDA","Maricopa (County, 2022)"
"Census Tract","04013319705","AZ","04013319705","=""04013319705""","72241","2020-2024","2022","Census","Corner Market","1010 W Southern Ave","","Tempe","AZ","85282","MARICOPA","Convenience Store","","","USDA","Maricopa (County, 2022)"
"Census Tract","04013319910","AZ","04013319910","=""04013319910""","138901","2020-2024","2022","Census","Costco Wholesale 0436","1445 W Elliot Rd","","Tempe","AZ","85284","MARICOPA","Super Store","","","USDA","Maricopa (County, 2022)"
"Census Tract","04013422307","AZ","04013422307","=""04013422307""","78102","2020-2024","2022","Census","Costco Wholesale 0481","1415 N Arizona Ave","","Gilbert","AZ","85233","MARICOPA","Super Store","","","USDA","Maricopa (County, 2022)"
"Census Tract","04013523005","AZ","04013523005","=""04013523005""","103828","2020-2024","2022","Census","I-mart","1250 N Alma School Rd","Ste 28","Chandler","AZ","85224","MARICOPA","Grocery Store","","","USDA","Maricopa (County, 2022)"
"Census Tract","04013422209","AZ","04013422209","=""04013422209""","79825","2020-2024","2022","Census","JACK IN THE BOX 1195 RUCKER RESTAURANT HOLDINGS LL","2090 NORTH ARIZONA AVENUE","","CHANDLER","AZ","85225","MARICOPA","Restaurant Meals Program","","","USDA","Maricopa (County, 2022)"
"Census Tract","04013422212","AZ","04013422212","=""04013422212""","104861","2020-2024","2022","Census","JZ Market LLC","2633 W Baseline Rd","","Mesa","AZ","85202","MARICOPA","Convenience Store","","","USDA","Maricopa (County, 2022)"
"Census Tract","04013319902","AZ","04013319902","=""04013319902""","67691","2020-2024","2022","Census","Jack in The Box #1120","850 E Guadalupe Rd","","Tempe","AZ","85283","MARICOPA","Restaurant Meals Program","","","USDA","Maricopa (County, 2022)"
"Census Tract","04013319600","AZ","04013319600","=""04013319600""","96875","2020-2024","2022","Census","Jack in The Box #1158","3102 S Mill Ave","","Tempe","AZ","85282","MARICOPA","Restaurant Meals Program","","","USDA","Maricopa (County, 2022)"
"Census Tract","04013422211","AZ","04013422211","=""04013422211""","105446","2020-2024","2022","Census","Jack in The Box #1518","2070 N Dobson Rd","","Chandler","AZ","85224","MARICOPA","Restaurant Meals Program","","","USDA","Maricopa (County, 2022)"
"Census Tract","04013810600","AZ","04013810600","=""04013810600""","128636","2020-2024","2022","Census","Jack in the Box #1140","4900 W Ray Rd","","Chandler","AZ","85226","MARICOPA","Restaurant Meals Program","","","USDA","Maricopa (County, 2022)"
"Census Tract","04013422103","AZ","04013422103","=""04013422103""","52778","2020-2024","2022","Census","Jack in the Box #1165","1860 W Southern Ave","","Mesa","AZ","85202","MARICOPA","Restaurant Meals Program","","","USDA","Maricopa (County, 2022)"
"Census Tract","04013810600","AZ","04013810600","=""04013810600""","128636","2020-2024","2022","Census","Jimmy and Joes Pizzeria Chandler","4040 W Ray Rd","Ste 12","Chandler","AZ","85226","MARICOPA","Restaurant Meals Program","","","USDA","Maricopa (County, 2022)"
"Census Tract","04013422223","AZ","04013422223","=""04013422223""","64500","2020-2024","2022","Census","Jimmy and Joes Pizzeria Mesa","1960 W Baseline Rd","","Mesa","AZ","85202","MARICOPA","Restaurant Meals Program","","","USDA","Maricopa (County, 2022)"
"Census Tract","04013319904","AZ","04013319904","=""04013319904""","124890","2020-2024","2022","Census","Kwik 2165","2165 E Baseline Rd","","Tempe","AZ","85283","MARICOPA","Convenience Store","","","USDA","Maricopa (County, 2022)"
"Census Tract","04013523002","AZ","04013523002","=""04013523002""","77754","2020-2024","2022","Census","Kwik Mart","600 W Galveston St","","Chandler","AZ","85225","MARICOPA","Convenience Store","","","USDA","Maricopa (County, 2022)"
"Census Tract","04013422210","AZ","04013422210","=""04013422210""","116921","2020-2024","2022","Census","LEE LEE ORIENTAL MARKET","2025 N Dobson Rd","","Chandler","AZ","85224","MARICOPA","Super Store","","","USDA","Maricopa (County, 2022)"
"Census Tract","04013522903","AZ","04013522903","=""04013522903""","53762","2020-2024","2022","Census","La Familia New Market","545 N Arizona Ave","","Chandler","AZ","85225","MARICOPA","Convenience Store","","","USDA","Maricopa (County, 2022)"
"Census Tract","04013422210","AZ","04013422210","=""04013422210""","116921","2020-2024","2022","Census","Lennys Burger Chandler","2156 N. Alma School Rd.","","Chandler","AZ","85224","MARICOPA","Restaurant Meals Program","","","USDA","Maricopa (County, 2022)"
"Census Tract","04013319904","AZ","04013319904","=""04013319904""","124890","2020-2024","2022","Census","Little India","1813 E Baseline Rd","Ste 108","Tempe","AZ","85283","MARICOPA","Other","","","USDA","Maricopa (County, 2022)"
"Census Tract","04013319902","AZ","04013319902","=""04013319902""","67691","2020-2024","2022","Census","Lulu's Mini Mkt","11 W Baseline Rd","","Tempe","AZ","85283","MARICOPA","Other","","","USDA","Maricopa (County, 2022)"
"Census Tract","04013422102","AZ","04013422102","=""04013422102""","45357","2020-2024","2022","Census","Mango Mini Mart 1","760 S Alma School Rd","","Mesa","AZ","85210","MARICOPA","Convenience Store","","","USDA","Maricopa (County, 2022)"
"Census Tract","04013523002","AZ","04013523002","=""04013523002""","77754","2020-2024","2022","Census","McDONALD'S   11552","990 N. ARIZONA  AVENUE","","CHANDLER","AZ","85224","MARICOPA","Restaurant Meals Program","","","USDA","Maricopa (County, 2022)"
"Census Tract","04013319905","AZ","04013319905","=""04013319905""","105617","2020-2024","2022","Census","McDONALD'S  10384","1740 E. ELLIOT ROAD","","TEMPE","AZ","85282","MARICOPA","Restaurant Meals Program","","","USDA","Maricopa (County, 2022)"
"Census Tract","04013319908","AZ","04013319908","=""04013319908""","99375","2020-2024","2022","Census","McDONALD'S  21151","475 GUADALUPE RD","","TEMPE","AZ","85283","MARICOPA","Restaurant Meals Program","","","USDA","Maricopa (County, 2022)"
"Census Tract","04013422210","AZ","04013422210","=""04013422210""","116921","2020-2024","2022","Census","McDONALD'S 11340","1900 W WARNER RD","","CHANDLER","AZ","85224","MARICOPA","Restaurant Meals Program","","","USDA","Maricopa (County, 2022)"
"Census Tract","04013523006","AZ","04013523006","=""04013523006""","86052","2020-2024","2022","Census","McDONALD'S 7784","1850 S 7th ST","","CHANDLER","AZ","85224","MARICOPA","Restaurant Meals Program","","","USDA","Maricopa (County, 2022)"
"Census Tract","04013810000","AZ","04013810000","=""04013810000""","151953","2020-2024","2022","Census","McDonald's #18544","9955 S Priest Dr","","Tempe","AZ","85284","MARICOPA","Restaurant Meals Program","","","USDA","Maricopa (County, 2022)"
"Census Tract","04013319908","AZ","04013319908","=""04013319908""","99375","2020-2024","2022","Census","McDonald's #21151","455 W Guadalupe Rd","","Tempe","AZ","85283","MARICOPA","Restaurant Meals Program","","","USDA","Maricopa (County, 2022)"
"Census Tract","04013422203","AZ","04013422203","=""04013422203""","54324","2020-2024","2022","Census","7-Eleven 20168C","810 W Baseline Rd","","Mesa","AZ","85210","MARICOPA","Convenience Store","","","USDA","Maricopa (County, 2022)"
"Census Tract","04013319801","AZ","04013319801","=""04013319801""","58333","2020-2024","2022","Census","7-Eleven 26096 E","5125 S Mill Ave","","Tempe","AZ","85282","MARICOPA","Convenience Store","","","USDA","Maricopa (County, 2022)"
"Census Tract","04013810300","AZ","04013810300","=""04013810300""","94631","2020-2024","2022","Census","7-eleven #27215e","2025 W Warner Rd","","Chandler","AZ","85224","MARICOPA","Convenience Store","","","USDA","Maricopa (County, 2022)"
"Census Tract","04013523002","AZ","04013523002","=""04013523002""","77754","2020-2024","2022","Census","7-eleven 13011E","774 N Arizona Ave","","Chandler","AZ","85225","MARICOPA","Convenience Store","","","USDA","Maricopa (County, 2022)"
"Census Tract","04013422105","AZ","04013422105","=""04013422105""","76852","2020-2024","2022","Census","7-eleven 21821C","815 S Alma School Rd","","Mesa","AZ","85210","MARICOPA","Convenience Store","","","USDA","Maricopa (County, 2022)"
"Census Tract","04013422103","AZ","04013422103","=""04013422103""","52778","2020-2024","2022","Census","7-eleven 27036c 27036C","815 S Dobson Rd","","Mesa","AZ","85202","MARICOPA","Convenience Store","","","USDA","Maricopa (County, 2022)"
"Census Tract","04013810000","AZ","04013810000","=""04013810000""","151953","2020-2024","2022","Census","7-eleven 32265 32265","485 W Warner Rd","","Tempe","AZ","85284","MARICOPA","Convenience Store","","","USDA","Maricopa (County, 2022)"
"Census Tract","04013422218","AZ","04013422218","=""04013422218""","74769","2020-2024","2022","Census","A & A Hot Deals Llc","3016 N Dobson Rd","Ste 15","Chandler","AZ","85224","MARICOPA","Grocery Store","","","USDA","Maricopa (County, 2022)"
"Census Tract","04013810400","AZ","04013810400","=""04013810400""","114953","2020-2024","2022","Census","AJ's Fine Foods 87","7131 W Ray Rd","","Chandler","AZ","85226","MARICOPA","Super Store","","","USDA","Maricopa (County, 2022)"
"Census Tract","04013422221","AZ","04013422221","=""04013422221""","72047","2020-2024","2022","Census","ALBERTSONS  980","1951 W Baseline Rd","","Mesa","AZ","85202","MARICOPA","Supermarket","","","USDA","Maricopa (County, 2022)"
"Census Tract","04013319401","AZ","04013319401","=""04013319401""","102321","2020-2024","2022","Census","ALDI 79155","1717 E Southern Ave","","Tempe","AZ","85282","MARICOPA","Supermarket","","","USDA","Maricopa (County, 2022)"
"Census Tract","04013319908","AZ","04013319908","=""04013319908""","99375","2020-2024","2022","Census","African Market Shop Llc","721 E Guadalupe Rd","","Tempe","AZ","85283","MARICOPA","Grocery Store","","","USDA","Maricopa (County, 2022)"
"Census Tract","04013810600","AZ","04013810600","=""04013810600""","128636","2020-2024","2022","Census","Albertsons 2997","4060 W Ray Rd","","Chandler","AZ","85226","MARICOPA","Supermarket","","","USDA","Maricopa (County, 2022)"
"Census Tract","04013422107","AZ","04013422107","=""04013422107""","65766","2020-2024","2022","Census","American Discount Foods","1360 W Southern Ave","","Mesa","AZ","85202","MARICOPA","Other","","","USDA","Maricopa (County, 2022)"
"Census Tract","04013422203","AZ","04013422203","=""04013422203""","54324","2020-2024","2022","Census","Arizona Restaurant Wholesale","832 W Baseline Rd","Ste 1","Mesa","AZ","85210","MARICOPA","Other","","","USDA","Maricopa (County, 2022)"
"Census Tract","04013422103","AZ","04013422103","=""04013422103""","52778","2020-2024","2022","Census","Asiana Market","1135 S Dobson Rd","","Mesa","AZ","85202","MARICOPA","Super Store","","","USDA","Maricopa (County, 2022)"
"Census Tract","04013320002","AZ","04013320002","=""04013320002""","51354","2020-2024","2022","Census","Az Liquors","8207 S Avenida del Yaqui","","Guadalupe","AZ","85283","MARICOPA","Convenience Store","","","USDA","Maricopa (County, 2022)"
"Census Tract","04013422223","AZ","04013422223","=""04013422223""","64500","2020-2024","2022","Census","Baiz Fresh Foods","1858 W Baseline Rd","","Mesa","AZ","85202","MARICOPA","Super Store","","","USDA","Maricopa (County, 2022)"
"Census Tract","04013810100","AZ","04013810100","=""04013810100""","169702","2020-2024","2022","Census","Bashas' 48","1761 E Warner Rd","","Tempe","AZ","85284","MARICOPA","Super Store","","","USDA","Maricopa (County, 2022)"
"Census Tract","04013319708","AZ","04013319708","=""04013319708""","59375","2020-2024","2022","Census","Best Liquor","3320 S Priest Dr","Ste 1","Tempe","AZ","85282","MARICOPA","Convenience Store","","","USDA","Maricopa (County, 2022)"
"Census Tract","04013422105","AZ","04013422105","=""04013422105""","76852","2020-2024","2022","Census","El Pollo Loco #3761","1036 S Country Club Dr.","","Mesa","AZ","85210","MARICOPA","Restaurant Meals Program","","","USDA","Maricopa (County, 2022)"
"Census Tract","04013319707","AZ","04013319707","=""04013319707""","N/A","2020-2024","2022","Census","El Pollo Loco #3908","1530 W Baseline Rd","","Tempe","AZ","85283","MARICOPA","Restaurant Meals Program","","","USDA","Maricopa (County, 2022)"
"Census Tract","04013319401","AZ","04013319401","=""04013319401""","102321","2020-2024","2022","Census","El Pollo Loco 3566","5130 S McClintock Dr","","Tempe","AZ","85282","MARICOPA","Restaurant Meals Program","","","USDA","Maricopa (County, 2022)"
"Census Tract","04013319600","AZ","04013319600","=""04013319600""","96875","2020-2024","2022","Census","FRY'S 101","3232 S Mill Ave","","Tempe","AZ","85282","MARICOPA","Super Store","","","USDA","Maricopa (County, 2022)"
"Census Tract","04013319500","AZ","04013319500","=""04013319500""","103685","2020-2024","2022","Census","FRY'S 124","3255 S Rural Rd","","Tempe","AZ","85282","MARICOPA","Super Store","","","USDA","Maricopa (County, 2022)"
"Census Tract","04013319906","AZ","04013319906","=""04013319906""","132391","2020-2024","2022","Census","FRY'S 22","1835 E Guadalupe Rd","","Tempe","AZ","85283","MARICOPA","Super Store","","","USDA","Maricopa (County, 2022)"
"Census Tract","04013422209","AZ","04013422209","=""04013422209""","79825","2020-2024","2022","Census","FRY'S 37","981 W Elliot Rd","","Chandler","AZ","85225","MARICOPA","Super Store","","","USDA","Maricopa (County, 2022)"
"Census Tract","04013523005","AZ","04013523005","=""04013523005""","103828","2020-2024","2022","Census","FRY'S 51","1950 W Ray Rd","","Chandler","AZ","85224","MARICOPA","Super Store","","","USDA","Maricopa (County, 2022)"
"Census Tract","04013319401","AZ","04013319401","=""04013319401""","102321","2020-2024","2022","Census","FRY'S 607","5100 S McClintock Dr","","Tempe","AZ","85282","MARICOPA","Super Store","","","USDA","Maricopa (County, 2022)"
"Census Tract","04013422203","AZ","04013422203","=""04013422203""","54324","2020-2024","2022","Census","FRY'S 62","554 W Baseline Rd","","Mesa","AZ","85210","MARICOPA","Super Store","","","USDA","Maricopa (County, 2022)"
"Census Tract","04013810100","AZ","04013810100","=""04013810100""","169702","2020-2024","2022","Census","FRY'S 627","9900 S Rural Rd","","Tempe","AZ","85284","MARICOPA","Super Store","","","USDA","Maricopa (County, 2022)"
"Census Tract","04013422301","AZ","04013422301","=""04013422301""","68154","2020-2024","2022","Census","Family Dollar Store 3914","255 E Southern Ave","Suite 9","Mesa","AZ","85210","MARICOPA","Other","","","USDA","Maricopa (County, 2022)"
"Census Tract","04013522901","AZ","04013522901","=""04013522901""","102534","2020-2024","2022","Census","Family Dollar Store 5024","1027 N Arizona Ave","","Chandler","AZ","85225","MARICOPA","Other","","","USDA","Maricopa (County, 2022)"
"Census Tract","04013422103","AZ","04013422103","=""04013422103""","52778","2020-2024","2022","Census","Family Dollar Store 5218","865 S Dobson Rd","","Mesa","AZ","85202","MARICOPA","Other","","","USDA","Maricopa (County, 2022)"
"Census Tract","04013320002","AZ","04013320002","=""04013320002""","51354","2020-2024","2022","Census","Family Dollar Store 6447","5801 E Calle Guadalupe","","Guadalupe","AZ","85283","MARICOPA","Other","","","USDA","Maricopa (County, 2022)"
"Census Tract","04013810600","AZ","04013810600","=""04013810600""","128636","2020-2024","2022","Census","Fast Market 4601","4020 W Ray Rd","","Chandler","AZ","85226","MARICOPA","Convenience Store","","","USDA","Maricopa (County, 2022)"
"Census Tract","04013319902","AZ","04013319902","=""04013319902""","67691","2020-2024","2022","Census","Firehouse Subs","107 E Baseline Rd","Ste A1","Tempe","AZ","85283","MARICOPA","Restaurant Meals Program","","","USDA","Maricopa (County, 2022)"
"Census Tract","04013810700","AZ","04013810700","=""04013810700""","95068","2020-2024","2022","Census","Firehouse Subs","3245 W Ray Rd","Ste 1","Chandler","AZ","85226","MARICOPA","Restaurant Meals Program","","","USDA","Maricopa (County, 2022)"
"Census Tract","04013319910","AZ","04013319910","=""04013319910""","138901","2020-2024","2022","Census","Firehouse Subs","7700 S Priest Dr","Ste 101","Tempe","AZ","85284","MARICOPA","Restaurant Meals Program","","","USDA","Maricopa (County, 2022)"
"Census Tract","04013422002","AZ","04013422002","=""04013422002""","49774","2020-2024","2022","Census","Flowers Bakery Outlet 1265","300 W Southern Ave","","Mesa","AZ","85210","MARICOPA","Convenience Store","","","USDA","Maricopa (County, 2022)"
"Census Tract","04013422107","AZ","04013422107","=""04013422107""","65766","2020-2024","2022","Census","Food City 123","822 S Alma School Rd","","Mesa","AZ","85210","MARICOPA","Super Store","","","USDA","Maricopa (County, 2022)"
"Census Tract","04013320007","AZ","04013320007","=""04013320007""","72573","2020-2024","2022","Census","Food City 157","725 W Baseline Rd","","Tempe","AZ","85283","MARICOPA","Super Store","","","USDA","Maricopa (County, 2022)"
"Census Tract","04013522901","AZ","04013522901","=""04013522901""","102534","2020-2024","2022","Census","Food City 26","1005 N Arizona Ave","","Chandler","AZ","85225","MARICOPA","Super Store","","","USDA","Maricopa (County, 2022)"
"Census Tract","04013319801","AZ","04013319801","=""04013319801""","58333","2020-2024","2022","Census","Food Mart","5124 S Mill Ave","","Tempe","AZ","85282","MARICOPA","Convenience Store","","","USDA","Maricopa (County, 2022)"
"Census Tract","04013422621","AZ","04013422621","=""04013422621""","143319","2020-2024","2022","Census","Fry's 615","1455 N Higley Rd","","Gilbert","AZ","85234","MARICOPA","Super Store","","","USDA","Maricopa (County, 2022)"
"Census Tract","04013523002","AZ","04013523002","=""04013523002""","77754","2020-2024","2022","Census","GND Marker Water And Ice","995 W Ray Rd","","Chandler","AZ","85225","MARICOPA","Convenience Store","","","USDA","Maricopa (County, 2022)"
"Census Tract","04013523104","AZ","04013523104","=""04013523104""","78026","2020-2024","2022","Census","Ghett Yo Taco + Wings","241 S Oregon St","","Chandler","AZ","85225","MARICOPA","Restaurant Meals Program","","","USDA","Maricopa (County, 2022)"
"Census Tract","04013814600","AZ","04013814600","=""04013814600""","76044","2020-2024","2022","Census","Git 'n Run","1631 S Val Vista Dr","","Gilbert","AZ","85295","MARICOPA","Convenience Store","","","USDA","Maricopa (County, 2022)"
"Census Tract","04013422203","AZ","04013422203","=""04013422203""","54324","2020-2024","2022","Census","Gopal Invest LLC dba Subway 52833","550 W Baseline Rd","Ste 103","Mesa","AZ","85210","MARICOPA","Restaurant Meals Program","","","USDA","Maricopa (County, 2022)"
"Census Tract","04013422301","AZ","04013422301","=""04013422301""","68154","2020-2024","2022","Census","Gopal Invest LLC dba Subway 57288","325 W Southern Ave","","Mesa","AZ","85210","MARICOPA","Restaurant Meals Program","","","USDA","Maricopa (County, 2022)"
"Census Tract","04013817600","AZ","04013817600","=""04013817600""","139167","2020-2024","2022","Census","Guadalupe Farmers Market Too","4011 S Power Rd","","Mesa","AZ","85212","MARICOPA","Grocery Store","","","USDA","Maricopa (County, 2022)"
"Census Tract","04013523006","AZ","04013523006","=""04013523006""","86052","2020-2024","2022","Census","Halal Mart","912 N Alma School Rd","","Chandler","AZ","85224","MARICOPA","Specialty Store","","","USDA","Maricopa (County, 2022)"
"Census Tract","04013421901","AZ","04013421901","=""04013421901""","81821","2020-2024","2022","Census","DOLLARTREE 10001","1060 E. Southern Ave.","Suite A101","Mesa","AZ","85204","MARICOPA","Other","","","USDA","Maricopa (County, 2022)"
"Census Tract","04013319905","AZ","04013319905","=""04013319905""","105617","2020-2024","2022","Census","DOLLARTREE 10173","910 E Elliot Rd","","Tempe","AZ","85284","MARICOPA","Other","","","USDA","Maricopa (County, 2022)"
"Census Tract","04013319600","AZ","04013319600","=""04013319600""","96875","2020-2024","2022","Census","DOLLARTREE 10515","790 E Southern Ave","","Tempe","AZ","85282","MARICOPA","Other","","","USDA","Maricopa (County, 2022)"
"Census Tract","04013422302","AZ","04013422302","=""04013422302""","71983","2020-2024","2022","Census","DOLLARTREE 11009","1236 E. Baseline Rd.","#101","Mesa","AZ","85204","MARICOPA","Other","","","USDA","Maricopa (County, 2022)"
"Census Tract","04013422301","AZ","04013422301","=""04013422301""","68154","2020-2024","2022","Census","DOLLARTREE PLUS 8983","315 E Southern Ave","Ste 106","Mesa","AZ","85210","MARICOPA","Other","","","USDA","Maricopa (County, 2022)"
"Census Tract","04013523005","AZ","04013523005","=""04013523005""","103828","2020-2024","2022","Census","Del Taco #765","1900 W Ray Rd","","Chandler","AZ","85224","MARICOPA","Restaurant Meals Program","","","USDA","Maricopa (County, 2022)"
"Census Tract","04013422203","AZ","04013422203","=""04013422203""","54324","2020-2024","2022","Census","Del Taco #806","1864 S Country Club Dr","","Mesa","AZ","85210","MARICOPA","Restaurant Meals Program","","","USDA","Maricopa (County, 2022)"
"Census Tract","04013319708","AZ","04013319708","=""04013319708""","59375","2020-2024","2022","Census","Denny's #6644","1994 W Baseline Rd","","Tempe","AZ","85283","MARICOPA","Restaurant Meals Program","","","USDA","Maricopa (County, 2022)"
"Census Tract","04013422639","AZ","04013422639","=""04013422639""","88317","2020-2024","2022","Census","Denny's #6648","1330 S Power Rd","","Mesa","AZ","85206","MARICOPA","Restaurant Meals Program","","","USDA","Maricopa (County, 2022)"
"Census Tract","04013422105","AZ","04013422105","=""04013422105""","76852","2020-2024","2022","Census","Denny's #9587","1150 S Country Club Dr","","Mesa","AZ","85210","MARICOPA","Restaurant Meals Program","","","USDA","Maricopa (County, 2022)"
"Census Tract","04013523007","AZ","04013523007","=""04013523007""","79126","2020-2024","2022","Census","Dollar General 10200","400 W Ray Rd","","Chandler","AZ","85225","MARICOPA","Other","","","USDA","Maricopa (County, 2022)"
"Census Tract","04013422302","AZ","04013422302","=""04013422302""","71983","2020-2024","2022","Census","Dollar Tree 2617","1260 S Gilbert Rd","#416","Mesa","AZ","85204","MARICOPA","Other","","","USDA","Maricopa (County, 2022)"
"Census Tract","04013422209","AZ","04013422209","=""04013422209""","79825","2020-2024","2022","Census","Dollar Tree 2625","2071 N Arizona Ave","","Chandler","AZ","85225","MARICOPA","Other","","","USDA","Maricopa (County, 2022)"
"Census Tract","04013319906","AZ","04013319906","=""04013319906""","132391","2020-2024","2022","Census","Dollar Tree 2650","1855 E Guadalupe Rd","Ste 107","Tempe","AZ","85283","MARICOPA","Other","","","USDA","Maricopa (County, 2022)"
"Census Tract","04013320001","AZ","04013320001","=""04013320001""","76787","2020-2024","2022","Census","Dollar Tree 2687","1234 W Elliot Rd","","Tempe","AZ","85284","MARICOPA","Other","","","USDA","Maricopa (County, 2022)"
"Census Tract","04013815402","AZ","04013815402","=""04013815402""","121409","2020-2024","2022","Census","Dollar Tree 3656","2570 S Val Vista Dr","Ste 101","Gilbert","AZ","85295","MARICOPA","Other","","","USDA","Maricopa (County, 2022)"
"Census Tract","04013422507","AZ","04013422507","=""04013422507""","129857","2020-2024","2022","Census","Dollar Tree 3703","857 N Val Vista Dr","Ste 112","Gilbert","AZ","85234","MARICOPA","Other","","","USDA","Maricopa (County, 2022)"
"Census Tract","04013811300","AZ","04013811300","=""04013811300""","154049","2020-2024","2022","Census","Dollar Tree 4352","1070 E Ray Rd","Ste 13","Chandler","AZ","85225","MARICOPA","Other","","","USDA","Maricopa (County, 2022)"
"Census Tract","04013422105","AZ","04013422105","=""04013422105""","76852","2020-2024","2022","Census","Dollar Tree 5300","1110 W Southern Ave","Ste 16","Mesa","AZ","85210","MARICOPA","Other","","","USDA","Maricopa (County, 2022)"
"Census Tract","04013814802","AZ","04013814802","=""04013814802""","103125","2020-2024","2022","Census","Dollar Tree 5466","5002 S Power Rd","","Mesa","AZ","85212","MARICOPA","Other","","","USDA","Maricopa (County, 2022)"
"Census Tract","04013422654","AZ","04013422654","=""04013422654""","143819","2020-2024","2022","Census","Dollar Tree 5567","8257 E Guadalupe Rd","Ste 108","Mesa","AZ","85212","MARICOPA","Other","","","USDA","Maricopa (County, 2022)"
"Census Tract","04013812400","AZ","04013812400","=""04013812400""","131548","2020-2024","2022","Census","Dollar Tree 6250","2670 E Germann Rd","","Chandler","AZ","85286","MARICOPA","Other","","","USDA","Maricopa (County, 2022)"
"Census Tract","04013422210","AZ","04013422210","=""04013422210""","116921","2020-2024","2022","Census","Dollar Tree 6311","2050 N Alma School Rd","Ste 7","Chandler","AZ","85224","MARICOPA","Other","","","USDA","Maricopa (County, 2022)"
"Census Tract","04013319902","AZ","04013319902","=""04013319902""","67691","2020-2024","2022","Census","Dollar Tree 7013","425 W Baseline Rd","","Tempe","AZ","85283","MARICOPA","Other","","","USDA","Maricopa (County, 2022)"
"Census Tract","04013422222","AZ","04013422222","=""04013422222""","121786","2020-2024","2022","Census","Dollar Tree 8566","2728 S Alma School Rd","","Mesa","AZ","85210","MARICOPA","Other","","","USDA","Maricopa (County, 2022)"
"Census Tract","04013421901","AZ","04013421901","=""04013421901""","81821","2020-2024","2022","Census","Domino's Pizza #7658","1145 S Mesa Dr","","Mesa","AZ","85210","MARICOPA","Restaurant Meals Program","","","USDA","Maricopa (County, 2022)"
"Census Tract","04013523007","AZ","04013523007","=""04013523007""","79126","2020-2024","2022","Census","EL RANCHO MARKET","1076 N Arizona Ave","","Chandler","AZ","85225","MARICOPA","Super Store","","","USDA","Maricopa (County, 2022)"
"Census Tract","04013422502","AZ","04013422502","=""04013422502""","85054","2020-2024","2022","Census","Target Store T-0251","1135 S Gilbert Rd","","Mesa","AZ","85204","MARICOPA","Super Store","","","USDA","Maricopa (County, 2022)"
"Census Tract","04013814500","AZ","04013814500","=""04013814500""","105000","2020-2024","2022","Census","Target Store T-1209","1515 E Warner Rd","","Gilbert","AZ","85296","MARICOPA","Super Store","","","USDA","Maricopa (County, 2022)"
"Census Tract","04013422503","AZ","04013422503","=""04013422503""","87926","2020-2024","2022","Census","Trader Joe's 89","2050 E Baseline Rd","","Mesa","AZ","85204","MARICOPA","Supermarket","","","USDA","Maricopa (County, 2022)"
"Census Tract","04013814900","AZ","04013814900","=""04013814900""","152575","2020-2024","2022","Census","Us Market Ray","777 W Ray Rd","","Gilbert","AZ","85233","MARICOPA","Convenience Store","","","USDA","Maricopa (County, 2022)"
"Census Tract","04013422510","AZ","04013422510","=""04013422510""","124511","2020-2024","2022","Census","Valero Corner Store 2741601","1611 E Guadalupe Rd","","Gilbert","AZ","85234","MARICOPA","Convenience Store","","","USDA","Maricopa (County, 2022)"
"Census Tract","04013422508","AZ","04013422508","=""04013422508""","110757","2020-2024","2022","Census","Vitamin Cottage Natural Food Market U120","2151 E Baseline Rd","","Gilbert","AZ","85234","MARICOPA","Supermarket","","","USDA","Maricopa (County, 2022)"
"Census Tract","04013422636","AZ","04013422636","=""04013422636""","82813","2020-2024","2022","Census","Walgreens 02771","1305 S Greenfield Rd","","Mesa","AZ","85206","MARICOPA","Other","","","USDA","Maricopa (County, 2022)"
"Census Tract","04013422403","AZ","04013422403","=""04013422403""","120741","2020-2024","2022","Census","Walgreens 03008","785 S Cooper Rd","","Gilbert","AZ","85233","MARICOPA","Other","","","USDA","Maricopa (County, 2022)"
"Census Tract","04013422509","AZ","04013422509","=""04013422509""","101800","2020-2024","2022","Census","Walgreens 03184","1585 E Guadalupe Rd","","Gilbert","AZ","85234","MARICOPA","Other","","","USDA","Maricopa (County, 2022)"
"Census Tract","04013422301","AZ","04013422301","=""04013422301""","68154","2020-2024","2022","Census","Walgreens 03670","1159 E Southern Ave","","Mesa","AZ","85204","MARICOPA","Other","","","USDA","Maricopa (County, 2022)"
"Census Tract","04013422508","AZ","04013422508","=""04013422508""","110757","2020-2024","2022","Census","Walgreens 04018","2345 E Baseline Rd","","Gilbert","AZ","85234","MARICOPA","Other","","","USDA","Maricopa (County, 2022)"
"Census Tract","04013814600","AZ","04013814600","=""04013814600""","76044","2020-2024","2022","Census","Walgreens 04543","805 S Val Vista Dr","","Gilbert","AZ","85296","MARICOPA","Other","","","USDA","Maricopa (County, 2022)"
"Census Tract","04013422656","AZ","04013422656","=""04013422656""","194636","2020-2024","2022","Census","Walgreens 05799","754 N Higley Rd","","Gilbert","AZ","85234","MARICOPA","Other","","","USDA","Maricopa (County, 2022)"
"Census Tract","04013422308","AZ","04013422308","=""04013422308""","109541","2020-2024","2022","Census","Walgreens 06062","76 W Guadalupe Rd","","Gilbert","AZ","85233","MARICOPA","Other","","","USDA","Maricopa (County, 2022)"
"Census Tract","04013422302","AZ","04013422302","=""04013422302""","71983","2020-2024","2022","Census","Walmart 2768","1955 S STAPLEY DR","","MESA","AZ","85204","MARICOPA","Super Store","","","USDA","Maricopa (County, 2022)"
"Census Tract","04013422503","AZ","04013422503","=""04013422503""","87926","2020-2024","2022","Census","Walmart 5304","1916 S LINDSAY RD","","MESA","AZ","85204","MARICOPA","Super Store","","","USDA","Maricopa (County, 2022)"
"Census Tract","04013422514","AZ","04013422514","=""04013422514""","85335","2020-2024","2022","Census","Walmart 5428","1710 S GREENFIELD RD","","MESA","AZ","85206","MARICOPA","Super Store","","","USDA","Maricopa (County, 2022)"
"Census Tract","04013422511","AZ","04013422511","=""04013422511""","121413","2020-2024","2022","Census","Papa Johns #2229","70 S Val Vista Dr","","Gilbert","AZ","85296","MARICOPA","Restaurant Meals Program","","","USDA","Maricopa (County, 2022)"
"Census Tract","04013422501","AZ","04013422501","=""04013422501""","94871","2020-2024","2022","Census","Papa Murphy's AZ026","3550 E Southern Ave","","Mesa","AZ","85204","MARICOPA","Specialty Store","","","USDA","Maricopa (County, 2022)"
"Census Tract","04013814500","AZ","04013814500","=""04013814500""","105000","2020-2024","2022","Census","Papa Murphy's Pizza AZ003","1385 E Warner Rd","Ste 104","Gilbert","AZ","85296","MARICOPA","Specialty Store","","","USDA","Maricopa (County, 2022)"
"Census Tract","04013422307","AZ","04013422307","=""04013422307""","78102","2020-2024","2022","Census","Quick & Easy","805 N McQueen Rd","","Gilbert","AZ","85233","MARICOPA","Convenience Store","","","USDA","Maricopa (County, 2022)"
"Census Tract","04013421801","AZ","04013421801","=""04013421801""","75598","2020-2024","2022","Census","QuikTrip 1422","1956 E Southern Ave","","Mesa","AZ","85204","MARICOPA","Convenience Store","","","USDA","Maricopa (County, 2022)"
"Census Tract","04013422504","AZ","04013422504","=""04013422504""","87568","2020-2024","2022","Census","QuikTrip 1427","3547 E Southern Ave","","Mesa","AZ","85204","MARICOPA","Convenience Store","","","USDA","Maricopa (County, 2022)"
"Census Tract","04013422301","AZ","04013422301","=""04013422301""","68154","2020-2024","2022","Census","QuikTrip 431","1939 S Mesa Dr","","Mesa","AZ","85210","MARICOPA","Convenience Store","","","USDA","Maricopa (County, 2022)"
"Census Tract","04013422636","AZ","04013422636","=""04013422636""","82813","2020-2024","2022","Census","QuikTrip 438","1733 S Greenfield Rd","","Mesa","AZ","85206","MARICOPA","Convenience Store","","","USDA","Maricopa (County, 2022)"
"Census Tract","04013422508","AZ","04013422508","=""04013422508""","110757","2020-2024","2022","Census","QuikTrip 469","2761 E Baseline Rd","","Gilbert","AZ","85234","MARICOPA","Convenience Store","","","USDA","Maricopa (County, 2022)"
"Census Tract","04013422403","AZ","04013422403","=""04013422403""","120741","2020-2024","2022","Census","QuikTrip 486","726 S Gilbert Rd","","Gilbert","AZ","85296","MARICOPA","Convenience Store","","","USDA","Maricopa (County, 2022)"
"Census Tract","04013814900","AZ","04013814900","=""04013814900""","152575","2020-2024","2022","Census","Ray Quick Mart","797 E Ray Rd","","Gilbert","AZ","85296","MARICOPA","Convenience Store","","","USDA","Maricopa (County, 2022)"
"Census Tract","04013422301","AZ","04013422301","=""04013422301""","68154","2020-2024","2022","Census","Rk Super","1231 S Mesa Dr","","Mesa","AZ","85210","MARICOPA","Convenience Store","","","USDA","Maricopa (County, 2022)"
"Census Tract","04013422511","AZ","04013422511","=""04013422511""","121413","2020-2024","2022","Census","SAFEWAY  1534","90 S Val Vista Dr","","Gilbert","AZ","85296","MARICOPA","Supermarket","","","USDA","Maricopa (County, 2022)"
"Census Tract","04013811300","AZ","04013811300","=""04013811300""","154049","2020-2024","2022","Census","SAFEWAY  1605","1060 E Ray Rd","","Chandler","AZ","85225","MARICOPA","Supermarket","","","USDA","Maricopa (County, 2022)"
"Census Tract","04013422513","AZ","04013422513","=""04013422513""","110707","2020-2024","2022","Census","SAFEWAY  1637","3622 E Southern Ave","","Mesa","AZ","85206","MARICOPA","Supermarket","","","USDA","Maricopa (County, 2022)"
"Census Tract","04013422620","AZ","04013422620","=""04013422620""","167727","2020-2024","2022","Census","SAFEWAY  1748","5137 E Baseline Rd","","Gilbert","AZ","85234","MARICOPA","Supermarket","","","USDA","Maricopa (County, 2022)"
"Census Tract","04013422508","AZ","04013422508","=""04013422508""","110757","2020-2024","2022","Census","Sam's Club 6605","1225 N Gilbert Rd","","Gilbert","AZ","85234","MARICOPA","Super Store","","","USDA","Maricopa (County, 2022)"
"Census Tract","04013422637","AZ","04013422637","=""04013422637""","103906","2020-2024","2022","Census","Sandhu Chevron","1155 S Higley Rd","","Mesa","AZ","85206","MARICOPA","Convenience Store","","","USDA","Maricopa (County, 2022)"
"Census Tract","04013814300","AZ","04013814300","=""04013814300""","121125","2020-2024","2022","Census","Sandhu Chevron","1570 S Gilbert Rd","","Gilbert","AZ","85296","MARICOPA","Convenience Store","","","USDA","Maricopa (County, 2022)"
"Census Tract","04013422513","AZ","04013422513","=""04013422513""","110707","2020-2024","2022","Census","Simon Xpress Pizza DBA Hungry Howie's # 1813","3614 E Southern Ave","Ste 104","Mesa","AZ","85206","MARICOPA","Restaurant Meals Program","","","USDA","Maricopa (County, 2022)"
"Census Tract","04013422401","AZ","04013422401","=""04013422401""","96467","2020-2024","2022","Census","Smart & Final 730","750 N Gilbert Rd","","Gilbert","AZ","85234","MARICOPA","Super Store","","","USDA","Maricopa (County, 2022)"
"Census Tract","04013422636","AZ","04013422636","=""04013422636""","82813","2020-2024","2022","Census","Sprouts Farmers Market 10","1668 N Higley Rd","","Gilbert","AZ","85234","MARICOPA","Supermarket","","","USDA","Maricopa (County, 2022)"
"Census Tract","04013422638","AZ","04013422638","=""04013422638""","66435","2020-2024","2022","Census","Sprouts Farmers Market 10","5225 E Southern Ave","","Mesa","AZ","85206","MARICOPA","Supermarket","","","USDA","Maricopa (County, 2022)"
"Census Tract","04013422503","AZ","04013422503","=""04013422503""","87926","2020-2024","2022","Census","Sprouts Farmers Market 34","2060 E Baseline Rd","","Mesa","AZ","85204","MARICOPA","Supermarket","","","USDA","Maricopa (County, 2022)"
"Census Tract","04013422302","AZ","04013422302","=""04013422302""","71983","2020-2024","2022","Census","Starcorp LLC dba Carls Jr 826","1352 S Gilbert","","Mesa","AZ","85202","MARICOPA","Restaurant Meals Program","","","USDA","Maricopa (County, 2022)"
"Census Tract","04013422308","AZ","04013422308","=""04013422308""","109541","2020-2024","2022","Census","Subway 23279","1561 N Cooper Rd","","Gilbert","AZ","85233","MARICOPA","Restaurant Meals Program","","","USDA","Maricopa (County, 2022)"
"Census Tract","04013422503","AZ","04013422503","=""04013422503""","87926","2020-2024","2022","Census","Subway 2384","1221 S Gilbert Rd","Ste 25","Mesa","AZ","85204","MARICOPA","Restaurant Meals Program","","","USDA","Maricopa (County, 2022)"
"Census Tract","04013422501","AZ","04013422501","=""04013422501""","94871","2020-2024","2022","Census","Subway 37538","3550 E Southern Ave","Ste 101","Mesa","AZ","85204","MARICOPA","Restaurant Meals Program","","","USDA","Maricopa (County, 2022)"
"Census Tract","04013422502","AZ","04013422502","=""04013422502""","85054","2020-2024","2022","Census","Burger King 14670","2024 E Southern Ave","","Mesa","AZ","85204","MARICOPA","Restaurant Meals Program","","","USDA","Maricopa (County, 2022)"
"Census Tract","04013422304","AZ","04013422304","=""04013422304""","86371","2020-2024","2022","Census","CVS Pharmacy 3143","990 E Warner Rd","","Chandler","AZ","85225","MARICOPA","Other","","","USDA","Maricopa (County, 2022)"
"Census Tract","04013422511","AZ","04013422511","=""04013422511""","121413","2020-2024","2022","Census","CVS Pharmacy 3268","765 S Lindsay Rd","","Gilbert","AZ","85296","MARICOPA","Other","","","USDA","Maricopa (County, 2022)"
"Census Tract","04013422510","AZ","04013422510","=""04013422510""","124511","2020-2024","2022","Census","CVS Pharmacy 3272","2371 E Guadalupe Rd","","Gilbert","AZ","85234","MARICOPA","Other","","","USDA","Maricopa (County, 2022)"
"Census Tract","04013422514","AZ","04013422514","=""04013422514""","85335","2020-2024","2022","Census","CVS Pharmacy 5026","1212 S Greenfield Rd","","Mesa","AZ","85204","MARICOPA","Other","","","USDA","Maricopa (County, 2022)"
"Census Tract","04013811400","AZ","04013811400","=""04013811400""","131161","2020-2024","2022","Census","CVS Pharmacy 7849","1015 E Ray Rd","","Chandler","AZ","85225","MARICOPA","Other","","","USDA","Maricopa (County, 2022)"
"Census Tract","04013814500","AZ","04013814500","=""04013814500""","105000","2020-2024","2022","Census","CVS Pharmacy 8365","2428 S Val Vista Dr","","Gilbert","AZ","85296","MARICOPA","Other","","","USDA","Maricopa (County, 2022)"
"Census Tract","04013422402","AZ","04013422402","=""04013422402""","88510","2020-2024","2022","Census","Circle K 2700412","503 N Gilbert Rd","","Gilbert","AZ","85234","MARICOPA","Convenience Store","","","USDA","Maricopa (County, 2022)"
"Census Tract","04013422301","AZ","04013422301","=""04013422301""","68154","2020-2024","2022","Census","Circle K 2701479","809 E Southern Ave","","Mesa","AZ","85204","MARICOPA","Convenience Store","","","USDA","Maricopa (County, 2022)"
"Census Tract","04013422636","AZ","04013422636","=""04013422636""","82813","2020-2024","2022","Census","Circle K 2703365","1959 S Greenfield Rd","","Mesa","AZ","85206","MARICOPA","Convenience Store","","","USDA","Maricopa (County, 2022)"
"Census Tract","04013814500","AZ","04013814500","=""04013814500""","105000","2020-2024","2022","Census","Circle K 2703366","1564 E Ray Rd","","Gilbert","AZ","85296","MARICOPA","Convenience Store","","","USDA","Maricopa (County, 2022)"
"Census Tract","04013814700","AZ","04013814700","=""04013814700""","115096","2020-2024","2022","Census","Circle K 2703373","888 S Higley Rd","","Gilbert","AZ","85296","MARICOPA","Convenience Store","","","USDA","Maricopa (County, 2022)"
"Census Tract","04013422636","AZ","04013422636","=""04013422636""","82813","2020-2024","2022","Census","Circle K 2703419","5202 E Baseline Rd","","Gilbert","AZ","85234","MARICOPA","Convenience Store","","","USDA","Maricopa (County, 2022)"
"Census Tract","04013422404","AZ","04013422404","=""04013422404""","106746","2020-2024","2022","Census","Circle K 2705292","750 E Warner Rd","","Gilbert","AZ","85296","MARICOPA","Convenience Store","","","USDA","Maricopa (County, 2022)"
"Census Tract","04013814300","AZ","04013814300","=""04013814300""","121125","2020-2024","2022","Census","Circle K 2705294","755 W Warner Rd","","Gilbert","AZ","85233","MARICOPA","Convenience Store","","","USDA","Maricopa (County, 2022)"
"Census Tract","04013422504","AZ","04013422504","=""04013422504""","87568","2020-2024","2022","Census","Circle K 2705307","3589 E Baseline Rd","","Gilbert","AZ","85234","MARICOPA","Convenience Store","","","USDA","Maricopa (County, 2022)"
"Census Tract","04013422307","AZ","04013422307","=""04013422307""","78102","2020-2024","2022","Census","Circle K 2705316","1189 E Baseline Rd","","Gilbert","AZ","85233","MARICOPA","Convenience Store","","","USDA","Maricopa (County, 2022)"
"Census Tract","04013422607","AZ","04013422607","=""04013422607""","54077","2020-2024","2022","Census","Circle K 2705320","4420 E Southern Ave","","Mesa","AZ","85206","MARICOPA","Convenience Store","","","USDA","Maricopa (County, 2022)"
"Census Tract","04013422512","AZ","04013422512","=""04013422512""","129875","2020-2024","2022","Census","Circle K 2706355","33 S Val Vista Dr","","Gilbert","AZ","85296","MARICOPA","Convenience Store","","","USDA","Maricopa (County, 2022)"
"Census Tract","04013422302","AZ","04013422302","=""04013422302""","71983","2020-2024","2022","Census","Circle K 2706356","1203 E Southern Ave","","Mesa","AZ","85204","MARICOPA","Convenience Store","","","USDA","Maricopa (County, 2022)"
"Census Tract","04013422301","AZ","04013422301","=""04013422301""","68154","2020-2024","2022","Census","Circle K 2706357","1850 S Stapley Dr","","Mesa","AZ","85204","MARICOPA","Convenience Store","","","USDA","Maricopa (County, 2022)"
"Census Tract","04013422503","AZ","04013422503","=""04013422503""","87926","2020-2024","2022","Census","Circle K 2706361","2760 E Baseline Rd","","Mesa","AZ","85204","MARICOPA","Convenience Store","","","USDA","Maricopa (County, 2022)"
"Census Tract","04013422514","AZ","04013422514","=""04013422514""","85335","2020-2024","2022","Census","Circle K 2706459","1557 S Val Vista Dr","","Mesa","AZ","85204","MARICOPA","Convenience Store","","","USDA","Maricopa (County, 2022)"
"Census Tract","04013422302","AZ","04013422302","=""04013422302""","71983","2020-2024","2022","Census","Circle K 2706649","1953 E Southern Ave","","Mesa","AZ","85204","MARICOPA","Convenience Store","","","USDA","Maricopa (County, 2022)"
"Census Tract","04013422636","AZ","04013422636","=""04013422636""","82813","2020-2024","2022","Census","Circle K 2709153","1210 S Higley Rd","","Mesa","AZ","85206","MARICOPA","Convenience Store","","","USDA","Maricopa (County, 2022)"
"Census Tract","04013811400","AZ","04013811400","=""04013811400""","131161","2020-2024","2022","Census","Hungry Howie's #1814","1909 E Ray Road","Suite 6","Chandler","AZ","85225","MARICOPA","Restaurant Meals Program","","","USDA","Maricopa (County, 2022)"
"Census Tract","04013811400","AZ","04013811400","=""04013811400""","131161","2020-2024","2022","Census","Jack in The Box #1142","900 N Cooper Rd","","Chandler","AZ","85225","MARICOPA","Restaurant Meals Program","","","USDA","Maricopa (County, 2022)"
"Census Tract","04013422503","AZ","04013422503","=""04013422503""","87926","2020-2024","2022","Census","Jack in The Box #1186","2120 E Baseline Rd","","Mesa","AZ","85204","MARICOPA","Restaurant Meals Program","","","USDA","Maricopa (County, 2022)"
"Census Tract","04013422507","AZ","04013422507","=""04013422507""","129857","2020-2024","2022","Census","Jack in The Box #1501","4361 E Baseline Rd","","Gilbert","AZ","85234","MARICOPA","Restaurant Meals Program","","","USDA","Maricopa (County, 2022)"
"Census Tract","04013814500","AZ","04013814500","=""04013814500""","105000","2020-2024","2022","Census","Jack in The Box #1502","1585 E Warner Rd","","Gilbert","AZ","85296","MARICOPA","Restaurant Meals Program","","","USDA","Maricopa (County, 2022)"
"Census Tract","04013422513","AZ","04013422513","=""04013422513""","110707","2020-2024","2022","Census","Jack in The Box #1507","1105 S Val Vista Dr","","Mesa","AZ","85204","MARICOPA","Restaurant Meals Program","","","USDA","Maricopa (County, 2022)"
"Census Tract","04013421901","AZ","04013421901","=""04013421901""","81821","2020-2024","2022","Census","Jack in The Box 1171","440 E Southern Ave","","Mesa","AZ","85204","MARICOPA","Restaurant Meals Program","","","USDA","Maricopa (County, 2022)"
"Census Tract","04013422307","AZ","04013422307","=""04013422307""","78102","2020-2024","2022","Census","Kwik Corner 784","784 N McQueen Rd","","Gilbert","AZ","85233","MARICOPA","Convenience Store","","","USDA","Maricopa (County, 2022)"
"Census Tract","04013422302","AZ","04013422302","=""04013422302""","71983","2020-2024","2022","Census","Lennys Burger Mesa","1245 E. Southern Ave.","Suite 11","Mesa","AZ","85204","MARICOPA","Restaurant Meals Program","","","USDA","Maricopa (County, 2022)"
"Census Tract","04013421901","AZ","04013421901","=""04013421901""","81821","2020-2024","2022","Census","Los Altos 7","1118 E Southern Ave","","Mesa","AZ","85204","MARICOPA","Super Store","","","USDA","Maricopa (County, 2022)"
"Census Tract","04013421901","AZ","04013421901","=""04013421901""","81821","2020-2024","2022","Census","M & M Market","810 S Stapley Dr","","Mesa","AZ","85204","MARICOPA","Convenience Store","","","USDA","Maricopa (County, 2022)"
"Census Tract","04013422301","AZ","04013422301","=""04013422301""","68154","2020-2024","2022","Census","MERCADO Y CARNICERIA EL RANCHO 4","303 E Southern Ave","Ste 102","Mesa","AZ","85210","MARICOPA","Grocery Store","","","USDA","Maricopa (County, 2022)"
"Census Tract","04013814200","AZ","04013814200","=""04013814200""","145112","2020-2024","2022","Census","McDONALD'S 15517","825 W WARNER RD","","GILBERT","AZ","85233","MARICOPA","Restaurant Meals Program","","","USDA","Maricopa (County, 2022)"
"Census Tract","04013422309","AZ","04013422309","=""04013422309""","104143","2020-2024","2022","Census","McDONALD'S 24266","47 N. McQUEEN RD","","GILBERT","AZ","85233","MARICOPA","Restaurant Meals Program","","","USDA","Maricopa (County, 2022)"
"Census Tract","04013422508","AZ","04013422508","=""04013422508""","110757","2020-2024","2022","Census","7-ELEVEN #26908B","1157 N Gilbert Rd","","Gilbert","AZ","85234","MARICOPA","Convenience Store","","","USDA","Maricopa (County, 2022)"
"Census Tract","04013422403","AZ","04013422403","=""04013422403""","120741","2020-2024","2022","Census","7-ELEVEN 27876 A","785 W Elliot Rd","","Gilbert","AZ","85233","MARICOPA","Convenience Store","","","USDA","Maricopa (County, 2022)"
"Census Tract","04013422512","AZ","04013422512","=""04013422512""","129875","2020-2024","2022","Census","7-Eleven 32602D","785 S Val Vista Dr","","Gilbert","AZ","85296","MARICOPA","Convenience Store","","","USDA","Maricopa (County, 2022)"
"Census Tract","04013422504","AZ","04013422504","=""04013422504""","87568","2020-2024","2022","Census","AJ's Fine Foods 61","1836 S Val Vista Dr","","Mesa","AZ","85204","MARICOPA","Super Store","","","USDA","Maricopa (County, 2022)"
"Census Tract","04013814500","AZ","04013814500","=""04013814500""","105000","2020-2024","2022","Census","Albertsons 23","861 E Warner Rd","","Gilbert","AZ","85296","MARICOPA","Supermarket","","","USDA","Maricopa (County, 2022)"
"Census Tract","04013422309","AZ","04013422309","=""04013422309""","104143","2020-2024","2022","Census","Arco Am Pm 42666","37 N Mcqueen Rd","","Gilbert","AZ","85233","MARICOPA","Convenience Store","","","USDA","Maricopa (County, 2022)"
"Census Tract","04013422308","AZ","04013422308","=""04013422308""","109541","2020-2024","2022","Census","Arco Am/pm 42879","786 W Guadalupe Rd","","Gilbert","AZ","85233","MARICOPA","Convenience Store","","","USDA","Maricopa (County, 2022)"
"Census Tract","04013422301","AZ","04013422301","=""04013422301""","68154","2020-2024","2022","Census","Arco am/pm","365 E Southern Ave","","Mesa","AZ","85210","MARICOPA","Convenience Store","","","USDA","Maricopa (County, 2022)"
"Census Tract","04013422512","AZ","04013422512","=""04013422512""","129875","2020-2024","2022","Census","BURGER KING 11462","695 S Val Vista Dr","","Gilbert","AZ","85296","MARICOPA","Restaurant Meals Program","","","USDA","Maricopa (County, 2022)"
"Census Tract","04013422636","AZ","04013422636","=""04013422636""","82813","2020-2024","2022","Census","BURGER KING 23257","1730 N HIGLEY ROAD","","GILBERT","AZ","85234","MARICOPA","Restaurant Meals Program","","","USDA","Maricopa (County, 2022)"
"Census Tract","04013422658","AZ","04013422658","=""04013422658""","185096","2020-2024","2022","Census","Bashas' 172","99 S Higley Rd","","Gilbert","AZ","85296","MARICOPA","Super Store","","","USDA","Maricopa (County, 2022)"
"Census Tract","04013422508","AZ","04013422508","=""04013422508""","110757","2020-2024","2022","Census","El Pollo Loco #3763","2253 E Baseline Rd","","Gilbert","AZ","85234","MARICOPA","Restaurant Meals Program","","","USDA","Maricopa (County, 2022)"
"Census Tract","04013422302","AZ","04013422302","=""04013422302""","71983","2020-2024","2022","Census","El Super 53","1251 E Southern Ave","","Mesa","AZ","85204","MARICOPA","Supermarket","","","USDA","Maricopa (County, 2022)"
"Census Tract","04013814200","AZ","04013814200","=""04013814200""","145112","2020-2024","2022","Census","FRY'S 52","855 W Warner Rd","","Gilbert","AZ","85233","MARICOPA","Super Store","","","USDA","Maricopa (County, 2022)"
"Census Tract","04013422308","AZ","04013422308","=""04013422308""","109541","2020-2024","2022","Census","FRY'S 624","1845 E Baseline Rd","","Gilbert","AZ","85233","MARICOPA","Super Store","","","USDA","Maricopa (County, 2022)"
"Census Tract","04013422511","AZ","04013422511","=""04013422511""","121413","2020-2024","2022","Census","FRY'S 64","714 S Val Vista Dr","","Gilbert","AZ","85296","MARICOPA","Super Store","","","USDA","Maricopa (County, 2022)"
"Census Tract","04013422609","AZ","04013422609","=""04013422609""","72132","2020-2024","2022","Census","Fast Market 4598","7542 E Southern Ave","","Mesa","AZ","85209","MARICOPA","Convenience Store","","","USDA","Maricopa (County, 2022)"
"Census Tract","04013422633","AZ","04013422633","=""04013422633""","66375","2020-2024","2022","Census","Fast Market 4599","7060 E Baseline Rd","","Mesa","AZ","85209","MARICOPA","Convenience Store","","","USDA","Maricopa (County, 2022)"
"Census Tract","04013422655","AZ","04013422655","=""04013422655""","96518","2020-2024","2022","Census","Fast Market 4600","9151 E Guadalupe Rd","","Mesa","AZ","85212","MARICOPA","Convenience Store","","","USDA","Maricopa (County, 2022)"
"Census Tract","04013815100","AZ","04013815100","=""04013815100""","144179","2020-2024","2022","Census","Fast Market 4603","1636 S Higley Rd","","Gilbert","AZ","85295","MARICOPA","Convenience Store","","","USDA","Maricopa (County, 2022)"
"Census Tract","04013422301","AZ","04013422301","=""04013422301""","68154","2020-2024","2022","Census","Firehouse Subs","1616 S Stapley Dr","Ste 101","Mesa","AZ","85204","MARICOPA","Restaurant Meals Program","","","USDA","Maricopa (County, 2022)"
"Census Tract","04013421002","AZ","04013421002","=""04013421002""","52171","2020-2024","2022","Census","Food City 2","339 E Brown Rd","","Mesa","AZ","85201","MARICOPA","Super Store","","","USDA","Maricopa (County, 2022)"
"Census Tract","04013421901","AZ","04013421901","=""04013421901""","81821","2020-2024","2022","Census","Food City 25","450 E Southern Ave","","Mesa","AZ","85204","MARICOPA","Super Store","","","USDA","Maricopa (County, 2022)"
"Census Tract","04013422623","AZ","04013422623","=""04013422623""","119063","2020-2024","2022","Census","Fry's Marketplace 655","3490 S Power Rd","","Gilbert","AZ","85234","MARICOPA","Super Store","","","USDA","Maricopa (County, 2022)"
"Census Tract","04013420105","AZ","04013420105","=""04013420105""","117853","2020-2024","2022","Census","Fuel Bros","6806 E Brown Rd","","Mesa","AZ","85207","MARICOPA","Convenience Store","","","USDA","Maricopa (County, 2022)"
"Census Tract","04013422401","AZ","04013422401","=""04013422401""","96467","2020-2024","2022","Census","DOLLARTREE 10397","750 N Gilbert Rd","","Gilbert","AZ","85234","MARICOPA","Other","","","USDA","Maricopa (County, 2022)"
"Census Tract","04013422609","AZ","04013422609","=""04013422609""","72132","2020-2024","2022","Census","DOLLARTREE 8687","1155 S Power Rd","Ste 110","Mesa","AZ","85206","MARICOPA","Other","","","USDA","Maricopa (County, 2022)"
"Census Tract","04013814500","AZ","04013814500","=""04013814500""","105000","2020-2024","2022","Census","Del Taco #838","900 S Val Vista Dr","","Gilbert","AZ","85296","MARICOPA","Restaurant Meals Program","","","USDA","Maricopa (County, 2022)"
"Census Tract","04013422513","AZ","04013422513","=""04013422513""","110707","2020-2024","2022","Census","Del Taco #861","3648 E Southern Ave","","Mesa","AZ","85206","MARICOPA","Restaurant Meals Program","","","USDA","Maricopa (County, 2022)"
"Census Tract","04013422305","AZ","04013422305","=""04013422305""","103168","2020-2024","2022","Census","Desert Rose Express","37 S McQueen Rd","","Gilbert","AZ","85233","MARICOPA","Convenience Store","","","USDA","Maricopa (County, 2022)"
"Census Tract","04013422636","AZ","04013422636","=""04013422636""","82813","2020-2024","2022","Census","Desert Taco East LLC.","5216 E Baseline Rd","","Gilbert","AZ","85234","MARICOPA","Restaurant Meals Program","","","USDA","Maricopa (County, 2022)"
"Census Tract","04013422637","AZ","04013422637","=""04013422637""","103906","2020-2024","2022","Census","Dollar General 13380","415 S Higley Rd","","Mesa","AZ","85206","MARICOPA","Other","","","USDA","Maricopa (County, 2022)"
"Census Tract","04013422632","AZ","04013422632","=""04013422632""","58508","2020-2024","2022","Census","Dollar General Store 17324","8418 E. Southern Ave","","MESA","AZ","85209","MARICOPA","Other","","","USDA","Maricopa (County, 2022)"
"Census Tract","04013420602","AZ","04013420602","=""04013420602""","123824","2020-2024","2022","Census","Dollar Tree 2632","2714 E University Dr","","Mesa","AZ","85213","MARICOPA","Other","","","USDA","Maricopa (County, 2022)"
"Census Tract","04013216821","AZ","04013216821","=""04013216821""","119115","2020-2024","2022","Census","Dollar Tree 2845","16815 E Shae Blvd","Ste 127","Fountain Hills","AZ","85268","MARICOPA","Other","","","USDA","Maricopa (County, 2022)"
"Census Tract","04013420215","AZ","04013420215","=""04013420215""","131833","2020-2024","2022","Census","Dollar Tree 3931","4455 E McKellips Rd","Ste 101","Mesa","AZ","85215","MARICOPA","Other","","","USDA","Maricopa (County, 2022)"
"Census Tract","04013420213","AZ","04013420213","=""04013420213""","57566","2020-2024","2022","Census","Dollar Tree 5696","63 N Greenfield Rd","Ste 101","Mesa","AZ","85205","MARICOPA","Other","","","USDA","Maricopa (County, 2022)"
"Census Tract","04013422501","AZ","04013422501","=""04013422501""","94871","2020-2024","2022","Census","Dollar Tree 7262","3516 E Southern Ave","","Mesa","AZ","85204","MARICOPA","Other","","","USDA","Maricopa (County, 2022)"
"Census Tract","04013092309","AZ","04013092309","=""04013092309""","98380","2020-2024","2022","Census","Tacos Don Hector","5025 W Olive Ave","","Glendale","AZ","85302","MARICOPA","Restaurant Meals Program","","","USDA","Maricopa (County, 2022)"
"Census Tract","04013103210","AZ","04013103210","=""04013103210""","79300","2020-2024","2022","Census","Target Store T-0233","12602 N Paradise Village Pkwy W","","Phoenix","AZ","85032","MARICOPA","Super Store","","","USDA","Maricopa (County, 2022)"
"Census Tract","04013104206","AZ","04013104206","=""04013104206""","80915","2020-2024","2022","Census","Target Store T-2341","10404 N 43rd Ave","","Glendale","AZ","85302","MARICOPA","Super Store","","","USDA","Maricopa (County, 2022)"
"Census Tract","04013103208","AZ","04013103208","=""04013103208""","78320","2020-2024","2022","Census","Trader Joe's 282","4726 E Shea Blvd","","Phoenix","AZ","85028","MARICOPA","Supermarket","","","USDA","Maricopa (County, 2022)"
"Census Tract","04013104206","AZ","04013104206","=""04013104206""","80915","2020-2024","2022","Census","Twin Family Store","4210 W Dunlap Ave","","Phoenix","AZ","85051","MARICOPA","Grocery Store","","","USDA","Maricopa (County, 2022)"
"Census Tract","04013105501","AZ","04013105501","=""04013105501""","71159","2020-2024","2022","Census","Village Market","2332 W Northern Ave","","Phoenix","AZ","85021","MARICOPA","Convenience Store","","","USDA","Maricopa (County, 2022)"
"Census Tract","04013104900","AZ","04013104900","=""04013104900""","125865","2020-2024","2022","Census","WBF AZ LLC McDonalds 2531","10230 N 32ns St","","Phoenix","AZ","85028","MARICOPA","Restaurant Meals Program","","","USDA","Maricopa (County, 2022)"
"Census Tract","04013103209","AZ","04013103209","=""04013103209""","141375","2020-2024","2022","Census","Walgreens 03191","10865 N Tatum Blvd","","Phoenix","AZ","85028","MARICOPA","Other","","","USDA","Maricopa (County, 2022)"
"Census Tract","04013104224","AZ","04013104224","=""04013104224""","86741","2020-2024","2022","Census","Walgreens 03385","5421 W Thunderbird Rd","","Glendale","AZ","85306","MARICOPA","Other","","","USDA","Maricopa (County, 2022)"
"Census Tract","04013103900","AZ","04013103900","=""04013103900""","78863","2020-2024","2022","Census","Walgreens 03593","2610 W Thunderbird Rd","","Phoenix","AZ","85023","MARICOPA","Other","","","USDA","Maricopa (County, 2022)"
"Census Tract","04013092306","AZ","04013092306","=""04013092306""","84521","2020-2024","2022","Census","Walgreens 04020","5895 W Peoria Ave","","Glendale","AZ","85302","MARICOPA","Other","","","USDA","Maricopa (County, 2022)"
"Census Tract","04013092500","AZ","04013092500","=""04013092500""","53482","2020-2024","2022","Census","Walgreens 04228","5125 W Northern Ave","","Glendale","AZ","85301","MARICOPA","Other","","","USDA","Maricopa (County, 2022)"
"Census Tract","04013103702","AZ","04013103702","=""04013103702""","96458","2020-2024","2022","Census","Walgreens 06599","13227 N 7th St","","Phoenix","AZ","85022","MARICOPA","Other","","","USDA","Maricopa (County, 2022)"
"Census Tract","04013103215","AZ","04013103215","=""04013103215""","156442","2020-2024","2022","Census","Walgreens 12739","15450 N Tatum Blvd","","Phoenix","AZ","85032","MARICOPA","Other","","","USDA","Maricopa (County, 2022)"
"Census Tract","04013104802","AZ","04013104802","=""04013104802""","81555","2020-2024","2022","Census","Walgreens 16082","10602 N 32nd St","","Phoenix","AZ","85028","MARICOPA","Other","","","USDA","Maricopa (County, 2022)"
"Census Tract","04013104205","AZ","04013104205","=""04013104205""","60393","2020-2024","2022","Census","Walgreens 4139","3450 W Dunlap Ave","","Phoenix","AZ","85051","MARICOPA","Other","","","USDA","Maricopa (County, 2022)"
"Census Tract","04013105503","AZ","04013105503","=""04013105503""","46770","2020-2024","2022","Census","Walgreens 6400","8030 N 19th Ave","","Phoenix","AZ","85021","MARICOPA","Other","","","USDA","Maricopa (County, 2022)"
"Census Tract","04013104219","AZ","04013104219","=""04013104219""","72350","2020-2024","2022","Census","Walgreens 6736","4410 W Cactus Rd","","Glendale","AZ","85304","MARICOPA","Other","","","USDA","Maricopa (County, 2022)"
"Census Tract","04013092307","AZ","04013092307","=""04013092307""","58875","2020-2024","2022","Census","Walmart 3844","5137 W Olive Ave","","Glendale","AZ","85302","MARICOPA","Super Store","","","USDA","Maricopa (County, 2022)"
"Census Tract","04013103209","AZ","04013103209","=""04013103209""","141375","2020-2024","2022","Census","Walmart 4232","4747 E CACTUS RD","","PHOENIX","AZ","85032","MARICOPA","Super Store","","","USDA","Maricopa (County, 2022)"
"Census Tract","04013092500","AZ","04013092500","=""04013092500""","53482","2020-2024","2022","Census","Walmart 5124","5605 W NORTHERN AVE","","GLENDALE","AZ","85301","MARICOPA","Super Store","","","USDA","Maricopa (County, 2022)"
"Census Tract","04013104205","AZ","04013104205","=""04013104205""","60393","2020-2024","2022","Census","Walmart 6477","9600 N METRO PKWY W","","PHOENIX","AZ","85051","MARICOPA","Super Store","","","USDA","Maricopa (County, 2022)"
"Census Tract","04013105300","AZ","04013105300","=""04013105300""","81089","2020-2024","2022","Census","Walmart Neighborhood Market 2632","115 E Dunlap Ave","","Phoenix","AZ","85020","MARICOPA","Super Store","","","USDA","Maricopa (County, 2022)"
"Census Tract","04013103208","AZ","04013103208","=""04013103208""","78320","2020-2024","2022","Census","Whole Foods Market 10172","10810 N Tatum Blvd","","Phoenix","AZ","85028","MARICOPA","Super Store","","","USDA","Maricopa (County, 2022)"
"Census Tract","04013103210","AZ","04013103210","=""04013103210""","79300","2020-2024","2022","Census","Whole Foods Market 10788","12500 N Tatum Blvd","","Phoenix","AZ","85032","MARICOPA","Super Store","","","USDA","Maricopa (County, 2022)"
"Census Tract","04013106002","AZ","04013106002","=""04013106002""","46642","2020-2024","2022","Census","Ya Zool Halal Grill Llc","7830 N 19th Ave","","Phoenix","AZ","85021","MARICOPA","Restaurant Meals Program","","","USDA","Maricopa (County, 2022)"
"Census Tract","04013104801","AZ","04013104801","=""04013104801""","150781","2020-2024","2022","Census","Yasha From Russia","10240 N 32nd St","","Phoenix","AZ","85028","MARICOPA","Grocery Store","","","USDA","Maricopa (County, 2022)"
"Census Tract","04013092306","AZ","04013092306","=""04013092306""","84521","2020-2024","2022","Census","McDonald's #29566","5842 W Olive Ave","","Glendale","AZ","85302","MARICOPA","Restaurant Meals Program","","","USDA","Maricopa (County, 2022)"
"Census Tract","04013103208","AZ","04013103208","=""04013103208""","78320","2020-2024","2022","Census","McDonald's #4699","4505 E Cactus Rd","","Phoenix","AZ","85032","MARICOPA","Restaurant Meals Program","","","USDA","Maricopa (County, 2022)"
"Census Tract","04013104600","AZ","04013104600","=""04013104600""","62500","2020-2024","2022","Census","Mercado Y Carniceria El Rancho #3","413 W Hatcher Rd","","Phoenix","AZ","85021","MARICOPA","Grocery Store","","","USDA","Maricopa (County, 2022)"
"Census Tract","04013103502","AZ","04013103502","=""04013103502""","95813","2020-2024","2022","Census","Mo's Market and Deli","12839 N Cave Creek Rd","","Phoenix","AZ","85022","MARICOPA","Convenience Store","","","USDA","Maricopa (County, 2022)"
"Census Tract","04013104501","AZ","04013104501","=""04013104501""","50430","2020-2024","2022","Census","Mountain View Market","1501 W Mountain View Rd","","Phoenix","AZ","85021","MARICOPA","Convenience Store","","","USDA","Maricopa (County, 2022)"
"Census Tract","04013103900","AZ","04013103900","=""04013103900""","78863","2020-2024","2022","Census","N FOOD MART","12850 N 19th Ave","","Phoenix","AZ","85029","MARICOPA","Convenience Store","","","USDA","Maricopa (County, 2022)"
"Census Tract","04013104502","AZ","04013104502","=""04013104502""","56250","2020-2024","2022","Census","Naddaf Llc Dba La Razza","10001 N 19th Ave","","Phoenix","AZ","85021","MARICOPA","Grocery Store","","","USDA","Maricopa (County, 2022)"
"Census Tract","04013105601","AZ","04013105601","=""04013105601""","79815","2020-2024","2022","Census","Northern Foods Llc","8030 N 27th Ave","","Phoenix","AZ","85051","MARICOPA","Super Store","","","USDA","Maricopa (County, 2022)"
"Census Tract","04013092306","AZ","04013092306","=""04013092306""","84521","2020-2024","2022","Census","Om Food & Gas Inc. n/a","5103 W Peoria Ave","","Glendale","AZ","85302","MARICOPA","Convenience Store","","","USDA","Maricopa (County, 2022)"
"Census Tract","04013104702","AZ","04013104702","=""04013104702""","41977","2020-2024","2022","Census","Orange Mini Mart","9409 N Cave Creek Rd","","Phoenix","AZ","85020","MARICOPA","Convenience Store","","","USDA","Maricopa (County, 2022)"
"Census Tract","04013104226","AZ","04013104226","=""04013104226""","64514","2020-2024","2022","Census","Palms Market","3502 W Greenway Rd","Ste 2","Phoenix","AZ","85053","MARICOPA","Grocery Store","","","USDA","Maricopa (County, 2022)"
"Census Tract","04013103211","AZ","04013103211","=""04013103211""","115761","2020-2024","2022","Census","Papa Johns #1652","4030 E Thunderbird Rd","","Phoenix","AZ","85032","MARICOPA","Restaurant Meals Program","","","USDA","Maricopa (County, 2022)"
"Census Tract","04013105900","AZ","04013105900","=""04013105900""","69342","2020-2024","2022","Census","Papa Johns #1914","3441 W Northern Ave","","Phoenix","AZ","85051","MARICOPA","Restaurant Meals Program","","","USDA","Maricopa (County, 2022)"
"Census Tract","04013092306","AZ","04013092306","=""04013092306""","84521","2020-2024","2022","Census","Papa Johns #2036","9189 N 59th Ave","","Glendale","AZ","85302","MARICOPA","Restaurant Meals Program","","","USDA","Maricopa (County, 2022)"
"Census Tract","04013103615","AZ","04013103615","=""04013103615""","48141","2020-2024","2022","Census","Payless Market 2","11021 N 19th Ave","","Phoenix","AZ","85029","MARICOPA","Convenience Store","","","USDA","Maricopa (County, 2022)"
"Census Tract","04013103210","AZ","04013103210","=""04013103210""","79300","2020-2024","2022","Census","Pv Carwash","12621 N Paradise Village Pkwy W","","Phoenix","AZ","85032","MARICOPA","Convenience Store","","","USDA","Maricopa (County, 2022)"
"Census Tract","04013103306","AZ","04013103306","=""04013103306""","45962","2020-2024","2022","Census","QuikTrip 1406","2420 E Greenway Rd","","Phoenix","AZ","85032","MARICOPA","Convenience Store","","","USDA","Maricopa (County, 2022)"
"Census Tract","04013092309","AZ","04013092309","=""04013092309""","98380","2020-2024","2022","Census","QuikTrip 1409","8045 N 51st Ave","","Glendale","AZ","85302","MARICOPA","Convenience Store","","","USDA","Maricopa (County, 2022)"
"Census Tract","04013106300","AZ","04013106300","=""04013106300""","112806","2020-2024","2022","Census","QuikTrip 1412","1133 E Northern Ave","","Phoenix","AZ","85020","MARICOPA","Convenience Store","","","USDA","Maricopa (County, 2022)"
"Census Tract","04013104000","AZ","04013104000","=""04013104000""","41667","2020-2024","2022","Census","QuikTrip 1428","2840 W Cactus Rd","","Phoenix","AZ","85029","MARICOPA","Convenience Store","","","USDA","Maricopa (County, 2022)"
"Census Tract","04013104214","AZ","04013104214","=""04013104214""","71070","2020-2024","2022","Census","QuikTrip 1437","5850 W Greenway Rd","","Glendale","AZ","85306","MARICOPA","Convenience Store","","","USDA","Maricopa (County, 2022)"
"Census Tract","04013104402","AZ","04013104402","=""04013104402""","51505","2020-2024","2022","Census","QuikTrip 405","9010 N 19th Ave","","Phoenix","AZ","85021","MARICOPA","Convenience Store","","","USDA","Maricopa (County, 2022)"
"Census Tract","04013104100","AZ","04013104100","=""04013104100""","70245","2020-2024","2022","Census","QuikTrip 407","2750 W Thunderbird Rd","","Phoenix","AZ","85053","MARICOPA","Convenience Store","","","USDA","Maricopa (County, 2022)"
"Census Tract","04013105601","AZ","04013105601","=""04013105601""","79815","2020-2024","2022","Census","QuikTrip 412","8004 N 27th Ave","","Phoenix","AZ","85051","MARICOPA","Convenience Store","","","USDA","Maricopa (County, 2022)"
"Census Tract","04013105200","AZ","04013105200","=""04013105200""","85193","2020-2024","2022","Census","QuikTrip 479","8233 N 7th St","","Phoenix","AZ","85020","MARICOPA","Convenience Store","","","USDA","Maricopa (County, 2022)"
"Census Tract","04013104205","AZ","04013104205","=""04013104205""","60393","2020-2024","2022","Census","QuikTrip 454","2725 W Peoria Ave","","Phoenix","AZ","85029","MARICOPA","Convenience Store","","","USDA","Maricopa (County, 2022)"
"Census Tract","04013103211","AZ","04013103211","=""04013103211""","115761","2020-2024","2022","Census","QuikTrip 476","4011 E Greenway Rd","","Phoenix","AZ","85032","MARICOPA","Convenience Store","","","USDA","Maricopa (County, 2022)"
"Census Tract","04013104226","AZ","04013104226","=""04013104226""","64514","2020-2024","2022","Census","QuikTrip 477","3806 W Greenway Rd","","Phoenix","AZ","85053","MARICOPA","Convenience Store","","","USDA","Maricopa (County, 2022)"
"Census Tract","04013104802","AZ","04013104802","=""04013104802""","81555","2020-2024","2022","Census","QuikTrip 485","2019 E Cactus Rd","","Phoenix","AZ","85022","MARICOPA","Convenience Store","","","USDA","Maricopa (County, 2022)"
"Census Tract","04013103400","AZ","04013103400","=""04013103400""","74318","2020-2024","2022","Census","ROADRUNNER PARK FARMERS MARKET","3502 E Cactus Rd","","Phoenix","AZ","85032","MARICOPA","Farmers and Markets","","","USDA","Maricopa (County, 2022)"
"Census Tract","04013106002","AZ","04013106002","=""04013106002""","46642","2020-2024","2022","Census","Rally's # 4345","1935 W Northern Ave","","Phoenix","AZ","85021","MARICOPA","Restaurant Meals Program","","","USDA","Maricopa (County, 2022)"
"Census Tract","04013104212","AZ","04013104212","=""04013104212""","87241","2020-2024","2022","Census","Reemo Gas","3502 W Cactus Rd","","Phoenix","AZ","85029","MARICOPA","Convenience Store","","","USDA","Maricopa (County, 2022)"
"Census Tract","04013104203","AZ","04013104203","=""04013104203""","85948","2020-2024","2022","Census","Rozi Food Market","10643 N 43rd Ave","","Phoenix","AZ","85029","MARICOPA","Grocery Store","","","USDA","Maricopa (County, 2022)"
"Census Tract","04013103701","AZ","04013103701","=""04013103701""","54583","2020-2024","2022","Census","S & O Caribbean Grocery","13060 N Cave Creek Rd","","Phoenix","AZ","85022","MARICOPA","Grocery Store","","","USDA","Maricopa (County, 2022)"
"Census Tract","04013103605","AZ","04013103605","=""04013103605""","143825","2020-2024","2022","Census","SAFEWAY  1979","13440 N 7th St","","Phoenix","AZ","85022","MARICOPA","Supermarket","","","USDA","Maricopa (County, 2022)"
"Census Tract","04013105200","AZ","04013105200","=""04013105200""","85193","2020-2024","2022","Census","STAR FOOD STORE","8849 N 12th St","","Phoenix","AZ","85020","MARICOPA","Convenience Store","","","USDA","Maricopa (County, 2022)"
"Census Tract","04013103211","AZ","04013103211","=""04013103211""","115761","2020-2024","2022","Census","Safeway 2097","4747 E Greenway Rd","","Phoenix","AZ","85032","MARICOPA","Supermarket","","","USDA","Maricopa (County, 2022)"
"Census Tract","04013092307","AZ","04013092307","=""04013092307""","58875","2020-2024","2022","Census","Sauce and Loaded Wings","8024 N 51st Ave","","Glendale","AZ","85302","MARICOPA","Restaurant Meals Program","","","USDA","Maricopa (County, 2022)"
"Census Tract","04013105701","AZ","04013105701","=""04013105701""","69079","2020-2024","2022","Census","Seoul Market","8935 N 43rd Ave","","Phoenix","AZ","85051","MARICOPA","Other","","","USDA","Maricopa (County, 2022)"
"Census Tract","04013104219","AZ","04013104219","=""04013104219""","72350","2020-2024","2022","Census","Simon Xpress Pizza DBA Hungry Howie's # 1807","5026 W Cactus Rd","","Glendale","AZ","85304","MARICOPA","Restaurant Meals Program","","","USDA","Maricopa (County, 2022)"
"Census Tract","04013104207","AZ","04013104207","=""04013104207""","81914","2020-2024","2022","Census","Smart & Final 720","3434 W Greenway Rd","","Phoenix","AZ","85053","MARICOPA","Super Store","","","USDA","Maricopa (County, 2022)"
"Census Tract","04013103212","AZ","04013103212","=""04013103212""","110966","2020-2024","2022","Census","Smart & Final 721","13823 N Tatum Blvd","","Phoenix","AZ","85032","MARICOPA","Super Store","","","USDA","Maricopa (County, 2022)"
"Census Tract","04013104212","AZ","04013104212","=""04013104212""","87241","2020-2024","2022","Census","Sprouts Farmers Market 9","4201 W Thunderbird Rd","","Phoenix","AZ","85053","MARICOPA","Supermarket","","","USDA","Maricopa (County, 2022)"
"Census Tract","04013104224","AZ","04013104224","=""04013104224""","86741","2020-2024","2022","Census","Starcorp LLC dba Carls Jr 7094","5105 W Thunderbird Rd","","Glendale","AZ","85306","MARICOPA","Restaurant Meals Program","","","USDA","Maricopa (County, 2022)"
"Census Tract","04013104301","AZ","04013104301","=""04013104301""","81375","2020-2024","2022","Census","Stop N Shop Mart 1","3441 W Cactus Rd","","Phoenix","AZ","85029","MARICOPA","Convenience Store","","","USDA","Maricopa (County, 2022)"
"Census Tract","04013104000","AZ","04013104000","=""04013104000""","41667","2020-2024","2022","Census","Subway #2346","3425 W Thunderbird Rd","Ste 14","Phoenix","AZ","85053","MARICOPA","Restaurant Meals Program","","","USDA","Maricopa (County, 2022)"
"Census Tract","04013104900","AZ","04013104900","=""04013104900""","125865","2020-2024","2022","Census","Subway 12741","3226 E Shea Blvd","Ste C2","Phoenix","AZ","85028","MARICOPA","Restaurant Meals Program","","","USDA","Maricopa (County, 2022)"
"Census Tract","04013092500","AZ","04013092500","=""04013092500""","53482","2020-2024","2022","Census","Subway 25806","5707 W Northern Ave","Ste 103","Glendale","AZ","85301","MARICOPA","Restaurant Meals Program","","","USDA","Maricopa (County, 2022)"
"Census Tract","04013103210","AZ","04013103210","=""04013103210""","79300","2020-2024","2022","Census","Subway 27188","4326 E Cactus Rd","Unit C01","Phoenix","AZ","85032","MARICOPA","Restaurant Meals Program","","","USDA","Maricopa (County, 2022)"
"Census Tract","04013103605","AZ","04013103605","=""04013103605""","143825","2020-2024","2022","Census","Subway 6676","13853 N 19th Ave","Ste A","Phoenix","AZ","85023","MARICOPA","Restaurant Meals Program","","","USDA","Maricopa (County, 2022)"
"Census Tract","04013103611","AZ","04013103611","=""04013103611""","131339","2020-2024","2022","Census","Summer Market Llc","13815 N 7th St","","Phoenix","AZ","85022","MARICOPA","Grocery Store","","","USDA","Maricopa (County, 2022)"
"Census Tract","04013105200","AZ","04013105200","=""04013105200""","85193","2020-2024","2022","Census","Supercarniceria La Hereford 2","8931 N 7th St","","Phoenix","AZ","85020","MARICOPA","Grocery Store","","","USDA","Maricopa (County, 2022)"
"Census Tract","04013103900","AZ","04013103900","=""04013103900""","78863","2020-2024","2022","Census","Brian's Discount Market 1","13648 N 19th Ave","","Phoenix","AZ","85029","MARICOPA","Convenience Store","","","USDA","Maricopa (County, 2022)"
"Census Tract","04013104205","AZ","04013104205","=""04013104205""","60393","2020-2024","2022","Census","Bruger King #1638","2755 W Peoria Ave","","Phoenix","AZ","85029","MARICOPA","Restaurant Meals Program","","","USDA","Maricopa (County, 2022)"
"Census Tract","04013103400","AZ","04013103400","=""04013103400""","74318","2020-2024","2022","Census","Burger King #32270","12213 N 32nd St","","Phoenix","AZ","85032","MARICOPA","Restaurant Meals Program","","","USDA","Maricopa (County, 2022)"
"Census Tract","04013104000","AZ","04013104000","=""04013104000""","41667","2020-2024","2022","Census","Burger King #4667","13635 N 35th Ave","","Phoenix","AZ","85029","MARICOPA","Restaurant Meals Program","","","USDA","Maricopa (County, 2022)"
"Census Tract","04013105800","AZ","04013105800","=""04013105800""","89500","2020-2024","2022","Census","Burma Asia Market Llc 2","3525 W Northern Ave","","Phoenix","AZ","85051","MARICOPA","Grocery Store","","","USDA","Maricopa (County, 2022)"
"Census Tract","04013092307","AZ","04013092307","=""04013092307""","58875","2020-2024","2022","Census","CVS Pharmacy 8983","5125 W Olive Ave","","Glendale","AZ","85302","MARICOPA","Other","","","USDA","Maricopa (County, 2022)"
"Census Tract","04013103205","AZ","04013103205","=""04013103205""","128373","2020-2024","2022","Census","CVS Pharmacy 9245","12409 N Tatum Blvd","","Phoenix","AZ","85032","MARICOPA","Other","","","USDA","Maricopa (County, 2022)"
"Census Tract","04013104203","AZ","04013104203","=""04013104203""","85948","2020-2024","2022","Census","CVS Pharmacy 9256","3560 W Peoria Ave","","Phoenix","AZ","85029","MARICOPA","Other","","","USDA","Maricopa (County, 2022)"
"Census Tract","04013092500","AZ","04013092500","=""04013092500""","53482","2020-2024","2022","Census","Carl's Jr. #1537","5775 W. Northern Ave","","Glendale","AZ","85301","MARICOPA","Restaurant Meals Program","","","USDA","Maricopa (County, 2022)"
"Census Tract","04013092308","AZ","04013092308","=""04013092308""","74275","2020-2024","2022","Census","Carniceria El Tapatio","4362 W Olive Ave","","Glendale","AZ","85302","MARICOPA","Grocery Store","","","USDA","Maricopa (County, 2022)"
"Census Tract","04013104600","AZ","04013104600","=""04013104600""","62500","2020-2024","2022","Census","Carniceria Kino","9241 N 6th St","Ste 5","Phoenix","AZ","85020","MARICOPA","Convenience Store","","","USDA","Maricopa (County, 2022)"
"Census Tract","04013104212","AZ","04013104212","=""04013104212""","87241","2020-2024","2022","Census","Carniceria Mocsin Llc","12450 N 35th Ave","Suite 85","Phoenix","AZ","85029","MARICOPA","Convenience Store","","","USDA","Maricopa (County, 2022)"
"Census Tract","04013104218","AZ","04013104218","=""04013104218""","73036","2020-2024","2022","Census","Carniceria Zamora LLC","6256 N 43rd Ave Suite 1","","Glendale","AZ","85306","MARICOPA","Supermarket","","","USDA","Maricopa (County, 2022)"
"Census Tract","04013105300","AZ","04013105300","=""04013105300""","81089","2020-2024","2022","Census","Central Orange Food Store","8843 N Central Ave","","Phoenix","AZ","85020","MARICOPA","Convenience Store","","","USDA","Maricopa (County, 2022)"
"Census Tract","04013103615","AZ","04013103615","=""04013103615""","48141","2020-2024","2022","Census","Churchs Chicken 7235","1840 West Peoria Ave.","","Phoenix","AZ","85029","MARICOPA","Restaurant Meals Program","","","USDA","Maricopa (County, 2022)"
"Census Tract","04013105501","AZ","04013105501","=""04013105501""","71159","2020-2024","2022","Census","Circle K 2700052","8617 N 27th Ave","","Phoenix","AZ","85051","MARICOPA","Convenience Store","","","USDA","Maricopa (County, 2022)"
"Census Tract","04013104218","AZ","04013104218","=""04013104218""","73036","2020-2024","2022","Census","Circle K 2700598","5050 W Thunderbird Rd","","Glendale","AZ","85306","MARICOPA","Convenience Store","","","USDA","Maricopa (County, 2022)"
"Census Tract","04013105900","AZ","04013105900","=""04013105900""","69342","2020-2024","2022","Census","Circle K 2701345","3101 W Northern Ave","","Phoenix","AZ","85051","MARICOPA","Convenience Store","","","USDA","Maricopa (County, 2022)"
"Census Tract","04013092308","AZ","04013092308","=""04013092308""","74275","2020-2024","2022","Census","Circle K 2701750","5049 W Peoria Ave","","Glendale","AZ","85302","MARICOPA","Convenience Store","","","USDA","Maricopa (County, 2022)"
"Census Tract","04013103612","AZ","04013103612","=""04013103612""","65200","2020-2024","2022","Census","Circle K 2701855","15400 N 7th St","","Phoenix","AZ","85022","MARICOPA","Convenience Store","","","USDA","Maricopa (County, 2022)"
"Census Tract","04013105400","AZ","04013105400","=""04013105400""","141786","2020-2024","2022","Census","Circle K 2703740","8955 N 19th Ave","","Phoenix","AZ","85021","MARICOPA","Convenience Store","","","USDA","Maricopa (County, 2022)"
"Census Tract","04013103502","AZ","04013103502","=""04013103502""","95813","2020-2024","2022","Census","Circle K 2703746","12201 N Cave Creek Rd","","Phoenix","AZ","85022","MARICOPA","Convenience Store","","","USDA","Maricopa (County, 2022)"
"Census Tract","04013103609","AZ","04013103609","=""04013103609""","51056","2020-2024","2022","Census","Circle K 2708692","2524 W Thunderbird Rd","","Phoenix","AZ","85023","MARICOPA","Convenience Store","","","USDA","Maricopa (County, 2022)"
"Census Tract","04013103212","AZ","04013103212","=""04013103212""","110966","2020-2024","2022","Census","Circle K 2709151","13801 N Tatum Blvd","","Phoenix","AZ","85032","MARICOPA","Convenience Store","","","USDA","Maricopa (County, 2022)"
"Census Tract","04013103211","AZ","04013103211","=""04013103211""","115761","2020-2024","2022","Census","Circle K 2709184","15262 N Tatum Blvd","","Phoenix","AZ","85032","MARICOPA","Convenience Store","","","USDA","Maricopa (County, 2022)"
"Census Tract","04013104203","AZ","04013104203","=""04013104203""","85948","2020-2024","2022","Census","Circle K 2721566","3502 W Peoria Ave","","Phoenix","AZ","85029","MARICOPA","Convenience Store","","","USDA","Maricopa (County, 2022)"
"Census Tract","04013103609","AZ","04013103609","=""04013103609""","51056","2020-2024","2022","Census","Cloves Indian Grocery & Kitchen 02","1930 W Thunderbird Rd","Ste 108","Phoenix","AZ","85023","MARICOPA","Grocery Store","","","USDA","Maricopa (County, 2022)"
"Census Tract","04013104227","AZ","04013104227","=""04013104227""","50950","2020-2024","2022","Census","Come N Go Market","4432 W Peoria Ave","","Glendale","AZ","85302","MARICOPA","Convenience Store","","","USDA","Maricopa (County, 2022)"
"Census Tract","04013092306","AZ","04013092306","=""04013092306""","84521","2020-2024","2022","Census","Jack in The Box #1170","9021 N 59th Ave","","Glendale","AZ","85302","MARICOPA","Restaurant Meals Program","","","USDA","Maricopa (County, 2022)"
"Census Tract","04013105800","AZ","04013105800","=""04013105800""","89500","2020-2024","2022","Census","Jack in The Box #1182","7850 N 35th Ave","","Phoenix","AZ","85051","MARICOPA","Restaurant Meals Program","","","USDA","Maricopa (County, 2022)"
"Census Tract","04013103208","AZ","04013103208","=""04013103208""","78320","2020-2024","2022","Census","Jacksons Food Stores 808","12010 N Tatum Blvd","","Phoenix","AZ","85028","MARICOPA","Convenience Store","","","USDA","Maricopa (County, 2022)"
"Census Tract","04013104226","AZ","04013104226","=""04013104226""","64514","2020-2024","2022","Census","Jerusalem International Market 2","3502 W Greenway Rd","Ste 12","Phoenix","AZ","85053","MARICOPA","Other","","","USDA","Maricopa (County, 2022)"
"Census Tract","04013105501","AZ","04013105501","=""04013105501""","71159","2020-2024","2022","Census","Kabul Bakery & Foods Market","2320 W Northern Ave","","Phoenix","AZ","85021","MARICOPA","Specialty Store","","","USDA","Maricopa (County, 2022)"
"Census Tract","04013103305","AZ","04013103305","=""04013103305""","49739","2020-2024","2022","Census","La Super Carniceria Llc","2535 E Bell Rd","Ste 3","Phoenix","AZ","85032","MARICOPA","Grocery Store","","","USDA","Maricopa (County, 2022)"
"Census Tract","04013104221","AZ","04013104221","=""04013104221""","93068","2020-2024","2022","Census","Lennys Burger Peoria","10635 N. 59TH Ave.","","Glendale","AZ","85304","MARICOPA","Restaurant Meals Program","","","USDA","Maricopa (County, 2022)"
"Census Tract","04013104205","AZ","04013104205","=""04013104205""","60393","2020-2024","2022","Census","Mbs Fuel 17","2710 W Dunlap Ave","","Phoenix","AZ","85051","MARICOPA","Convenience Store","","","USDA","Maricopa (County, 2022)"
"Census Tract","04013619900","AZ","04013619900","=""04013619900""","137989","2020-2024","2022","Census","McDonald's #11064","4830 E Bell Rd","","Scottsdale","AZ","85254","MARICOPA","Restaurant Meals Program","","","USDA","Maricopa (County, 2022)"
"Census Tract","04013216810","AZ","04013216810","=""04013216810""","76161","2020-2024","2022","Census","McDonald's #11075","9251 E Shea Blvd","","Scottsdale","AZ","85260","MARICOPA","Restaurant Meals Program","","","USDA","Maricopa (County, 2022)"
"Census Tract","04013104302","AZ","04013104302","=""04013104302""","50085","2020-2024","2022","Census","7 Eleven 20433","12033 N 28th Dr","","Phoenix","AZ","85029","MARICOPA","Convenience Store","","","USDA","Maricopa (County, 2022)"
"Census Tract","04013092311","AZ","04013092311","=""04013092311""","34828","2020-2024","2022","Census","7-Eleven 16623E","5925 W Olive Ave","Ste 1","Glendale","AZ","85302","MARICOPA","Convenience Store","","","USDA","Maricopa (County, 2022)"
"Census Tract","04013103608","AZ","04013103608","=""04013103608""","90356","2020-2024","2022","Census","7-eleven","2424 W Greenway Rd","","Phoenix","AZ","85023","MARICOPA","Convenience Store","","","USDA","Maricopa (County, 2022)"
"Census Tract","04013618500","AZ","04013618500","=""04013618500""","52175","2020-2024","2022","Census","7-eleven 20416e","3306 W Bell Rd","","Phoenix","AZ","85053","MARICOPA","Convenience Store","","","USDA","Maricopa (County, 2022)"
"Census Tract","04013104226","AZ","04013104226","=""04013104226""","64514","2020-2024","2022","Census","76 Gas Station","4121 W Bell Rd","","Phoenix","AZ","85053","MARICOPA","Convenience Store","","","USDA","Maricopa (County, 2022)"
"Census Tract","04013104215","AZ","04013104215","=""04013104215""","97146","2020-2024","2022","Census","ALDI 79154","16880 N 59th Ave","","Glendale","AZ","85306","MARICOPA","Supermarket","","","USDA","Maricopa (County, 2022)"
"Census Tract","04013103208","AZ","04013103208","=""04013103208""","78320","2020-2024","2022","Census","ALDI 79171","4555 E Cactus Rd","","Phoenix","AZ","85032","MARICOPA","Supermarket","","","USDA","Maricopa (County, 2022)"
"Census Tract","04013104212","AZ","04013104212","=""04013104212""","87241","2020-2024","2022","Census","ATL Wings AZ3549","3549 W Thunderbird Rd","","Phoenix","AZ","85053","MARICOPA","Restaurant Meals Program","","","USDA","Maricopa (County, 2022)"
"Census Tract","04013105602","AZ","04013105602","=""04013105602""","53333","2020-2024","2022","Census","AZ Mini Market","3437 W Dunlap Ave","Ste C","Phoenix","AZ","85051","MARICOPA","Convenience Store","","","USDA","Maricopa (County, 2022)"
"Census Tract","04013105503","AZ","04013105503","=""04013105503""","46770","2020-2024","2022","Census","Ace of Wingz","8052 N 19th Ave","","Phoenix","AZ","85021","MARICOPA","Restaurant Meals Program","","","USDA","Maricopa (County, 2022)"
"Census Tract","04013105400","AZ","04013105400","=""04013105400""","141786","2020-2024","2022","Census","Albertsons 2952","8035 N 19th Ave","","Phoenix","AZ","85021","MARICOPA","Supermarket","","","USDA","Maricopa (County, 2022)"
"Census Tract","04013619500","AZ","04013619500","=""04013619500""","86408","2020-2024","2022","Census","Albertsons 2985","18411 N CAVE CREEK ROAD","","PHOENIX","AZ","85032","MARICOPA","Supermarket","","","USDA","Maricopa (County, 2022)"
"Census Tract","04013103611","AZ","04013103611","=""04013103611""","131339","2020-2024","2022","Census","Aldi 79158","1401 E Bell Rd","","Phoenix","AZ","85022","MARICOPA","Supermarket","","","USDA","Maricopa (County, 2022)"
"Census Tract","04013092307","AZ","04013092307","=""04013092307""","58875","2020-2024","2022","Census","Alpha Fresh Food Supermarket Store","5138 W Northern Ave","","Glendale","AZ","85301","MARICOPA","Grocery Store","","","USDA","Maricopa (County, 2022)"
"Census Tract","04013105702","AZ","04013105702","=""04013105702""","77287","2020-2024","2022","Census","Angie's Mini Market 1","3563 W Dunlap Ave","","Phoenix","AZ","85051","MARICOPA","Convenience Store","","","USDA","Maricopa (County, 2022)"
"Census Tract","04013105800","AZ","04013105800","=""04013105800""","89500","2020-2024","2022","Census","Arco #42445 Ampm 42445","7849 N 43rd Ave","","Phoenix","AZ","85051","MARICOPA","Convenience Store","","","USDA","Maricopa (County, 2022)"
"Census Tract","04013216831","AZ","04013216831","=""04013216831""","121570","2020-2024","2022","Census","Arco Am/pm","10601 N Scottsdale Rd","","Scottsdale","AZ","85254","MARICOPA","Convenience Store","","","USDA","Maricopa (County, 2022)"
"Census Tract","04013104205","AZ","04013104205","=""04013104205""","60393","2020-2024","2022","Census","Arco Ampm 42469","3501 W Peoria Ave","","Phoenix","AZ","85029","MARICOPA","Convenience Store","","","USDA","Maricopa (County, 2022)"
"Census Tract","04013216837","AZ","04013216837","=""04013216837""","66250","2020-2024","2022","Census","Arco Food Mart","10809 N Frank Lloyd Wright Blvd","","Scottsdale","AZ","85259","MARICOPA","Convenience Store","","","USDA","Maricopa (County, 2022)"
"Census Tract","04013105601","AZ","04013105601","=""04013105601""","79815","2020-2024","2022","Census","Arco Food Mart","2740 W Northern Ave","","Phoenix","AZ","85051","MARICOPA","Convenience Store","","","USDA","Maricopa (County, 2022)"
"Census Tract","04013103303","AZ","04013103303","=""04013103303""","83967","2020-2024","2022","Census","Arizona Sky Ent Inc dba Subway 1318","3329 E Bell Rd","Ste 16","Phoenix","AZ","85032","MARICOPA","Restaurant Meals Program","","","USDA","Maricopa (County, 2022)"
"Census Tract","04013617200","AZ","04013617200","=""04013617200""","145606","2020-2024","2022","Census","Arizona Sky Ent Inc dba Subway 61517","3230 East Union Hills Dr","Ste 125","Phoenix","AZ","85050","MARICOPA","Restaurant Meals Program","","","USDA","Maricopa (County, 2022)"
"Census Tract","04013105900","AZ","04013105900","=""04013105900""","69342","2020-2024","2022","Census","Asian Nest Market","3411 W Northern Ave","Ste D & E","Phoenix","AZ","85051","MARICOPA","Grocery Store","","","USDA","Maricopa (County, 2022)"
"Census Tract","04013104212","AZ","04013104212","=""04013104212""","87241","2020-2024","2022","Census","Baity Market 1","12450 N 35th Ave","Ste 95","Phoenix","AZ","85029","MARICOPA","Grocery Store","","","USDA","Maricopa (County, 2022)"
"Census Tract","04013619000","AZ","04013619000","=""04013619000""","49911","2020-2024","2022","Census","Bashas' 113","731 E Union Hills Dr","","Phoenix","AZ","85024","MARICOPA","Super Store","","","USDA","Maricopa (County, 2022)"
"Census Tract","04013104900","AZ","04013104900","=""04013104900""","125865","2020-2024","2022","Census","Bashas' 15","10631 N 32nd St","","Phoenix","AZ","85028","MARICOPA","Super Store","","","USDA","Maricopa (County, 2022)"
"Census Tract","04013619400","AZ","04013619400","=""04013619400""","77298","2020-2024","2022","Census","Bell Rd Food Mart","1602 E Bell Rd","","Phoenix","AZ","85022","MARICOPA","Convenience Store","","","USDA","Maricopa (County, 2022)"
"Census Tract","04013104402","AZ","04013104402","=""04013104402""","51505","2020-2024","2022","Census","Bimbo Bakeries 9141","10414 N 19th Ave","","Phoenix","AZ","85021","MARICOPA","Specialty Store","","","USDA","Maricopa (County, 2022)"
"Census Tract","04013103220","AZ","04013103220","=""04013103220""","98952","2020-2024","2022","Census","El Pollo Loco 3857","15255 N 64th St","","Scottsdale","AZ","85254","MARICOPA","Restaurant Meals Program","","","USDA","Maricopa (County, 2022)"
"Census Tract","04013104219","AZ","04013104219","=""04013104219""","72350","2020-2024","2022","Census","El Pollo Loco 3858","4302 W Cactus Rd","","Glendale","AZ","85304","MARICOPA","Restaurant Meals Program","","","USDA","Maricopa (County, 2022)"
"Census Tract","04013092311","AZ","04013092311","=""04013092311""","34828","2020-2024","2022","Census","Eubate African Market & Beauty Supply","5925 W Olive Ave","Ste 10b","Glendale","AZ","85302","MARICOPA","Other","","","USDA","Maricopa (County, 2022)"
"Census Tract","04013105200","AZ","04013105200","=""04013105200""","85193","2020-2024","2022","Census","F1 Food And Fuel Llc","8941 N 12th St","","Phoenix","AZ","85020","MARICOPA","Convenience Store","","","USDA","Maricopa (County, 2022)"
"Census Tract","04013618600","AZ","04013618600","=""04013618600""","64545","2020-2024","2022","Census","FRY'S 12","18420 N 19th Ave","","Phoenix","AZ","85023","MARICOPA","Super Store","","","USDA","Maricopa (County, 2022)"
"Census Tract","04013103214","AZ","04013103214","=""04013103214""","139813","2020-2024","2022","Census","FRY'S 120","6321 E Greenway Rd","","Scottsdale","AZ","85254","MARICOPA","Super Store","","","USDA","Maricopa (County, 2022)"
"Census Tract","04013103210","AZ","04013103210","=""04013103210""","79300","2020-2024","2022","Census","FRY'S 121","4025 E Thunderbird Rd","","Phoenix","AZ","85032","MARICOPA","Super Store","","","USDA","Maricopa (County, 2022)"
"Census Tract","04013104212","AZ","04013104212","=""04013104212""","87241","2020-2024","2022","Census","FRY'S 127","4204 W Cactus Rd","","Phoenix","AZ","85029","MARICOPA","Super Store","","","USDA","Maricopa (County, 2022)"
"Census Tract","04013104701","AZ","04013104701","=""04013104701""","69770","2020-2024","2022","Census","FRY'S 609","850 E Hatcher Rd","","Phoenix","AZ","85020","MARICOPA","Super Store","","","USDA","Maricopa (County, 2022)"
"Census Tract","04013104205","AZ","04013104205","=""04013104205""","60393","2020-2024","2022","Census","FRY'S 641","3511 W Peoria Ave","","Phoenix","AZ","85029","MARICOPA","Super Store","","","USDA","Maricopa (County, 2022)"
"Census Tract","04013216821","AZ","04013216821","=""04013216821""","119115","2020-2024","2022","Census","FRY'S 70","14845 E Shea Blvd","","Fountain Hills","AZ","85268","MARICOPA","Super Store","","","USDA","Maricopa (County, 2022)"
"Census Tract","04013105200","AZ","04013105200","=""04013105200""","85193","2020-2024","2022","Census","Family Dollar 10413","8801 N 7th St","","Phoenix","AZ","85020","MARICOPA","Other","","","USDA","Maricopa (County, 2022)"
"Census Tract","04013103615","AZ","04013103615","=""04013103615""","48141","2020-2024","2022","Census","Family Dollar 11691","12025 N 19th Ave","","Phoenix","AZ","85029","MARICOPA","Other","","","USDA","Maricopa (County, 2022)"
"Census Tract","04013103615","AZ","04013103615","=""04013103615""","48141","2020-2024","2022","Census","Family Dollar Store 6098","10645 N 19th Ave","","Phoenix","AZ","85029","MARICOPA","Other","","","USDA","Maricopa (County, 2022)"
"Census Tract","04013092500","AZ","04013092500","=""04013092500""","53482","2020-2024","2022","Census","Firehouse Subs 1487","5803 W Northern Ave","Ste 100","Glendale","AZ","85301","MARICOPA","Restaurant Meals Program","","","USDA","Maricopa (County, 2022)"
"Census Tract","04013616600","AZ","04013616600","=""04013616600""","84575","2020-2024","2022","Census","Flowers Bakery Outlet 781","18631 N 19th Ave","Ste 110","Phoenix","AZ","85027","MARICOPA","Convenience Store","","","USDA","Maricopa (County, 2022)"
"Census Tract","04013105800","AZ","04013105800","=""04013105800""","89500","2020-2024","2022","Census","Fresh Fare Wear African Market","3559 W Northern Ave","","Phoenix","AZ","85051","MARICOPA","Other","","","USDA","Maricopa (County, 2022)"
"Census Tract","04013103611","AZ","04013103611","=""04013103611""","131339","2020-2024","2022","Census","Fry's 698","1311 E Bell Rd","","Phoenix","AZ","85022","MARICOPA","Super Store","","","USDA","Maricopa (County, 2022)"
"Census Tract","04013104202","AZ","04013104202","=""04013104202""","102163","2020-2024","2022","Census","Goods For Good LLC","3522 W Calavar Rd","","Phoenix","AZ","85053","MARICOPA","Other","","","USDA","Maricopa (County, 2022)"
"Census Tract","04013105900","AZ","04013105900","=""04013105900""","69342","2020-2024","2022","Census","Grab N Go Westside","2709 W Northern Ave","","Phoenix","AZ","85051","MARICOPA","Convenience Store","","","USDA","Maricopa (County, 2022)"
"Census Tract","04013216830","AZ","04013216830","=""04013216830""","71675","2020-2024","2022","Census","Haree Mart","10444 N Scottsdale Rd","","Paradise Valley","AZ","85253","MARICOPA","Convenience Store","","","USDA","Maricopa (County, 2022)"
"Census Tract","04013104221","AZ","04013104221","=""04013104221""","93068","2020-2024","2022","Census","DOLLAR GENERAL 6624","5136 W Peoria Ave","","Glendale","AZ","85302","MARICOPA","Other","","","USDA","Maricopa (County, 2022)"
"Census Tract","04013103205","AZ","04013103205","=""04013103205""","128373","2020-2024","2022","Census","DOLLARTREE 10391","12805 N Tatum Blvd","","Phoenix","AZ","85032","MARICOPA","Other","","","USDA","Maricopa (County, 2022)"
"Census Tract","04013618300","AZ","04013618300","=""04013618300""","95694","2020-2024","2022","Census","DOLLARTREE 10407","4240 W Bell Rd","","Glendale","AZ","85308","MARICOPA","Other","","","USDA","Maricopa (County, 2022)"
"Census Tract","04013216816","AZ","04013216816","=""04013216816""","107225","2020-2024","2022","Census","DOLLARTREE 11064","15740 N Pima Rd","","Scottsdale","AZ","85260","MARICOPA","Other","","","USDA","Maricopa (County, 2022)"
"Census Tract","04013105602","AZ","04013105602","=""04013105602""","53333","2020-2024","2022","Census","DOLLARTREE 9537","8123 N 35th Ave","Ste 2","Phoenix","AZ","85051","MARICOPA","Other","","","USDA","Maricopa (County, 2022)"
"Census Tract","04013105701","AZ","04013105701","=""04013105701""","69079","2020-2024","2022","Census","Dairy Queen","4231 W Dunlap Ave","","Phoenix","AZ","85051","MARICOPA","Restaurant Meals Program","","","USDA","Maricopa (County, 2022)"
"Census Tract","04013106002","AZ","04013106002","=""04013106002""","46642","2020-2024","2022","Census","Del Taco # 796","1901 W Northern Ave","","Phoenix","AZ","85021","MARICOPA","Restaurant Meals Program","","","USDA","Maricopa (County, 2022)"
"Census Tract","04013105601","AZ","04013105601","=""04013105601""","79815","2020-2024","2022","Census","Dollar General 9887","8010 N 27th Ave","","Phoenix","AZ","85051","MARICOPA","Other","","","USDA","Maricopa (County, 2022)"
"Census Tract","04013103212","AZ","04013103212","=""04013103212""","110966","2020-2024","2022","Census","Dollar Tree 2607","4831 E Greenway Rd","","Scottsdale","AZ","85254","MARICOPA","Other","","","USDA","Maricopa (County, 2022)"
"Census Tract","04013104000","AZ","04013104000","=""04013104000""","41667","2020-2024","2022","Census","Dollar Tree 2616","3415 W Thunderbird Rd","Ste 2","Phoenix","AZ","85053","MARICOPA","Other","","","USDA","Maricopa (County, 2022)"
"Census Tract","04013105300","AZ","04013105300","=""04013105300""","81089","2020-2024","2022","Census","Dollar Tree 2643","213 E Dunlap Ave","","Phoenix","AZ","85020","MARICOPA","Other","","","USDA","Maricopa (County, 2022)"
"Census Tract","04013104502","AZ","04013104502","=""04013104502""","56250","2020-2024","2022","Census","El Corral","10171 N 19th Ave","Ste 1","Phoenix","AZ","85021","MARICOPA","Grocery Store","","","USDA","Maricopa (County, 2022)"
"Census Tract","04013723305","AZ","04013723305","=""04013723305""","55577","2020-2024","2022","Census","Mercado De Amigos No","304 W Pima St","","Gila Bend","AZ","85337","MARICOPA","Grocery Store","","","USDA","Maricopa (County, 2022)"
"Census Tract","04013723305","AZ","04013723305","=""04013723305""","55577","2020-2024","2022","Census","Pilot 1243","3006 S Butterfield Trl","","Gila Bend","AZ","85337","MARICOPA","Convenience Store","","","USDA","Maricopa (County, 2022)"
"Census Tract","04013723305","AZ","04013723305","=""04013723305""","55577","2020-2024","2022","Census","Shell 20","942 E Pima Rd","","Gila Bend","AZ","85337","MARICOPA","Convenience Store","","","USDA","Maricopa (County, 2022)"
"Census Tract","04013723305","AZ","04013723305","=""04013723305""","55577","2020-2024","2022","Census","Starcorp LLC dba Carls Jr 8101","830 E Pima St","","Gila Bend","AZ","85337","MARICOPA","Restaurant Meals Program","","","USDA","Maricopa (County, 2022)"
"Census Tract","04013723305","AZ","04013723305","=""04013723305""","55577","2020-2024","2022","Census","Burger King # 9136","501 W Pima St","","Gila Bend","AZ","85337","MARICOPA","Restaurant Meals Program","","","USDA","Maricopa (County, 2022)"
"Census Tract","04013723305","AZ","04013723305","=""04013723305""","55577","2020-2024","2022","Census","Circle K 2703479","710 W Pima St","","Gila Bend","AZ","85337","MARICOPA","Convenience Store","","","USDA","Maricopa (County, 2022)"
"Census Tract","04013723305","AZ","04013723305","=""04013723305""","55577","2020-2024","2022","Census","Love's Travel Stop 296","820 W Pima Rd","","Gila Bend","AZ","85337","MARICOPA","Convenience Store","","","USDA","Maricopa (County, 2022)"
"Census Tract","04013723305","AZ","04013723305","=""04013723305""","55577","2020-2024","2022","Census","McDonald's #11680","800 W Pima St","","Gila Bend","AZ","85337","MARICOPA","Restaurant Meals Program","","","USDA","Maricopa (County, 2022)"
"Census Tract","04013723305","AZ","04013723305","=""04013723305""","55577","2020-2024","2022","Census","1 Store Llc","107 N CAPATOL AVE","Suite B","Gilabend","AZ","85337","MARICOPA","Convenience Store","","","USDA","Maricopa (County, 2022)"
"Census Tract","04013723305","AZ","04013723305","=""04013723305""","55577","2020-2024","2022","Census","Family Dollar Store 7697","415 W Pima Ave","","Gila Bend","AZ","85337","MARICOPA","Other","","","USDA","Maricopa (County, 2022)"
"Census Tract","04013723305","AZ","04013723305","=""04013723305""","55577","2020-2024","2022","Census","Dollar  General 11185","951 E Pima St","","Gila Bend","AZ","85337","MARICOPA","Other","","","USDA","Maricopa (County, 2022)"
"Census Tract","04013941100","AZ","04013941100","=""04013941100""","N/A","2020-2024","2022","Census","Wild Horse Pass","5139 W Wildhorse Pass","","Chandler","AZ","85226","MARICOPA","Convenience Store","","","USDA","Maricopa (County, 2022)"
"Census Tract","04013980500","AZ","04013980500","=""04013980500""","N/A","2020-2024","2022","Census","Circle K 2709183","3033 W Queen Creek Rd","","Chandler","AZ","85248","MARICOPA","Convenience Store","","","USDA","Maricopa (County, 2022)"
"Census Tract","04013812400","AZ","04013812400","=""04013812400""","131548","2020-2024","2022","Census","TRADER JOE'S CHANDLER 287","3961 S Arizona Ave","","Chandler","AZ","85248","MARICOPA","Supermarket","","","USDA","Maricopa (County, 2022)"
"Census Tract","04013812400","AZ","04013812400","=""04013812400""","131548","2020-2024","2022","Census","Target Store T-2747","3777 S Arizona Ave","","Chandler","AZ","85248","MARICOPA","Super Store","","","USDA","Maricopa (County, 2022)"
"Census Tract","04013813100","AZ","04013813100","=""04013813100""","177097","2020-2024","2022","Census","Walgreens 07723","975 E Ocotillo Rd","","Chandler","AZ","85249","MARICOPA","Other","","","USDA","Maricopa (County, 2022)"
"Census Tract","04013815901","AZ","04013815901","=""04013815901""","175800","2020-2024","2022","Census","Walgreens 21450","4750 S Val Vista Dr","","Gilbert","AZ","85297","MARICOPA","Other","","","USDA","Maricopa (County, 2022)"
"Census Tract","04013812300","AZ","04013812300","=""04013812300""","115581","2020-2024","2022","Census","QuikTrip 442","2010 S Arizona Ave","","Chandler","AZ","85286","MARICOPA","Convenience Store","","","USDA","Maricopa (County, 2022)"
"Census Tract","04013812300","AZ","04013812300","=""04013812300""","115581","2020-2024","2022","Census","Sprouts Farmers Market 15","2855 S Alma School Rd","","Chandler","AZ","85286","MARICOPA","Supermarket","","","USDA","Maricopa (County, 2022)"
"Census Tract","04013813300","AZ","04013813300","=""04013813300""","174853","2020-2024","2022","Census","Sprouts Farmers Market 33","4065 S Gilbert Rd","","Chandler","AZ","85249","MARICOPA","Supermarket","","","USDA","Maricopa (County, 2022)"
"Census Tract","04013812700","AZ","04013812700","=""04013812700""","118750","2020-2024","2022","Census","Subway # 20286","3125 S Alma School Rd","Ste 5","Chandler","AZ","85248","MARICOPA","Restaurant Meals Program","","","USDA","Maricopa (County, 2022)"
"Census Tract","04013813000","AZ","04013813000","=""04013813000""","160333","2020-2024","2022","Census","Subway #51988","4200 S Arizona Ave","Ste 4","Chandler","AZ","85248","MARICOPA","Restaurant Meals Program","","","USDA","Maricopa (County, 2022)"
"Census Tract","04013813300","AZ","04013813300","=""04013813300""","174853","2020-2024","2022","Census","Subway #67834","2975 E Ocotillo Rd","Ste 7","Chandler","AZ","85249","MARICOPA","Restaurant Meals Program","","","USDA","Maricopa (County, 2022)"
"Census Tract","04013813300","AZ","04013813300","=""04013813300""","174853","2020-2024","2022","Census","Burger King # 23224","2865 E Ocotillo Rd","","Chandler","AZ","85249","MARICOPA","Restaurant Meals Program","","","USDA","Maricopa (County, 2022)"
"Census Tract","04013812600","AZ","04013812600","=""04013812600""","123585","2020-2024","2022","Census","CVS Pharmacy 5038","2010 S Dobson Rd","","Chandler","AZ","85248","MARICOPA","Other","","","USDA","Maricopa (County, 2022)"
"Census Tract","04013812802","AZ","04013812802","=""04013812802""","124583","2020-2024","2022","Census","Circle K 2703377","3010 S Gilbert Rd","","Chandler","AZ","85286","MARICOPA","Convenience Store","","","USDA","Maricopa (County, 2022)"
"Census Tract","04013812400","AZ","04013812400","=""04013812400""","131548","2020-2024","2022","Census","Circle K 2703490","3033 S McQueen Rd","","Chandler","AZ","85256","MARICOPA","Convenience Store","","","USDA","Maricopa (County, 2022)"
"Census Tract","04013812400","AZ","04013812400","=""04013812400""","131548","2020-2024","2022","Census","Circle K 2705291","18649 S Arizona Ave","","Chandler","AZ","85286","MARICOPA","Convenience Store","","","USDA","Maricopa (County, 2022)"
"Census Tract","04013813100","AZ","04013813100","=""04013813100""","177097","2020-2024","2022","Census","Circle K 2705301","6015 S Arizona Ave","","Chandler","AZ","85248","MARICOPA","Convenience Store","","","USDA","Maricopa (County, 2022)"
"Census Tract","04013813000","AZ","04013813000","=""04013813000""","160333","2020-2024","2022","Census","Jack in The Box #1548","4250 S Arizona Ave","","Chandler","AZ","85248","MARICOPA","Restaurant Meals Program","","","USDA","Maricopa (County, 2022)"
"Census Tract","04013812700","AZ","04013812700","=""04013812700""","118750","2020-2024","2022","Census","ALBERTSONS  981","3145 S Alma School Rd","","Chandler","AZ","85248","MARICOPA","Supermarket","","","USDA","Maricopa (County, 2022)"
"Census Tract","04013812200","AZ","04013812200","=""04013812200""","120513","2020-2024","2022","Census","ALDI 79156","2844 S Alma School Rd","","Chandler","AZ","85286","MARICOPA","Supermarket","","","USDA","Maricopa (County, 2022)"
"Census Tract","04013815901","AZ","04013815901","=""04013815901""","175800","2020-2024","2022","Census","El Pollo Loco 3578","4091 S Gilbert Rd","","Gilbert","AZ","85297","MARICOPA","Restaurant Meals Program","","","USDA","Maricopa (County, 2022)"
"Census Tract","04013812200","AZ","04013812200","=""04013812200""","120513","2020-2024","2022","Census","FRY'S 69","2010 S Alma School Rd","","Chandler","AZ","85248","MARICOPA","Super Store","","","USDA","Maricopa (County, 2022)"
"Census Tract","04013815902","AZ","04013815902","=""04013815902""","156627","2020-2024","2022","Census","Fast Market 4634","1655 E Queen Creek Rd","","Gilbert","AZ","85297","MARICOPA","Convenience Store","","","USDA","Maricopa (County, 2022)"
"Census Tract","04013816002","AZ","04013816002","=""04013816002""","170446","2020-2024","2022","Census","Firehouse Subs 1642","4764 S. Higley Rd.","","Gilbert","AZ","85297","MARICOPA","Restaurant Meals Program","","","USDA","Maricopa (County, 2022)"
"Census Tract","04013813100","AZ","04013813100","=""04013813100""","177097","2020-2024","2022","Census","Fry's 681","2929 E Ocotillo Rd","","Chandler","AZ","85249","MARICOPA","Super Store","","","USDA","Maricopa (County, 2022)"
"Census Tract","04013816002","AZ","04013816002","=""04013816002""","170446","2020-2024","2022","Census","Dollar Tree 4011","4658 S Higley Rd","Ste 105","Gilbert","AZ","85297","MARICOPA","Other","","","USDA","Maricopa (County, 2022)"
"Census Tract","04013813000","AZ","04013813000","=""04013813000""","160333","2020-2024","2022","Census","Dollar Tree 4258","4180 S Arizona Ave","Ste 6","Chandler","AZ","85248","MARICOPA","Other","","","USDA","Maricopa (County, 2022)"
"Census Tract","04013812200","AZ","04013812200","=""04013812200""","120513","2020-2024","2022","Census","Dollar Tree 7723","2820 S Alma School Rd","","Chandler","AZ","85286","MARICOPA","Other","","","USDA","Maricopa (County, 2022)"
"Census Tract","04013816800","AZ","04013816800","=""04013816800""","141866","2020-2024","2022","Census","Target Store T-2365","21398 S Ellsworth Loop Rd","","Queen Creek","AZ","85142","MARICOPA","Super Store","","","USDA","Maricopa (County, 2022)"
"Census Tract","04013816800","AZ","04013816800","=""04013816800""","141866","2020-2024","2022","Census","Trader Joe's Queen Creek 286","21186 S Ellsworth Loop Rd","","Queen Creek","AZ","85142","MARICOPA","Supermarket","","","USDA","Maricopa (County, 2022)"
"Census Tract","04013817102","AZ","04013817102","=""04013817102""","85280","2020-2024","2022","Census","Walgreens 11116","21212 E Ocotillo Rd","","Queen Creek","AZ","85142","MARICOPA","Other","","","USDA","Maricopa (County, 2022)"
"Census Tract","04013816200","AZ","04013816200","=""04013816200""","124035","2020-2024","2022","Census","Walgreens 6692","4766 E Queen Creek Rd","","Gilbert","AZ","85297","MARICOPA","Other","","","USDA","Maricopa (County, 2022)"
"Census Tract","04013817102","AZ","04013817102","=""04013817102""","85280","2020-2024","2022","Census","Walmart 4451","21055 E RITTENHOUSE RD","","QUEEN CREEK","AZ","85142","MARICOPA","Super Store","","","USDA","Maricopa (County, 2022)"
"Census Tract","04013817102","AZ","04013817102","=""04013817102""","85280","2020-2024","2022","Census","Papa Johns #3327","21803 S Ellsworth Rd","","Queen Creek","AZ","85142","MARICOPA","Restaurant Meals Program","","","USDA","Maricopa (County, 2022)"
"Census Tract","04013817000","AZ","04013817000","=""04013817000""","144299","2020-2024","2022","Census","QuikTrip 474","22185 S Ellsworth Loop Rd","","Queen Creek","AZ","85142","MARICOPA","Convenience Store","","","USDA","Maricopa (County, 2022)"
"Census Tract","04013816700","AZ","04013816700","=""04013816700""","213306","2020-2024","2022","Census","SAFEWAY  1819","18495 E Queen Creek Rd","","Queen Creek","AZ","85142","MARICOPA","Supermarket","","","USDA","Maricopa (County, 2022)"
"Census Tract","04013816800","AZ","04013816800","=""04013816800""","141866","2020-2024","2022","Census","Sprouts Farmers Market 32","21181 S Ellsworth Loop Rd","","Queen Creek","AZ","85142","MARICOPA","Supermarket","","","USDA","Maricopa (County, 2022)"
"Census Tract","04013817102","AZ","04013817102","=""04013817102""","85280","2020-2024","2022","Census","Subway","21055 E Rittenhouse Rd","","Queen Creek","AZ","85142","MARICOPA","Restaurant Meals Program","","","USDA","Maricopa (County, 2022)"
"Census Tract","04013816301","AZ","04013816301","=""04013816301""","80613","2020-2024","2022","Census","Subway","8490 S Power Rd","Ste 108","Gilbert","AZ","85297","MARICOPA","Restaurant Meals Program","","","USDA","Maricopa (County, 2022)"
"Census Tract","04013816800","AZ","04013816800","=""04013816800""","141866","2020-2024","2022","Census","Subway #52924","21172 S Ellsworth Loop Rd","Ste 100","Queen Creek","AZ","85142","MARICOPA","Restaurant Meals Program","","","USDA","Maricopa (County, 2022)"
"Census Tract","04013817102","AZ","04013817102","=""04013817102""","85280","2020-2024","2022","Census","CVS Pharmacy 1720","21200 E Ocotillo Rd","","Queen Creek","AZ","85142","MARICOPA","Other","","","USDA","Maricopa (County, 2022)"
"Census Tract","04013817102","AZ","04013817102","=""04013817102""","85280","2020-2024","2022","Census","Carl's Jr. #1102032","21064 E Ocotillo","","Queen Creek","AZ","85142","MARICOPA","Restaurant Meals Program","","","USDA","Maricopa (County, 2022)"
"Census Tract","04013817102","AZ","04013817102","=""04013817102""","85280","2020-2024","2022","Census","Circle K 2708593","21895 S Ellsworth Rd","","Queen Creek","AZ","85142","MARICOPA","Convenience Store","","","USDA","Maricopa (County, 2022)"
"Census Tract","04013816904","AZ","04013816904","=""04013816904""","180738","2020-2024","2022","Census","Costco Wholesale 1620","20260 S. Ellsworth Rd.","","Queen Creek","AZ","85142","MARICOPA","Super Store","","","USDA","Maricopa (County, 2022)"
"Census Tract","04013817102","AZ","04013817102","=""04013817102""","85280","2020-2024","2022","Census","Jack In The Box 1574","21292 E Ocotillo Rd","","Queen Creek","AZ","85142","MARICOPA","Restaurant Meals Program","","","USDA","Maricopa (County, 2022)"
"Census Tract","04013816904","AZ","04013816904","=""04013816904""","180738","2020-2024","2022","Census","ALDI 79153","20229 S Ellsworth Rd","","Queen Creek","AZ","85142","MARICOPA","Supermarket","","","USDA","Maricopa (County, 2022)"
"Census Tract","04013817102","AZ","04013817102","=""04013817102""","85280","2020-2024","2022","Census","Fast Market 4597","21198 E Ocotillo Rd","","Queen Creek","AZ","85142","MARICOPA","Convenience Store","","","USDA","Maricopa (County, 2022)"
"Census Tract","04013816301","AZ","04013816301","=""04013816301""","80613","2020-2024","2022","Census","Fast Market 4605","8424 S Power Rd","","Gilbert","AZ","85297","MARICOPA","Convenience Store","","","USDA","Maricopa (County, 2022)"
"Census Tract","04013817102","AZ","04013817102","=""04013817102""","85280","2020-2024","2022","Census","Firehouse Subs Queen Creek","20851 E Rittenhouse Rd","Ste 101","Queen Creek","AZ","85142","MARICOPA","Restaurant Meals Program","","","USDA","Maricopa (County, 2022)"
"Census Tract","04013816902","AZ","04013816902","=""04013816902""","163242","2020-2024","2022","Census","Fry's 656","22101 E Queen Creek Rd","","Queen Creek","AZ","85142","MARICOPA","Super Store","","","USDA","Maricopa (County, 2022)"
"Census Tract","04013816800","AZ","04013816800","=""04013816800""","141866","2020-2024","2022","Census","DOLLARTREE 4366","21238 S Ellsworth Loop Rd","","Queen Creek","AZ","85142","MARICOPA","Other","","","USDA","Maricopa (County, 2022)"
"Census Tract","04013816800","AZ","04013816800","=""04013816800""","141866","2020-2024","2022","Census","Desert Taco East LLC.","20485 E Rittenhouse Rd","","Queen Creek","AZ","85142","MARICOPA","Restaurant Meals Program","","","USDA","Maricopa (County, 2022)"
"Census Tract","04013050701","AZ","04013050701","=""04013050701""","75379","2020-2024","2022","Census","Walgreens 11470","25073 W Southern Ave","","Buckeye","AZ","85326","MARICOPA","Other","","","USDA","Maricopa (County, 2022)"
"Census Tract","04013723307","AZ","04013723307","=""04013723307""","130536","2020-2024","2022","Census","Walgreens 12386","9800 S Estrella Pkwy","","Goodyear","AZ","85338","MARICOPA","Other","","","USDA","Maricopa (County, 2022)"
"Census Tract","04013723307","AZ","04013723307","=""04013723307""","130536","2020-2024","2022","Census","McDonald's #34381","17640 W Elliot Rd","","Goodyear","AZ","85338","MARICOPA","Restaurant Meals Program","","","USDA","Maricopa (County, 2022)"
"Census Tract","04013116618","AZ","04013116618","=""04013116618""","109496","2020-2024","2022","Census","QuikTrip 1447","6705 W Baseline Rd","","Laveen","AZ","85339","MARICOPA","Convenience Store","","","USDA","Maricopa (County, 2022)"
"Census Tract","04013723307","AZ","04013723307","=""04013723307""","130536","2020-2024","2022","Census","Safeway 3151","9890 S Estrella Pkwy","","Goodyear","AZ","85338","MARICOPA","Supermarket","","","USDA","Maricopa (County, 2022)"
"Census Tract","04013050617","AZ","04013050617","=""04013050617""","85785","2020-2024","2022","Census","Shell 22","26602 W US Highway 85","","Buckeye","AZ","85326","MARICOPA","Convenience Store","","","USDA","Maricopa (County, 2022)"
"Census Tract","04013050702","AZ","04013050702","=""04013050702""","75438","2020-2024","2022","Census","Butcher & Farmer Market","224 E Monroe Ave","","Buckeye","AZ","85326","MARICOPA","Other","","","USDA","Maricopa (County, 2022)"
"Census Tract","04013050702","AZ","04013050702","=""04013050702""","75438","2020-2024","2022","Census","Calitacos Restaurant 3","626 Monroe Ave","","Buckeye","AZ","85326","MARICOPA","Restaurant Meals Program","","","USDA","Maricopa (County, 2022)"
"Census Tract","04013112517","AZ","04013112517","=""04013112517""","91739","2020-2024","2022","Census","Carioca Shell 368","6710 W Broadway Rd","","Phoenix","AZ","85043","MARICOPA","Convenience Store","","","USDA","Maricopa (County, 2022)"
"Census Tract","04013050702","AZ","04013050702","=""04013050702""","75438","2020-2024","2022","Census","Circle K 2700820","307 E US Highway 85","","Buckeye","AZ","85326","MARICOPA","Convenience Store","","","USDA","Maricopa (County, 2022)"
"Census Tract","04013082207","AZ","04013082207","=""04013082207""","121127","2020-2024","2022","Census","Circle K 2701130","11450 W Southern Ave","","Tolleson","AZ","85353","MARICOPA","Convenience Store","","","USDA","Maricopa (County, 2022)"
"Census Tract","04013050702","AZ","04013050702","=""04013050702""","75438","2020-2024","2022","Census","Conoco","825 E Monroe Ave","","Buckeye","AZ","85326","MARICOPA","Convenience Store","","","USDA","Maricopa (County, 2022)"
"Census Tract","04013050702","AZ","04013050702","=""04013050702""","75438","2020-2024","2022","Census","La Fiesta Market Carniceria","7707 Sw Us Highway 85","Ste 101","Buckeye","AZ","85326","MARICOPA","Convenience Store","","","USDA","Maricopa (County, 2022)"
"Census Tract","04013050702","AZ","04013050702","=""04013050702""","75438","2020-2024","2022","Census","Liquor Corral","429 E Monroe Ave","","Buckeye","AZ","85326","MARICOPA","Convenience Store","","","USDA","Maricopa (County, 2022)"
"Census Tract","04013050702","AZ","04013050702","=""04013050702""","75438","2020-2024","2022","Census","Arlington Cattle Co Beef Shop","903 E Monroe Ave","","Buckeye","AZ","85326","MARICOPA","Specialty Store","","","USDA","Maricopa (County, 2022)"
"Census Tract","04013723307","AZ","04013723307","=""04013723307""","130536","2020-2024","2022","Census","Elliot Market","17750 W Elliot Rd","","Goodyear","AZ","85338","MARICOPA","Convenience Store","","","USDA","Maricopa (County, 2022)"
"Census Tract","04013050702","AZ","04013050702","=""04013050702""","75438","2020-2024","2022","Census","Family Dollar Store 5095","709 E Monroe Ave","","Buckeye","AZ","85326","MARICOPA","Other","","","USDA","Maricopa (County, 2022)"
"Census Tract","04013050617","AZ","04013050617","=""04013050617""","85785","2020-2024","2022","Census","Fry's 654","4625 S Miller Rd","","Buckeye","AZ","85326","MARICOPA","Super Store","","","USDA","Maricopa (County, 2022)"
"Census Tract","04013050702","AZ","04013050702","=""04013050702""","75438","2020-2024","2022","Census","DOLLAR GENERAL 6743","602 E Monroe Ave","","Buckeye","AZ","85326","MARICOPA","Other","","","USDA","Maricopa (County, 2022)"
"Census Tract","04013116619","AZ","04013116619","=""04013116619""","120368","2020-2024","2022","Census","Denny's #9656","5975 W Baseline Rd","","Laveen","AZ","85339","MARICOPA","Restaurant Meals Program","","","USDA","Maricopa (County, 2022)"
"Census Tract","04013723304","AZ","04013723304","=""04013723304""","78719","2020-2024","2022","Census","Dollar General 19475","10920 S Tuthill Rd","","Buckeye","AZ","85326","MARICOPA","Other","","","USDA","Maricopa (County, 2022)"
"Census Tract","04013071509","AZ","04013071509","=""04013071509""","95508","2020-2024","2022","Census","Target Store T-0825","8055 W Bell Rd","","Peoria","AZ","85382","MARICOPA","Super Store","","","USDA","Maricopa (County, 2022)"
"Census Tract","04013061026","AZ","04013061026","=""04013061026""","99259","2020-2024","2022","Census","WinCo Foods 127","16925 W Bell Rd","","Surprise","AZ","85374","MARICOPA","Supermarket","","","USDA","Maricopa (County, 2022)"
"Census Tract","04013061027","AZ","04013061027","=""04013061027""","94453","2020-2024","2022","Census","Papa Murphy's AZ002","15557 W Bell Rd","Ste 407","Surprise","AZ","85374","MARICOPA","Specialty Store","","","USDA","Maricopa (County, 2022)"
"Census Tract","04013060801","AZ","04013060801","=""04013060801""","50428","2020-2024","2022","Census","Qwik Stop","16551 N Dysart Rd","Ste 123","Surprise","AZ","85378","MARICOPA","Convenience Store","","","USDA","Maricopa (County, 2022)"
"Census Tract","04013617400","AZ","04013617400","=""04013617400""","66258","2020-2024","2022","Census","SAFEWAY 236","10926 W Bell Rd","","Sun City","AZ","85351","MARICOPA","Supermarket","","","USDA","Maricopa (County, 2022)"
"Census Tract","04013061026","AZ","04013061026","=""04013061026""","99259","2020-2024","2022","Census","Sam's Club 4955","16573 W Bell Rd","","Surprise","AZ","85374","MARICOPA","Super Store","","","USDA","Maricopa (County, 2022)"
"Census Tract","04013061029","AZ","04013061029","=""04013061029""","79958","2020-2024","2022","Census","Sprouts Farmers Market 12","13759 W Bell Rd","","Surprise","AZ","85374","MARICOPA","Supermarket","","","USDA","Maricopa (County, 2022)"
"Census Tract","04013617400","AZ","04013617400","=""04013617400""","66258","2020-2024","2022","Census","Subway #36543","10500 W Bell Rd","Ste 12","Sun City","AZ","85373","MARICOPA","Restaurant Meals Program","","","USDA","Maricopa (County, 2022)"
"Census Tract","04013060801","AZ","04013060801","=""04013060801""","50428","2020-2024","2022","Census","Brothers Market","12801 W Bell Rd","Ste 109","Surprise","AZ","85378","MARICOPA","Convenience Store","","","USDA","Maricopa (County, 2022)"
"Census Tract","04013617400","AZ","04013617400","=""04013617400""","66258","2020-2024","2022","Census","CVS Pharmacy 9217","10720 W Bell Rd","","Sun City","AZ","85351","MARICOPA","Other","","","USDA","Maricopa (County, 2022)"
"Census Tract","04013061029","AZ","04013061029","=""04013061029""","79958","2020-2024","2022","Census","Carl's Jr. 1101968","13335 W Grand Ave","","Surprise","AZ","85374","MARICOPA","Restaurant Meals Program","","","USDA","Maricopa (County, 2022)"
"Census Tract","04013071511","AZ","04013071511","=""04013071511""","95231","2020-2024","2022","Census","Chevron 355145","6705 W Bell Rd","","Glendale","AZ","85308","MARICOPA","Convenience Store","","","USDA","Maricopa (County, 2022)"
"Census Tract","04013061027","AZ","04013061027","=""04013061027""","94453","2020-2024","2022","Census","Circle K 2703395","16247 W Bell Rd","","Surprise","AZ","85374","MARICOPA","Convenience Store","","","USDA","Maricopa (County, 2022)"
"Census Tract","04013617700","AZ","04013617700","=""04013617700""","70278","2020-2024","2022","Census","Circle K 2705573","8319 W Bell Rd","","Peoria","AZ","85382","MARICOPA","Convenience Store","","","USDA","Maricopa (County, 2022)"
"Census Tract","04013617500","AZ","04013617500","=""04013617500""","64671","2020-2024","2022","Census","Circle K 2709165","9848 W Bell Rd","","Sun City","AZ","85351","MARICOPA","Convenience Store","","","USDA","Maricopa (County, 2022)"
"Census Tract","04013060801","AZ","04013060801","=""04013060801""","50428","2020-2024","2022","Census","Africa Staples","12801 W Bell Rd","Ste 111","Surprise","AZ","85378","MARICOPA","Grocery Store","","","USDA","Maricopa (County, 2022)"
"Census Tract","04013617400","AZ","04013617400","=""04013617400""","66258","2020-2024","2022","Census","Bimbo Bakeries 9145","10050 W Bell Rd","Ste 24","Sun City","AZ","85351","MARICOPA","Specialty Store","","","USDA","Maricopa (County, 2022)"
"Census Tract","04013061029","AZ","04013061029","=""04013061029""","79958","2020-2024","2022","Census","Del Taco # 704","13367 W Grand Ave","","Surprise","AZ","85374","MARICOPA","Restaurant Meals Program","","","USDA","Maricopa (County, 2022)"
"Census Tract","04013071509","AZ","04013071509","=""04013071509""","95508","2020-2024","2022","Census","Denny's #6619","8131 W Bell Rd","","Peoria","AZ","85382","MARICOPA","Restaurant Meals Program","","","USDA","Maricopa (County, 2022)"
"Census Tract","04013112523","AZ","04013112523","=""04013112523""","53159","2020-2024","2022","Census","Taco Bell 32736","1860 N 75th Ave","","Phoenix","AZ","85035","MARICOPA","Restaurant Meals Program","","","USDA","Maricopa (County, 2022)"
"Census Tract","04013112520","AZ","04013112520","=""04013112520""","82750","2020-2024","2022","Census","Target Store T-0851","7409 W Virginia Ave","","Phoenix","AZ","85035","MARICOPA","Super Store","","","USDA","Maricopa (County, 2022)"
"Census Tract","04013061048","AZ","04013061048","=""04013061048""","118214","2020-2024","2022","Census","Target Store T-1242","1515 N Litchfield Rd","","Goodyear","AZ","85395","MARICOPA","Super Store","","","USDA","Maricopa (County, 2022)"
"Census Tract","04013061051","AZ","04013061051","=""04013061051""","114409","2020-2024","2022","Census","Target Store T-2400","995 S Cotton Ln","","Goodyear","AZ","85338","MARICOPA","Super Store","","","USDA","Maricopa (County, 2022)"
"Census Tract","04013083000","AZ","04013083000","=""04013083000""","59626","2020-2024","2022","Census","Tolleson Market","9312 W Van Buren St","","Tolleson","AZ","85353","MARICOPA","Convenience Store","","","USDA","Maricopa (County, 2022)"
"Census Tract","04013061054","AZ","04013061054","=""04013061054""","99015","2020-2024","2022","Census","Trader Joe's Goodyear 289","14770 W McDowell Rd","","Goodyear","AZ","85395","MARICOPA","Supermarket","","","USDA","Maricopa (County, 2022)"
"Census Tract","04013082024","AZ","04013082024","=""04013082024""","60634","2020-2024","2022","Census","Two Hands Corn Dog","10210 W McDowell Rd","","Avondale","AZ","85392","MARICOPA","Restaurant Meals Program","","","USDA","Maricopa (County, 2022)"
"Census Tract","04013061053","AZ","04013061053","=""04013061053""","59156","2020-2024","2022","Census","Walgreens 02243","387 N Estrella Pkwy","","Goodyear","AZ","85338","MARICOPA","Other","","","USDA","Maricopa (County, 2022)"
"Census Tract","04013109702","AZ","04013109702","=""04013109702""","66065","2020-2024","2022","Census","Walgreens 04909","2921 N 83rd Ave","","Phoenix","AZ","85033","MARICOPA","Other","","","USDA","Maricopa (County, 2022)"
"Census Tract","04013061200","AZ","04013061200","=""04013061200""","55289","2020-2024","2022","Census","Walgreens 05776","1451 N Dysart Rd","","Avondale","AZ","85323","MARICOPA","Other","","","USDA","Maricopa (County, 2022)"
"Census Tract","04013050609","AZ","04013050609","=""04013050609""","77857","2020-2024","2022","Census","Walgreens 09175","23477 W Yuma Rd","","Buckeye","AZ","85326","MARICOPA","Other","","","USDA","Maricopa (County, 2022)"
"Census Tract","04013061054","AZ","04013061054","=""04013061054""","99015","2020-2024","2022","Census","Walgreens 12334","1654 N Pebble Creek Pkwy","","Goodyear","AZ","85395","MARICOPA","Other","","","USDA","Maricopa (County, 2022)"
"Census Tract","04013109706","AZ","04013109706","=""04013109706""","62813","2020-2024","2022","Census","Walgreens 6872","2930 N 67th Ave","","Phoenix","AZ","85033","MARICOPA","Other","","","USDA","Maricopa (County, 2022)"
"Census Tract","04013082023","AZ","04013082023","=""04013082023""","106620","2020-2024","2022","Census","Walgreens 7387","10710 W McDowell Rd","","Avondale","AZ","85392","MARICOPA","Other","","","USDA","Maricopa (County, 2022)"
"Census Tract","04013112510","AZ","04013112510","=""04013112510""","94375","2020-2024","2022","Census","Walgreens 7663","8280 W Lower Buckeye Rd","","Phoenix","AZ","85043","MARICOPA","Other","","","USDA","Maricopa (County, 2022)"
"Census Tract","04013112523","AZ","04013112523","=""04013112523""","53159","2020-2024","2022","Census","Walmart 1549","2020 N 75th Ave","","Phoenix","AZ","85035","MARICOPA","Super Store","","","USDA","Maricopa (County, 2022)"
"Census Tract","04013061200","AZ","04013061200","=""04013061200""","55289","2020-2024","2022","Census","Walmart 2554","13055 W RANCHO SANTA FE BLVD","","AVONDALE","AZ","85392","MARICOPA","Super Store","","","USDA","Maricopa (County, 2022)"
"Census Tract","04013050615","AZ","04013050615","=""04013050615""","81104","2020-2024","2022","Census","Walmart 3407","1060 S WATSON RD","","BUCKEYE","AZ","85326","MARICOPA","Super Store","","","USDA","Maricopa (County, 2022)"
"Census Tract","04013112518","AZ","04013112518","=""04013112518""","102463","2020-2024","2022","Census","Walmart 5331","7575 W LOWER BUCKEYE RD","","PHOENIX","AZ","85043","MARICOPA","Super Store","","","USDA","Maricopa (County, 2022)"
"Census Tract","04013061053","AZ","04013061053","=""04013061053""","59156","2020-2024","2022","Census","Walmart 5369","1100 N ESTRELLA PKWY","","GOODYEAR","AZ","85338","MARICOPA","Super Store","","","USDA","Maricopa (County, 2022)"
"Census Tract","04013061054","AZ","04013061054","=""04013061054""","99015","2020-2024","2022","Census","WinCo Foods 130","15581 W McDowell Rd","","Goodyear","AZ","85395","MARICOPA","Supermarket","","","USDA","Maricopa (County, 2022)"
"Census Tract","04013061200","AZ","04013061200","=""04013061200""","55289","2020-2024","2022","Census","McDonald's #30167","13055 W Rancho Santa Fe Blvd","","Avondale","AZ","85392","MARICOPA","Restaurant Meals Program","","","USDA","Maricopa (County, 2022)"
"Census Tract","04013061053","AZ","04013061053","=""04013061053""","59156","2020-2024","2022","Census","McDonald's #30873","1100 N Estrella Pkwy","","Goodyear","AZ","85338","MARICOPA","Restaurant Meals Program","","","USDA","Maricopa (County, 2022)"
"Census Tract","04013061053","AZ","04013061053","=""04013061053""","59156","2020-2024","2022","Census","McDonald's #31184","632 N Estrella Pkwy","","Goodyear","AZ","85338","MARICOPA","Restaurant Meals Program","","","USDA","Maricopa (County, 2022)"
"Census Tract","04013112510","AZ","04013112510","=""04013112510""","94375","2020-2024","2022","Census","McDonald's #39490","7450 W Lower Buckeye Rd","","Phoenix","AZ","85043","MARICOPA","Restaurant Meals Program","","","USDA","Maricopa (County, 2022)"
"Census Tract","04013061049","AZ","04013061049","=""04013061049""","114389","2020-2024","2022","Census","McDonald's #39617","16275 W Yuma Rd","","Goodyear","AZ","85338","MARICOPA","Restaurant Meals Program","","","USDA","Maricopa (County, 2022)"
"Census Tract","04013083000","AZ","04013083000","=""04013083000""","59626","2020-2024","2022","Census","McDonald's #40357","1215 N 91st Ave","","Tolleson","AZ","85353","MARICOPA","Restaurant Meals Program","","","USDA","Maricopa (County, 2022)"
"Census Tract","04013061063","AZ","04013061063","=""04013061063""","60714","2020-2024","2022","Census","McDonald's #5589","870 N Dysart Rd","","Goodyear","AZ","85338","MARICOPA","Restaurant Meals Program","","","USDA","Maricopa (County, 2022)"
"Census Tract","04013112523","AZ","04013112523","=""04013112523""","53159","2020-2024","2022","Census","McDonald's 29378","2020 N. 75th AVE.","","PHOENIX","AZ","85035","MARICOPA","Restaurant Meals Program","","","USDA","Maricopa (County, 2022)"
"Census Tract","04013050609","AZ","04013050609","=""04013050609""","77857","2020-2024","2022","Census","Mcdonald's #31455","587 S Watson Rd","","Buckeye","AZ","85326","MARICOPA","Restaurant Meals Program","","","USDA","Maricopa (County, 2022)"
"Census Tract","04013083000","AZ","04013083000","=""04013083000""","59626","2020-2024","2022","Census","Mercado Y Carniceria Rodeo Inc","9201 W Van Buren St","","Tolleson","AZ","85353","MARICOPA","Supermarket","","","USDA","Maricopa (County, 2022)"
"Census Tract","04013112502","AZ","04013112502","=""04013112502""","81446","2020-2024","2022","Census","Papa Johns #2967","5930 W McDowell Rd","","Phoenix","AZ","85035","MARICOPA","Restaurant Meals Program","","","USDA","Maricopa (County, 2022)"
"Census Tract","04013061015","AZ","04013061015","=""04013061015""","88977","2020-2024","2022","Census","Papa Murphy's AZ008","1809 N Dysart Rd","Ste 108","Avondale","AZ","85392","MARICOPA","Specialty Store","","","USDA","Maricopa (County, 2022)"
"Census Tract","04013061053","AZ","04013061053","=""04013061053""","59156","2020-2024","2022","Census","Papa Murphy's AZ034","15570 W Van Buren St","","Goodyear","AZ","85338","MARICOPA","Specialty Store","","","USDA","Maricopa (County, 2022)"
"Census Tract","04013112523","AZ","04013112523","=""04013112523""","53159","2020-2024","2022","Census","Pescaderia El Waco 1","2201 N 83rd Ave","Suite 105","Phoenix","AZ","85035","MARICOPA","Specialty Store","","","USDA","Maricopa (County, 2022)"
"Census Tract","04013082027","AZ","04013082027","=""04013082027""","131000","2020-2024","2022","Census","Pilot Travel Center 459","900 N 99th Ave","","Avondale","AZ","85323","MARICOPA","Convenience Store","","","USDA","Maricopa (County, 2022)"
"Census Tract","04013112508","AZ","04013112508","=""04013112508""","66979","2020-2024","2022","Census","Pilot Travel Center 611","6700 W Latham St","","Phoenix","AZ","85043","MARICOPA","Convenience Store","","","USDA","Maricopa (County, 2022)"
"Census Tract","04013061402","AZ","04013061402","=""04013061402""","73482","2020-2024","2022","Census","Quik Food Mart","921 W Main St","","Avondale","AZ","85323","MARICOPA","Convenience Store","","","USDA","Maricopa (County, 2022)"
"Census Tract","04013061015","AZ","04013061015","=""04013061015""","88977","2020-2024","2022","Census","QuikTrip 0423","13067 W Thomas Rd","","Avondale","AZ","85392","MARICOPA","Convenience Store","","","USDA","Maricopa (County, 2022)"
"Census Tract","04013050616","AZ","04013050616","=""04013050616""","102982","2020-2024","2022","Census","QuikTrip 0492","1850 S Miller Rd","","Buckeye","AZ","85326","MARICOPA","Convenience Store","","","USDA","Maricopa (County, 2022)"
"Census Tract","04013061053","AZ","04013061053","=""04013061053""","59156","2020-2024","2022","Census","QuikTrip 1401","575 N Estrella Pkwy","","Goodyear","AZ","85338","MARICOPA","Convenience Store","","","USDA","Maricopa (County, 2022)"
"Census Tract","04013050615","AZ","04013050615","=""04013050615""","81104","2020-2024","2022","Census","QuikTrip 1407","900 S Watson Rd","","Buckeye","AZ","85326","MARICOPA","Convenience Store","","","USDA","Maricopa (County, 2022)"
"Census Tract","04013112524","AZ","04013112524","=""04013112524""","52114","2020-2024","2022","Census","QuikTrip 1410","400 N 75th Ave","","Phoenix","AZ","85043","MARICOPA","Convenience Store","","","USDA","Maricopa (County, 2022)"
"Census Tract","04013061054","AZ","04013061054","=""04013061054""","99015","2020-2024","2022","Census","QuikTrip 1417","1540 N Bullard Ave","","Goodyear","AZ","85395","MARICOPA","Convenience Store","","","USDA","Maricopa (County, 2022)"
"Census Tract","04013083000","AZ","04013083000","=""04013083000""","59626","2020-2024","2022","Census","QuikTrip 1423","1201 N 91st Ave","","Tolleson","AZ","85353","MARICOPA","Convenience Store","","","USDA","Maricopa (County, 2022)"
"Census Tract","04013082026","AZ","04013082026","=""04013082026""","105432","2020-2024","2022","Census","QuikTrip 1424","150 N Avondale Blvd","","Avondale","AZ","85323","MARICOPA","Convenience Store","","","USDA","Maricopa (County, 2022)"
"Census Tract","04013082023","AZ","04013082023","=""04013082023""","106620","2020-2024","2022","Census","QuikTrip 1426","1550 N 107th Ave","","Avondale","AZ","85392","MARICOPA","Convenience Store","","","USDA","Maricopa (County, 2022)"
"Census Tract","04013082017","AZ","04013082017","=""04013082017""","103405","2020-2024","2022","Census","QuikTrip 1431","9101 W McDowell Rd","","Tolleson","AZ","85353","MARICOPA","Convenience Store","","","USDA","Maricopa (County, 2022)"
"Census Tract","04013112512","AZ","04013112512","=""04013112512""","32946","2020-2024","2022","Census","QuikTrip 1432","5960 W Buckeye Rd","","Phoenix","AZ","85043","MARICOPA","Convenience Store","","","USDA","Maricopa (County, 2022)"
"Census Tract","04013061057","AZ","04013061057","=""04013061057""","69911","2020-2024","2022","Census","QuikTrip 403","17260 W Yuma Rd","","Goodyear","AZ","85338","MARICOPA","Convenience Store","","","USDA","Maricopa (County, 2022)"
"Census Tract","04013112510","AZ","04013112510","=""04013112510""","94375","2020-2024","2022","Census","QuikTrip 409","6705 W Buckeye Rd","","Phoenix","AZ","85043","MARICOPA","Convenience Store","","","USDA","Maricopa (County, 2022)"
"Census Tract","04013083000","AZ","04013083000","=""04013083000""","59626","2020-2024","2022","Census","QuikTrip 422","8302 W Buckeye Rd","","Tolleson","AZ","85353","MARICOPA","Convenience Store","","","USDA","Maricopa (County, 2022)"
"Census Tract","04013061063","AZ","04013061063","=""04013061063""","60714","2020-2024","2022","Census","QuikTrip 446","550 N Dysart Rd","","Goodyear","AZ","85338","MARICOPA","Convenience Store","","","USDA","Maricopa (County, 2022)"
"Census Tract","04013112524","AZ","04013112524","=""04013112524""","52114","2020-2024","2022","Census","QuikTrip 449","8283 W McDowell Rd","","Phoenix","AZ","85035","MARICOPA","Convenience Store","","","USDA","Maricopa (County, 2022)"
"Census Tract","04013112519","AZ","04013112519","=""04013112519""","54120","2020-2024","2022","Census","QuikTrip 451","6702 W McDowell Rd","","Phoenix","AZ","85035","MARICOPA","Convenience Store","","","USDA","Maricopa (County, 2022)"
"Census Tract","04013083000","AZ","04013083000","=""04013083000""","59626","2020-2024","2022","Census","QuikTrip 471","297 N 99th Ave","","Tolleson","AZ","85353","MARICOPA","Convenience Store","","","USDA","Maricopa (County, 2022)"
"Census Tract","04013109705","AZ","04013109705","=""04013109705""","83681","2020-2024","2022","Census","Rally's 4346","7890 W Thomas Rd","","Phoenix","AZ","85033","MARICOPA","Restaurant Meals Program","","","USDA","Maricopa (County, 2022)"
"Census Tract","04013061053","AZ","04013061053","=""04013061053""","59156","2020-2024","2022","Census","SAFEWAY  2618","440 N Estrella Pkwy","","Goodyear","AZ","85338","MARICOPA","Supermarket","","","USDA","Maricopa (County, 2022)"
"Census Tract","04013061200","AZ","04013061200","=""04013061200""","55289","2020-2024","2022","Census","Sam's Club 4830","1459 N Dysart Rd","","Avondale","AZ","85323","MARICOPA","Super Store","","","USDA","Maricopa (County, 2022)"
"Census Tract","04013082028","AZ","04013082028","=""04013082028""","67256","2020-2024","2022","Census","Sam's Club 6606","8340 W McDowell Rd","","Phoenix","AZ","85037","MARICOPA","Super Store","","","USDA","Maricopa (County, 2022)"
"Census Tract","04013061015","AZ","04013061015","=""04013061015""","88977","2020-2024","2022","Census","Sprouts Farmers Market 13","1813 N Dysart Rd","","Avondale","AZ","85392","MARICOPA","Supermarket","","","USDA","Maricopa (County, 2022)"
"Census Tract","04013082017","AZ","04013082017","=""04013082017""","103405","2020-2024","2022","Census","Sprouts Farmers Market 49","9824 W. McDowell Rd","","Phoenix","AZ","85037","MARICOPA","Supermarket","","","USDA","Maricopa (County, 2022)"
"Census Tract","04013112521","AZ","04013112521","=""04013112521""","45562","2020-2024","2022","Census","Star K Mobil 2","6653 W McDowell Rd","","Phoenix","AZ","85035","MARICOPA","Convenience Store","","","USDA","Maricopa (County, 2022)"
"Census Tract","04013109705","AZ","04013109705","=""04013109705""","83681","2020-2024","2022","Census","Starcorp LLC dba Carls Jr 7560","7610 W Thomas Rd","","Phoenix","AZ","85033","MARICOPA","Restaurant Meals Program","","","USDA","Maricopa (County, 2022)"
"Census Tract","04013050615","AZ","04013050615","=""04013050615""","81104","2020-2024","2022","Census","Starcorp LLC dba Carls Jr 7785","416 S Watson Rd","","Buckeye","AZ","85326","MARICOPA","Restaurant Meals Program","","","USDA","Maricopa (County, 2022)"
"Census Tract","04013061051","AZ","04013061051","=""04013061051""","114409","2020-2024","2022","Census","Starcorp LLC dba Carls Jr 8377","1083 S Cotton Lane","","Good Year","AZ","85338","MARICOPA","Restaurant Meals Program","","","USDA","Maricopa (County, 2022)"
"Census Tract","04013082210","AZ","04013082210","=""04013082210""","82703","2020-2024","2022","Census","Subway #27190","11435 W Buckeye Rd","Ste A109","Avondale","AZ","85323","MARICOPA","Restaurant Meals Program","","","USDA","Maricopa (County, 2022)"
"Census Tract","04013109705","AZ","04013109705","=""04013109705""","83681","2020-2024","2022","Census","Subway #31645","7510 W Thomas Rd","Suite 104","Phoenix","AZ","85033","MARICOPA","Restaurant Meals Program","","","USDA","Maricopa (County, 2022)"
"Census Tract","04013082204","AZ","04013082204","=""04013082204""","102057","2020-2024","2022","Census","Subway #33719","2735 S 99th Ave","Suite G105","Tolleson","AZ","85353","MARICOPA","Restaurant Meals Program","","","USDA","Maricopa (County, 2022)"
"Census Tract","04013050615","AZ","04013050615","=""04013050615""","81104","2020-2024","2022","Census","Subway #34210","1510 S Watson Rd","Ste 106","Buckeye","AZ","85326","MARICOPA","Restaurant Meals Program","","","USDA","Maricopa (County, 2022)"
"Census Tract","04013112523","AZ","04013112523","=""04013112523""","53159","2020-2024","2022","Census","Subway #43107","1610 N 75th Ave","Suite 106","Phoenix","AZ","85035","MARICOPA","Restaurant Meals Program","","","USDA","Maricopa (County, 2022)"
"Census Tract","04013112502","AZ","04013112502","=""04013112502""","81446","2020-2024","2022","Census","Subway 28818","5930 W McDowell Rd","Ste 107","Phoenix","AZ","85035","MARICOPA","Restaurant Meals Program","","","USDA","Maricopa (County, 2022)"
"Census Tract","04013112502","AZ","04013112502","=""04013112502""","81446","2020-2024","2022","Census","Super Carniceria La Guera 1","5950 W McDowell Rd","Ste 107","Phoenix","AZ","85035","MARICOPA","Grocery Store","","","USDA","Maricopa (County, 2022)"
"Census Tract","04013112521","AZ","04013112521","=""04013112521""","45562","2020-2024","2022","Census","Super Carniceria Las Cuatro Milpa","6639 W McDowell Rd","","Phoenix","AZ","85035","MARICOPA","Grocery Store","","","USDA","Maricopa (County, 2022)"
"Census Tract","04013082210","AZ","04013082210","=""04013082210""","82703","2020-2024","2022","Census","Super Carniceria Los Alamos #2","10730 W Lower Buckeye Rd","","Avondale","AZ","85323","MARICOPA","Grocery Store","","","USDA","Maricopa (County, 2022)"
"Census Tract","04013061064","AZ","04013061064","=""04013061064""","109352","2020-2024","2022","Census","T&Y Hawaiian BBQ","1380 N Litchfield Rd","Ste K4","Goodyear","AZ","85395","MARICOPA","Restaurant Meals Program","","","USDA","Maricopa (County, 2022)"
"Census Tract","04013112518","AZ","04013112518","=""04013112518""","102463","2020-2024","2022","Census","Burger King # 15219","7545 W Lower Buckeye Rd","","Phoenix","AZ","85043","MARICOPA","Restaurant Meals Program","","","USDA","Maricopa (County, 2022)"
"Census Tract","04013112508","AZ","04013112508","=""04013112508""","66979","2020-2024","2022","Census","Burger King # 16208","350 N 67th Ave","","Phoenix","AZ","85043","MARICOPA","Restaurant Meals Program","","","USDA","Maricopa (County, 2022)"
"Census Tract","04013061051","AZ","04013061051","=""04013061051""","114409","2020-2024","2022","Census","Burger King # 21281","16364 W Yuma Rd","","Goodyear","AZ","85338","MARICOPA","Restaurant Meals Program","","","USDA","Maricopa (County, 2022)"
"Census Tract","04013061054","AZ","04013061054","=""04013061054""","99015","2020-2024","2022","Census","Burger King # 22135","15250 W McDowell Rd","","Goodyear","AZ","85395","MARICOPA","Restaurant Meals Program","","","USDA","Maricopa (County, 2022)"
"Census Tract","04013082027","AZ","04013082027","=""04013082027""","131000","2020-2024","2022","Census","Burger King # 23606","9920 W Van Buren St","","Avondale","AZ","85323","MARICOPA","Restaurant Meals Program","","","USDA","Maricopa (County, 2022)"
"Census Tract","04013050614","AZ","04013050614","=""04013050614""","116250","2020-2024","2022","Census","Burger King # 25474","1315 S Watson Rd","","Buckeye","AZ","85326","MARICOPA","Restaurant Meals Program","","","USDA","Maricopa (County, 2022)"
"Census Tract","04013061063","AZ","04013061063","=""04013061063""","60714","2020-2024","2022","Census","Burger King # 6249","394 N. Litchfield Rd.","","Avondale","AZ","85323","MARICOPA","Restaurant Meals Program","","","USDA","Maricopa (County, 2022)"
"Census Tract","04013050616","AZ","04013050616","=""04013050616""","102982","2020-2024","2022","Census","Burger King # 9984","1552 S Miller Rd","","Buckeye","AZ","85326","MARICOPA","Restaurant Meals Program","","","USDA","Maricopa (County, 2022)"
"Census Tract","04013082210","AZ","04013082210","=""04013082210""","82703","2020-2024","2022","Census","Burger King #14956","11445 W Buckeye Rd","","Avondale","AZ","85323","MARICOPA","Restaurant Meals Program","","","USDA","Maricopa (County, 2022)"
"Census Tract","04013082028","AZ","04013082028","=""04013082028""","67256","2020-2024","2022","Census","Burger King #9465","1610 N 83rd Ave","","Phoenix","AZ","85035","MARICOPA","Restaurant Meals Program","","","USDA","Maricopa (County, 2022)"
"Census Tract","04013061053","AZ","04013061053","=""04013061053""","59156","2020-2024","2022","Census","CIRCLE K 2709528","1550 N PEBBLE CREEK PKWY","","GOODYEAR","AZ","85338","MARICOPA","Convenience Store","","","USDA","Maricopa (County, 2022)"
"Census Tract","04013112510","AZ","04013112510","=""04013112510""","94375","2020-2024","2022","Census","CIRCLE K 2709541","2775 S 75th Ave","","Phoenix","AZ","85043","MARICOPA","Convenience Store","","","USDA","Maricopa (County, 2022)"
"Census Tract","04013112522","AZ","04013112522","=""04013112522""","73683","2020-2024","2022","Census","CST  Corner Store 2741628","1111 N 67th Ave","","Phoenix","AZ","85043","MARICOPA","Convenience Store","","","USDA","Maricopa (County, 2022)"
"Census Tract","04013082026","AZ","04013082026","=""04013082026""","105432","2020-2024","2022","Census","CVS PHARMACY #10229 10229","280 N Avondale Blvd","","Avondale","AZ","85323","MARICOPA","Other","","","USDA","Maricopa (County, 2022)"
"Census Tract","04013112516","AZ","04013112516","=""04013112516""","86500","2020-2024","2022","Census","CVS Pharmacy 1744","6650 W Lower Buckeye Rd","","Phoenix","AZ","85043","MARICOPA","Other","","","USDA","Maricopa (County, 2022)"
"Census Tract","04013112523","AZ","04013112523","=""04013112523""","53159","2020-2024","2022","Census","CVS Pharmacy 3625","8245 W Thomas Rd","","Phoenix","AZ","85033","MARICOPA","Other","","","USDA","Maricopa (County, 2022)"
"Census Tract","04013061048","AZ","04013061048","=""04013061048""","118214","2020-2024","2022","Census","CVS Pharmacy 3749","2840 N Dysart Rd","","Goodyear","AZ","85395","MARICOPA","Other","","","USDA","Maricopa (County, 2022)"
"Census Tract","04013082204","AZ","04013082204","=""04013082204""","102057","2020-2024","2022","Census","Calitacos Restaurant","9820 W Lower Buckeye Rd","#103-104","Tolleson","AZ","85353","MARICOPA","Restaurant Meals Program","","","USDA","Maricopa (County, 2022)"
"Census Tract","04013112515","AZ","04013112515","=""04013112515""","91510","2020-2024","2022","Census","Carioca Shell 67","6675 W. Lower Buckeye Rd.","","Phoenix","AZ","85043","MARICOPA","Convenience Store","","","USDA","Maricopa (County, 2022)"
"Census Tract","04013112521","AZ","04013112521","=""04013112521""","45562","2020-2024","2022","Census","Carniceria El Bronco","6305 W McDowell Rd","Ste 5","Phoenix","AZ","85035","MARICOPA","Grocery Store","","","USDA","Maricopa (County, 2022)"
"Census Tract","04013083000","AZ","04013083000","=""04013083000""","59626","2020-2024","2022","Census","Carniceria El Charro","810 N 91st Ave","","Tolleson","AZ","85353","MARICOPA","Supermarket","","","USDA","Maricopa (County, 2022)"
"Census Tract","04013061401","AZ","04013061401","=""04013061401""","53005","2020-2024","2022","Census","Carniceria La Tapatia Llc","517 W Western Ave","","Avondale","AZ","85323","MARICOPA","Grocery Store","","","USDA","Maricopa (County, 2022)"
"Census Tract","04013112522","AZ","04013112522","=""04013112522""","73683","2020-2024","2022","Census","Carniceria Los Vaqueros 1","6440 W Van Buren St","","Phoenix","AZ","85043","MARICOPA","Grocery Store","","","USDA","Maricopa (County, 2022)"
"Census Tract","04013112510","AZ","04013112510","=""04013112510""","94375","2020-2024","2022","Census","Carniceria Mana","8240 W Lower Buckeye Rd","Ste 108","Phoenix","AZ","85043","MARICOPA","Grocery Store","","","USDA","Maricopa (County, 2022)"
"Census Tract","04013082209","AZ","04013082209","=""04013082209""","61188","2020-2024","2022","Census","Carniceria Y Taqueria Sinaloa II","10953 W Buckeye Rd","","Cashion","AZ","85329","MARICOPA","Grocery Store","","","USDA","Maricopa (County, 2022)"
"Census Tract","04013082209","AZ","04013082209","=""04013082209""","61188","2020-2024","2022","Census","Circle K 2700243","11125 W BUCKEYE","","CASHION","AZ","85329","MARICOPA","Convenience Store","","","USDA","Maricopa (County, 2022)"
"Census Tract","04013061402","AZ","04013061402","=""04013061402""","73482","2020-2024","2022","Census","Circle K 2700822","3 E Main St","","Avondale","AZ","85323","MARICOPA","Convenience Store","","","USDA","Maricopa (County, 2022)"
"Census Tract","04013050612","AZ","04013050612","=""04013050612""","105205","2020-2024","2022","Census","Circle K 2701198","721 N 195th Ave","","Buckeye","AZ","85326","MARICOPA","Convenience Store","","","USDA","Maricopa (County, 2022)"
"Census Tract","04013082208","AZ","04013082208","=""04013082208""","94000","2020-2024","2022","Census","Circle K 2701225","12301 W Lower Buckeye Rd","","Avondale","AZ","85323","MARICOPA","Convenience Store","","","USDA","Maricopa (County, 2022)"
"Census Tract","04013061200","AZ","04013061200","=""04013061200""","55289","2020-2024","2022","Census","Circle K 2702893","51 E Van Buren St","","Avondale","AZ","85323","MARICOPA","Convenience Store","","","USDA","Maricopa (County, 2022)"
"Census Tract","04013050609","AZ","04013050609","=""04013050609""","77857","2020-2024","2022","Census","Circle K 2703397","537 W Watson Rd","","Buckeye","AZ","85326","MARICOPA","Convenience Store","","","USDA","Maricopa (County, 2022)"
"Census Tract","04013112523","AZ","04013112523","=""04013112523""","53159","2020-2024","2022","Census","Circle K 2703461","2840 N 75th Ave","","Phoenix","AZ","85035","MARICOPA","Convenience Store","","","USDA","Maricopa (County, 2022)"
"Census Tract","04013083000","AZ","04013083000","=""04013083000""","59626","2020-2024","2022","Census","Circle K 2705189","298 N 83rd Ave","","Tolleson","AZ","85353","MARICOPA","Convenience Store","","","USDA","Maricopa (County, 2022)"
"Census Tract","04013112510","AZ","04013112510","=""04013112510""","94375","2020-2024","2022","Census","Circle K 2705795","6710 W Buckeye Rd","","Phoenix","AZ","85043","MARICOPA","Convenience Store","","","USDA","Maricopa (County, 2022)"
"Census Tract","04013109702","AZ","04013109702","=""04013109702""","66065","2020-2024","2022","Census","Circle K 2706358","8248 W Thomas Rd","","Phoenix","AZ","85033","MARICOPA","Convenience Store","","","USDA","Maricopa (County, 2022)"
"Census Tract","04013082028","AZ","04013082028","=""04013082028""","67256","2020-2024","2022","Census","Circle K 2706458","1609 N 91st Ave","","Phoenix","AZ","85037","MARICOPA","Convenience Store","","","USDA","Maricopa (County, 2022)"
"Census Tract","04013061200","AZ","04013061200","=""04013061200""","55289","2020-2024","2022","Census","Circle K 2706645","1595 N Dysart Rd","","Avondale","AZ","85392","MARICOPA","Convenience Store","","","USDA","Maricopa (County, 2022)"
"Census Tract","04013083000","AZ","04013083000","=""04013083000""","59626","2020-2024","2022","Census","Circle K 2708558","8303 W McDowell Rd","","Tolleson","AZ","85353","MARICOPA","Convenience Store","","","USDA","Maricopa (County, 2022)"
"Census Tract","04013112502","AZ","04013112502","=""04013112502""","81446","2020-2024","2022","Census","Circle K 2708599","1601 N 67th Ave","","Phoenix","AZ","85035","MARICOPA","Convenience Store","","","USDA","Maricopa (County, 2022)"
"Census Tract","04013112519","AZ","04013112519","=""04013112519""","54120","2020-2024","2022","Census","Circle K 2708696","7424 W McDowell Rd","","Phoenix","AZ","85035","MARICOPA","Convenience Store","","","USDA","Maricopa (County, 2022)"
"Census Tract","04013112504","AZ","04013112504","=""04013112504""","76635","2020-2024","2022","Census","Circle K 2708833","6649 W Thomas Rd","","Phoenix","AZ","85033","MARICOPA","Convenience Store","","","USDA","Maricopa (County, 2022)"
"Census Tract","04013083000","AZ","04013083000","=""04013083000""","59626","2020-2024","2022","Census","Circle K 2708872","9110 W Van Buren St","","Tolleson","AZ","85353","MARICOPA","Convenience Store","","","USDA","Maricopa (County, 2022)"
"Census Tract","04013061064","AZ","04013061064","=""04013061064""","109352","2020-2024","2022","Census","Circle K 2709177","1264 N Litchfield Rd","","Goodyear","AZ","85395","MARICOPA","Convenience Store","","","USDA","Maricopa (County, 2022)"
"Census Tract","04013061063","AZ","04013061063","=""04013061063""","60714","2020-2024","2022","Census","Circle K 2709180","315 N Litchfield Rd","","Goodyear","AZ","85338","MARICOPA","Convenience Store","","","USDA","Maricopa (County, 2022)"
"Census Tract","04013061063","AZ","04013061063","=""04013061063""","60714","2020-2024","2022","Census","Circle K 2709180","315 N Litchfield Rd","","Goodyear","AZ","85338","MARICOPA","Convenience Store","","","USDA","Maricopa (County, 2022)"
"Census Tract","04013082023","AZ","04013082023","=""04013082023""","106620","2020-2024","2022","Census","Circle K 2709186","1595 N Avondale Blvd","","Avondale","AZ","85392","MARICOPA","Convenience Store","","","USDA","Maricopa (County, 2022)"
"Census Tract","04013083000","AZ","04013083000","=""04013083000""","59626","2020-2024","2022","Census","Circle K 2709545","297 N 107th Ave","","Tolleson","AZ","85353","MARICOPA","Convenience Store","","","USDA","Maricopa (County, 2022)"
"Census Tract","04013083000","AZ","04013083000","=""04013083000""","59626","2020-2024","2022","Census","Corner Store 2741675","1025 N 99th Ave","","Tolleson","AZ","85353","MARICOPA","Convenience Store","","","USDA","Maricopa (County, 2022)"
"Census Tract","04013082024","AZ","04013082024","=""04013082024""","60634","2020-2024","2022","Census","Costco Wholesale 0691","10000 W McDowell Rd","","Avondale","AZ","85392","MARICOPA","Super Store","","","USDA","Maricopa (County, 2022)"
"Census Tract","04013050612","AZ","04013050612","=""04013050612""","105205","2020-2024","2022","Census","Costco Wholesale 1653","1111 N Verrado Way","","Buckeye","AZ","85326","MARICOPA","Super Store","","","USDA","Maricopa (County, 2022)"
"Census Tract","04013112522","AZ","04013112522","=""04013112522""","73683","2020-2024","2022","Census","DOLLAR GENERAL 14375","6600 W Van Buren St","","Phoenix","AZ","85043","MARICOPA","Other","","","USDA","Maricopa (County, 2022)"
"Census Tract","04013083000","AZ","04013083000","=""04013083000""","59626","2020-2024","2022","Census","Jack in The Box #1108","8302 W Lynwood St","","Tolleson","AZ","85353","MARICOPA","Restaurant Meals Program","","","USDA","Maricopa (County, 2022)"
"Census Tract","04013061200","AZ","04013061200","=""04013061200""","55289","2020-2024","2022","Census","Jack in The Box #1139","13088 W Rancho Santa Fe Blvd","","Avondale","AZ","85392","MARICOPA","Restaurant Meals Program","","","USDA","Maricopa (County, 2022)"
"Census Tract","04013112504","AZ","04013112504","=""04013112504""","76635","2020-2024","2022","Census","Jack in The Box #1172","6001 W Thomas Rd","","Phoenix","AZ","85033","MARICOPA","Restaurant Meals Program","","","USDA","Maricopa (County, 2022)"
"Census Tract","04013082009","AZ","04013082009","=""04013082009""","66923","2020-2024","2022","Census","Jack in The Box #1522","9050 W Thomas Rd","","Phoenix","AZ","85037","MARICOPA","Restaurant Meals Program","","","USDA","Maricopa (County, 2022)"
"Census Tract","04013061053","AZ","04013061053","=""04013061053""","59156","2020-2024","2022","Census","Jack in The Box #1536","520 N Estrella Pkwy","","Goodyear","AZ","85338","MARICOPA","Restaurant Meals Program","","","USDA","Maricopa (County, 2022)"
"Census Tract","04013050615","AZ","04013050615","=""04013050615""","81104","2020-2024","2022","Census","Jack in The Box #1547","1460 S Watson Rd","","Buckeye","AZ","85326","MARICOPA","Restaurant Meals Program","","","USDA","Maricopa (County, 2022)"
"Census Tract","04013082204","AZ","04013082204","=""04013082204""","102057","2020-2024","2022","Census","Jack in The Box #1561","9840 W Lower Buckeye Rd","","Tolleson","AZ","85353","MARICOPA","Restaurant Meals Program","","","USDA","Maricopa (County, 2022)"
"Census Tract","04013061051","AZ","04013061051","=""04013061051""","114409","2020-2024","2022","Census","Jack in The Box #1578","16900 W Yuma Rd","","Goodyear","AZ","85338","MARICOPA","Restaurant Meals Program","","","USDA","Maricopa (County, 2022)"
"Census Tract","04013082024","AZ","04013082024","=""04013082024""","60634","2020-2024","2022","Census","Jack in The Box 1588","10307 W McDowell Rd","","Avondale","AZ","85323","MARICOPA","Restaurant Meals Program","","","USDA","Maricopa (County, 2022)"
"Census Tract","04013112522","AZ","04013112522","=""04013112522""","73683","2020-2024","2022","Census","Jack in the Box #1587","1075 N 67th Ave","","Phoenix","AZ","85043","MARICOPA","Restaurant Meals Program","","","USDA","Maricopa (County, 2022)"
"Census Tract","04013112504","AZ","04013112504","=""04013112504""","76635","2020-2024","2022","Census","Jimmies Market 1","6011 W Thomas Rd","","Phoenix","AZ","85033","MARICOPA","Convenience Store","","","USDA","Maricopa (County, 2022)"
"Census Tract","04013050619","AZ","04013050619","=""04013050619""","156350","2020-2024","2022","Census","Jjs Food Mart","1419 N Jackrabbit Trl","","Buckeye","AZ","85326","MARICOPA","Convenience Store","","","USDA","Maricopa (County, 2022)"
"Census Tract","04013082026","AZ","04013082026","=""04013082026""","105432","2020-2024","2022","Census","Lams International #2","11575 W Van Buren St","","Avondale","AZ","85323","MARICOPA","Grocery Store","","","USDA","Maricopa (County, 2022)"
"Census Tract","04013061200","AZ","04013061200","=""04013061200""","55289","2020-2024","2022","Census","Los Compadres Carniceria","425 N Central Ave","","Avondale","AZ","85323","MARICOPA","Grocery Store","","","USDA","Maricopa (County, 2022)"
"Census Tract","04013083000","AZ","04013083000","=""04013083000""","59626","2020-2024","2022","Census","Love's Travel Stop 659","8313 W Roosevelt St","","Tolleson","AZ","85353","MARICOPA","Convenience Store","","","USDA","Maricopa (County, 2022)"
"Census Tract","04013050616","AZ","04013050616","=""04013050616""","102982","2020-2024","2022","Census","Love's Travel Stops & Country Stores Inc. 280","1610 S Miller Rd","","Buckeye","AZ","85326","MARICOPA","Convenience Store","","","USDA","Maricopa (County, 2022)"
"Census Tract","04013061401","AZ","04013061401","=""04013061401""","53005","2020-2024","2022","Census","MI RANCHITO 1","19 E Western Ave","","Avondale","AZ","85323","MARICOPA","Grocery Store","","","USDA","Maricopa (County, 2022)"
"Census Tract","04013061200","AZ","04013061200","=""04013061200""","55289","2020-2024","2022","Census","Masale Walla 1","501 W Van Buren St","Ste S","Avondale","AZ","85323","MARICOPA","Other","","","USDA","Maricopa (County, 2022)"
"Census Tract","04013082024","AZ","04013082024","=""04013082024""","60634","2020-2024","2022","Census","McDONALD'S  27822","9930 W. McDOWELL ROAD","","AVONDALE","AZ","85392","MARICOPA","Restaurant Meals Program","","","USDA","Maricopa (County, 2022)"
"Census Tract","04013061048","AZ","04013061048","=""04013061048""","118214","2020-2024","2022","Census","McDonald's #24601","13870 W McDowell Rd","","Goodyear","AZ","85395","MARICOPA","Restaurant Meals Program","","","USDA","Maricopa (County, 2022)"
"Census Tract","04013061063","AZ","04013061063","=""04013061063""","60714","2020-2024","2022","Census","3d's Discount Store Llc","13560 W Van Buren St","Ste B103","Goodyear","AZ","85338","MARICOPA","Convenience Store","","","USDA","Maricopa (County, 2022)"
"Census Tract","04013061053","AZ","04013061053","=""04013061053""","59156","2020-2024","2022","Census","7-Eleven 47390A","1025 N Estrella Pkwy","","Goodyear","AZ","85338","MARICOPA","Convenience Store","","","USDA","Maricopa (County, 2022)"
"Census Tract","04013082016","AZ","04013082016","=""04013082016""","98602","2020-2024","2022","Census","7-eleven 42391A","9110 W Thomas Rd","","Phoenix","AZ","85037","MARICOPA","Convenience Store","","","USDA","Maricopa (County, 2022)"
"Census Tract","04013050614","AZ","04013050614","=""04013050614""","116250","2020-2024","2022","Census","ALDI 79152","1361 S Watson Rd","","Buckeye","AZ","85326","MARICOPA","Supermarket","","","USDA","Maricopa (County, 2022)"
"Census Tract","04013061053","AZ","04013061053","=""04013061053""","59156","2020-2024","2022","Census","ALDI 79161","845 N Estrella Pkwy","","Goodyear","AZ","85338","MARICOPA","Supermarket","","","USDA","Maricopa (County, 2022)"
"Census Tract","04013112508","AZ","04013112508","=""04013112508""","66979","2020-2024","2022","Census","ARCO AM/PM 85273","1207 N 75th Ave","","Phoenix","AZ","85043","MARICOPA","Convenience Store","","","USDA","Maricopa (County, 2022)"
"Census Tract","04013109706","AZ","04013109706","=""04013109706""","62813","2020-2024","2022","Census","ARCO AM/PM 85274","6702 W Thomas Rd","","Phoenix","AZ","85033","MARICOPA","Convenience Store","","","USDA","Maricopa (County, 2022)"
"Census Tract","04013050615","AZ","04013050615","=""04013050615""","81104","2020-2024","2022","Census","El Pollo Loco 3598","758 S Watson Rd","","Buckeye","AZ","85326","MARICOPA","Restaurant Meals Program","","","USDA","Maricopa (County, 2022)"
"Census Tract","04013061048","AZ","04013061048","=""04013061048""","118214","2020-2024","2022","Census","El Pollo Loco 3854","13233 W McDowell Rd","","Goodyear","AZ","85395","MARICOPA","Restaurant Meals Program","","","USDA","Maricopa (County, 2022)"
"Census Tract","04013082024","AZ","04013082024","=""04013082024""","60634","2020-2024","2022","Census","El Pollo Loco 3859","10135 W McDowell Rd","","Avondale","AZ","85392","MARICOPA","Restaurant Meals Program","","","USDA","Maricopa (County, 2022)"
"Census Tract","04013109705","AZ","04013109705","=""04013109705""","83681","2020-2024","2022","Census","El Super 19","7502 W Thomas Rd","","Phoenix","AZ","85033","MARICOPA","Supermarket","","","USDA","Maricopa (County, 2022)"
"Census Tract","04013061200","AZ","04013061200","=""04013061200""","55289","2020-2024","2022","Census","FRY'S 112","1575 N Dysart Rd","","Avondale","AZ","85392","MARICOPA","Super Store","","","USDA","Maricopa (County, 2022)"
"Census Tract","04013082205","AZ","04013082205","=""04013082205""","90563","2020-2024","2022","Census","FRY'S 79","2626 S 83rd Ave","","Phoenix","AZ","85043","MARICOPA","Super Store","","","USDA","Maricopa (County, 2022)"
"Census Tract","04013082210","AZ","04013082210","=""04013082210""","82703","2020-2024","2022","Census","FRY'S 89","11425 W Buckeye Rd","","Avondale","AZ","85323","MARICOPA","Super Store","","","USDA","Maricopa (County, 2022)"
"Census Tract","04013082211","AZ","04013082211","=""04013082211""","120241","2020-2024","2022","Census","Family Dollar 11787","12214 W Lower Buckeye Rd","","Avondale","AZ","85353","MARICOPA","Other","","","USDA","Maricopa (County, 2022)"
"Census Tract","04013112508","AZ","04013112508","=""04013112508""","66979","2020-2024","2022","Census","Family Dollar 9117","400 N 67th Ave","","Phoenix","AZ","85043","MARICOPA","Other","","","USDA","Maricopa (County, 2022)"
"Census Tract","04013061200","AZ","04013061200","=""04013061200""","55289","2020-2024","2022","Census","Family Dollar Store 5107","725 N Dysart Rd","","Avondale","AZ","85323","MARICOPA","Other","","","USDA","Maricopa (County, 2022)"
"Census Tract","04013083000","AZ","04013083000","=""04013083000""","59626","2020-2024","2022","Census","Family Dollar Store 6101","9602 W Van Buren St","","Tolleson","AZ","85353","MARICOPA","Other","","","USDA","Maricopa (County, 2022)"
"Census Tract","04013050620","AZ","04013050620","=""04013050620""","116932","2020-2024","2022","Census","Fast Market 4608","1520 N Verrado Way","","Buckeye","AZ","85396","MARICOPA","Convenience Store","","","USDA","Maricopa (County, 2022)"
"Census Tract","04013082211","AZ","04013082211","=""04013082211""","120241","2020-2024","2022","Census","Fiesta Barn Market","12301 W Buckeye Rd","","Avondale","AZ","85323","MARICOPA","Convenience Store","","","USDA","Maricopa (County, 2022)"
"Census Tract","04013050609","AZ","04013050609","=""04013050609""","77857","2020-2024","2022","Census","Firehouse Subs 1068","485 S Watson Rd  Suite 107","","Buckeye","AZ","85326","MARICOPA","Restaurant Meals Program","","","USDA","Maricopa (County, 2022)"
"Census Tract","04013082017","AZ","04013082017","=""04013082017""","103405","2020-2024","2022","Census","Firehouse Subs 1302","9897 W McDowell Rd","Suite 510","Tolleson","AZ","85353","MARICOPA","Restaurant Meals Program","","","USDA","Maricopa (County, 2022)"
"Census Tract","04013061053","AZ","04013061053","=""04013061053""","59156","2020-2024","2022","Census","Firehouse Subs 1482","15525 W Roosevelt St","Suite 111","Goodyear","AZ","85338","MARICOPA","Restaurant Meals Program","","","USDA","Maricopa (County, 2022)"
"Census Tract","04013109801","AZ","04013109801","=""04013109801""","42193","2020-2024","2022","Census","Food City 140","6544 W Thomas Rd","","Phoenix","AZ","85033","MARICOPA","Super Store","","","USDA","Maricopa (County, 2022)"
"Census Tract","04013082009","AZ","04013082009","=""04013082009""","66923","2020-2024","2022","Census","Food City 154","9020 W Thomas Rd","","Phoenix","AZ","85037","MARICOPA","Super Store","","","USDA","Maricopa (County, 2022)"
"Census Tract","04013061402","AZ","04013061402","=""04013061402""","73482","2020-2024","2022","Census","Food City 83","323 E Main St","","Avondale","AZ","85323","MARICOPA","Super Store","","","USDA","Maricopa (County, 2022)"
"Census Tract","04013061200","AZ","04013061200","=""04013061200""","55289","2020-2024","2022","Census","Food City 93","1450 N Dysart Rd","","Avondale","AZ","85335","MARICOPA","Super Store","","","USDA","Maricopa (County, 2022)"
"Census Tract","04013061054","AZ","04013061054","=""04013061054""","99015","2020-2024","2022","Census","Franchise of Federicos Restaurant","2455 N Pebble Creek Pkwy","","Goodyear","AZ","85395","MARICOPA","Restaurant Meals Program","","","USDA","Maricopa (County, 2022)"
"Census Tract","04013050615","AZ","04013050615","=""04013050615""","81104","2020-2024","2022","Census","Fry's 675","1300 S Watson Rd","","Buckeye","AZ","85326","MARICOPA","Super Store","","","USDA","Maricopa (County, 2022)"
"Census Tract","04013061051","AZ","04013061051","=""04013061051""","114409","2020-2024","2022","Census","Fry's 676","16380 W Yuma Rd","","Goodyear","AZ","85338","MARICOPA","Super Store","","","USDA","Maricopa (County, 2022)"
"Census Tract","04013061063","AZ","04013061063","=""04013061063""","60714","2020-2024","2022","Census","Goodyear Food Store 1","13310 W Van Buren St","","Goodyear","AZ","85338","MARICOPA","Convenience Store","","","USDA","Maricopa (County, 2022)"
"Census Tract","04013082024","AZ","04013082024","=""04013082024""","60634","2020-2024","2022","Census","DOLLARTREE 10268","10273 W McDowell Rd","","Avondale","AZ","85392","MARICOPA","Other","","","USDA","Maricopa (County, 2022)"
"Census Tract","04013109705","AZ","04013109705","=""04013109705""","83681","2020-2024","2022","Census","DOLLARTREE 10487","7620 W Thomas Rd","","Phoenix","AZ","85033","MARICOPA","Other","","","USDA","Maricopa (County, 2022)"
"Census Tract","04013112518","AZ","04013112518","=""04013112518""","102463","2020-2024","2022","Census","Del Taco # 1039","7665 W Lower Buckeye Rd","","Phoenix","AZ","85043","MARICOPA","Restaurant Meals Program","","","USDA","Maricopa (County, 2022)"
"Census Tract","04013061200","AZ","04013061200","=""04013061200""","55289","2020-2024","2022","Census","Del Taco # 723","1483 N Dysart Rd","","Avondale","AZ","85323","MARICOPA","Restaurant Meals Program","","","USDA","Maricopa (County, 2022)"
"Census Tract","04013112524","AZ","04013112524","=""04013112524""","52114","2020-2024","2022","Census","Denny's #6556","1401 N 75th Ave","","Phoenix","AZ","85043","MARICOPA","Restaurant Meals Program","","","USDA","Maricopa (County, 2022)"
"Census Tract","04013061064","AZ","04013061064","=""04013061064""","109352","2020-2024","2022","Census","Denny's #6758","1218 N Litchfield Rd","","Goodyear","AZ","85395","MARICOPA","Restaurant Meals Program","","","USDA","Maricopa (County, 2022)"
"Census Tract","04013082213","AZ","04013082213","=""04013082213""","114081","2020-2024","2022","Census","Denny's #9628","9960 W Lower Buckeye Rd","","Tolleson","AZ","85353","MARICOPA","Restaurant Meals Program","","","USDA","Maricopa (County, 2022)"
"Census Tract","04013061051","AZ","04013061051","=""04013061051""","114409","2020-2024","2022","Census","Denny's #9660","16970 W Yuma Rd","","Goodyear","AZ","85338","MARICOPA","Restaurant Meals Program","","","USDA","Maricopa (County, 2022)"
"Census Tract","04013050615","AZ","04013050615","=""04013050615""","81104","2020-2024","2022","Census","Direct To You","24235 W Gibson Ln","","Buckeye","AZ","85326","MARICOPA","Other","","","USDA","Maricopa (County, 2022)"
"Census Tract","04013050615","AZ","04013050615","=""04013050615""","81104","2020-2024","2022","Census","Direct To You","24235 W Gibson Ln","","Buckeye","AZ","85326","MARICOPA","Other","","","USDA","Maricopa (County, 2022)"
"Census Tract","04013061402","AZ","04013061402","=""04013061402""","73482","2020-2024","2022","Census","Dodge City Market","705 E Main St","","Avondale","AZ","85323","MARICOPA","Convenience Store","","","USDA","Maricopa (County, 2022)"
"Census Tract","04013050619","AZ","04013050619","=""04013050619""","156350","2020-2024","2022","Census","Dollar General 19997","1807 N 195th Ave","","Buckeye","AZ","85396","MARICOPA","Other","","","USDA","Maricopa (County, 2022)"
"Census Tract","04013082023","AZ","04013082023","=""04013082023""","106620","2020-2024","2022","Census","Dollar General 7345","10725 W Thomas Rd","","Avondale","AZ","85392","MARICOPA","Other","","","USDA","Maricopa (County, 2022)"
"Census Tract","04013061200","AZ","04013061200","=""04013061200""","55289","2020-2024","2022","Census","Dollar Tree 2680","1533 N Dysart Rd","","Avondale","AZ","85392","MARICOPA","Other","","","USDA","Maricopa (County, 2022)"
"Census Tract","04013061300","AZ","04013061300","=""04013061300""","75268","2020-2024","2022","Census","Dollar Tree 2974","1126 S Litchfield Rd","","Goodyear","AZ","85338","MARICOPA","Other","","","USDA","Maricopa (County, 2022)"
"Census Tract","04013082204","AZ","04013082204","=""04013082204""","102057","2020-2024","2022","Census","Dollar Tree 3591","9820 W Lower Buckeye Rd","Ste 115","Tolleson","AZ","85353","MARICOPA","Other","","","USDA","Maricopa (County, 2022)"
"Census Tract","04013050615","AZ","04013050615","=""04013050615""","81104","2020-2024","2022","Census","Dollar Tree 4606","860 S Watson Rd","Ste. 101","Buckeye","AZ","85326","MARICOPA","Other","","","USDA","Maricopa (County, 2022)"
"Census Tract","04013112523","AZ","04013112523","=""04013112523""","53159","2020-2024","2022","Census","Dollar Tree 5005","2020 N 75th Ave","Ste 101","Phoenix","AZ","85035","MARICOPA","Other","","","USDA","Maricopa (County, 2022)"
"Census Tract","04013061051","AZ","04013061051","=""04013061051""","114409","2020-2024","2022","Census","Dollar Tree 5048","805 S Cotton Ln","","Goodyear","AZ","85338","MARICOPA","Other","","","USDA","Maricopa (County, 2022)"
"Census Tract","04013061063","AZ","04013061063","=""04013061063""","60714","2020-2024","2022","Census","Dollar Tree 8427","390 N Litchfield Rd","","Goodyear","AZ","85338","MARICOPA","Other","","","USDA","Maricopa (County, 2022)"
"Census Tract","04013109703","AZ","04013109703","=""04013109703""","57090","2020-2024","2022","Census","Taco Bell 32735","7449 W Indian School Rd","","Phoenix","AZ","85033","MARICOPA","Restaurant Meals Program","","","USDA","Maricopa (County, 2022)"
"Census Tract","04013092600","AZ","04013092600","=""04013092600""","53846","2020-2024","2022","Census","V S Beer And Vine 1","6448 W Glendale Ave","","Glendale","AZ","85301","MARICOPA","Convenience Store","","","USDA","Maricopa (County, 2022)"
"Census Tract","04013092718","AZ","04013092718","=""04013092718""","77417","2020-2024","2022","Census","Walgreens 01969","6006 N 67th Ave","","Glendale","AZ","85301","MARICOPA","Other","","","USDA","Maricopa (County, 2022)"
"Census Tract","04013092705","AZ","04013092705","=""04013092705""","62871","2020-2024","2022","Census","Walmart 3314","7450 W GLENDALE AVE","","GLENDALE","AZ","85303","MARICOPA","Super Store","","","USDA","Maricopa (County, 2022)"
"Census Tract","04013109602","AZ","04013109602","=""04013109602""","73266","2020-2024","2022","Census","One Stop Market and Service Center","6702 W Indian School Rd","","Phoenix","AZ","85033","MARICOPA","Convenience Store","","","USDA","Maricopa (County, 2022)"
"Census Tract","04013092801","AZ","04013092801","=""04013092801""","57434","2020-2024","2022","Census","Patrick Dollar Store LLC","6409 W Glendale Ave","Ste F","Glendale","AZ","85301","MARICOPA","Convenience Store","","","USDA","Maricopa (County, 2022)"
"Census Tract","04013109801","AZ","04013109801","=""04013109801""","42193","2020-2024","2022","Census","Pizza Hut #26997","6601 W Indian School Rd","Ste 4","Phoenix","AZ","85033","MARICOPA","Restaurant Meals Program","","","USDA","Maricopa (County, 2022)"
"Census Tract","04013092802","AZ","04013092802","=""04013092802""","53444","2020-2024","2022","Census","Pizza Hut 26995","6650 W Bethany Home Rd","","Glendale","AZ","85301","MARICOPA","Restaurant Meals Program","","","USDA","Maricopa (County, 2022)"
"Census Tract","04013092705","AZ","04013092705","=""04013092705""","62871","2020-2024","2022","Census","QuikTrip 470","6702 W Glendale Ave","","Glendale","AZ","85303","MARICOPA","Convenience Store","","","USDA","Maricopa (County, 2022)"
"Census Tract","04013109703","AZ","04013109703","=""04013109703""","57090","2020-2024","2022","Census","QuikTrip 481","3855 N 75th Ave","","Phoenix","AZ","85033","MARICOPA","Convenience Store","","","USDA","Maricopa (County, 2022)"
"Census Tract","04013092715","AZ","04013092715","=""04013092715""","76736","2020-2024","2022","Census","Shell 31","6705 W Bethany Home Rd","","Glendale","AZ","85303","MARICOPA","Convenience Store","","","USDA","Maricopa (County, 2022)"
"Census Tract","04013109603","AZ","04013109603","=""04013109603""","81831","2020-2024","2022","Census","Shergill Arco AMPM 82468","7502 W Indian School Rd","","Phoenix","AZ","85033","MARICOPA","Convenience Store","","","USDA","Maricopa (County, 2022)"
"Census Tract","04013071510","AZ","04013071510","=""04013071510""","131118","2020-2024","2022","Census","Simon Stores Corporation","6730 W Cactus Rd","","Peoria","AZ","85381","MARICOPA","Convenience Store","","","USDA","Maricopa (County, 2022)"
"Census Tract","04013092600","AZ","04013092600","=""04013092600""","53846","2020-2024","2022","Census","Sng Liquor Llc","5928 W Glendale Ave","","Glendale","AZ","85301","MARICOPA","Convenience Store","","","USDA","Maricopa (County, 2022)"
"Census Tract","04013109707","AZ","04013109707","=""04013109707""","44804","2020-2024","2022","Census","Star K 76","6701 W Indian School Rd","","Phoenix","AZ","85033","MARICOPA","Convenience Store","","","USDA","Maricopa (County, 2022)"
"Census Tract","04013092715","AZ","04013092715","=""04013092715""","76736","2020-2024","2022","Census","Stop In Market","5710 N 67th Ave","","Glendale","AZ","85301","MARICOPA","Convenience Store","","","USDA","Maricopa (County, 2022)"
"Census Tract","04013092718","AZ","04013092718","=""04013092718""","77417","2020-2024","2022","Census","Subway","6030 N 67th Ave","","Glendale","AZ","85301","MARICOPA","Restaurant Meals Program","","","USDA","Maricopa (County, 2022)"
"Census Tract","04013092802","AZ","04013092802","=""04013092802""","53444","2020-2024","2022","Census","Super Carniceria El Gran Gallito","6311 W Maryland Ave","","Glendale","AZ","85301","MARICOPA","Grocery Store","","","USDA","Maricopa (County, 2022)"
"Census Tract","04013093105","AZ","04013093105","=""04013093105""","60117","2020-2024","2022","Census","Super Carniceria Uruapan","5821 N 67th Ave","Ste 112","Glendale","AZ","85301","MARICOPA","Grocery Store","","","USDA","Maricopa (County, 2022)"
"Census Tract","04013092716","AZ","04013092716","=""04013092716""","71118","2020-2024","2022","Census","T and Y Hawaiian BBQ","6756 W Camelback Rd","","Glendale","AZ","85303","MARICOPA","Restaurant Meals Program","","","USDA","Maricopa (County, 2022)"
"Census Tract","04013104222","AZ","04013104222","=""04013104222""","79800","2020-2024","2022","Census","Burger King  #5208","6698 W Peoria Ave","","Glendale","AZ","85304","MARICOPA","Restaurant Meals Program","","","USDA","Maricopa (County, 2022)"
"Census Tract","04013092705","AZ","04013092705","=""04013092705""","62871","2020-2024","2022","Census","Burger King # 11894","7490 W Glendale Ave","","Glendale","AZ","85303","MARICOPA","Restaurant Meals Program","","","USDA","Maricopa (County, 2022)"
"Census Tract","04013109703","AZ","04013109703","=""04013109703""","57090","2020-2024","2022","Census","Burger King # 26679","7405 W Indian School Rd","","Phoenix","AZ","85033","MARICOPA","Restaurant Meals Program","","","USDA","Maricopa (County, 2022)"
"Census Tract","04013092312","AZ","04013092312","=""04013092312""","50540","2020-2024","2022","Census","C.m.t.g Inc","6108 W Northern Ave","","Glendale","AZ","85301","MARICOPA","Convenience Store","","","USDA","Maricopa (County, 2022)"
"Census Tract","04013109703","AZ","04013109703","=""04013109703""","57090","2020-2024","2022","Census","Carniceria La Hacienda","7215 W Indian School Rd","","Phoenix","AZ","85033","MARICOPA","Grocery Store","","","USDA","Maricopa (County, 2022)"
"Census Tract","04013109703","AZ","04013109703","=""04013109703""","57090","2020-2024","2022","Census","Carniceria Mi Guadalajara","7355 W Indian School Rd","","Phoenix","AZ","85033","MARICOPA","Grocery Store","","","USDA","Maricopa (County, 2022)"
"Census Tract","04013092600","AZ","04013092600","=""04013092600""","53846","2020-2024","2022","Census","Circle K 2700041","6002 NW Grand Ave","","Glendale","AZ","85301","MARICOPA","Convenience Store","","","USDA","Maricopa (County, 2022)"
"Census Tract","04013092717","AZ","04013092717","=""04013092717""","56406","2020-2024","2022","Census","Circle K 2706659","6937 N 75th Ave","","Glendale","AZ","85303","MARICOPA","Convenience Store","","","USDA","Maricopa (County, 2022)"
"Census Tract","04013092705","AZ","04013092705","=""04013092705""","62871","2020-2024","2022","Census","Hungry Howie's #1830","7448 W Glendale Ave","Ste 106","Glendale","AZ","85303","MARICOPA","Restaurant Meals Program","","","USDA","Maricopa (County, 2022)"
"Census Tract","04013109603","AZ","04013109603","=""04013109603""","81831","2020-2024","2022","Census","Jack in The Box #1154","7510 W Indian School Rd","","Phoenix","AZ","85033","MARICOPA","Restaurant Meals Program","","","USDA","Maricopa (County, 2022)"
"Census Tract","04013109707","AZ","04013109707","=""04013109707""","44804","2020-2024","2022","Census","LA HEREFORD ROMAN","4002 N 67th Ave","Ste 2","Phoenix","AZ","85033","MARICOPA","Grocery Store","","","USDA","Maricopa (County, 2022)"
"Census Tract","04013109602","AZ","04013109602","=""04013109602""","73266","2020-2024","2022","Census","Lam's Supermarket","6740 W Indian School Rd","","Phoenix","AZ","85033","MARICOPA","Supermarket","","","USDA","Maricopa (County, 2022)"
"Census Tract","04013071910","AZ","04013071910","=""04013071910""","62750","2020-2024","2022","Census","Lee Lee Oriental Supermarket","7575 W Cactus Rd","","Peoria","AZ","85381","MARICOPA","Super Store","","","USDA","Maricopa (County, 2022)"
"Census Tract","04013109603","AZ","04013109603","=""04013109603""","81831","2020-2024","2022","Census","Libertad La Cubana Tienda Latina","7614 W Indian School Rd","Ste D7","Phoenix","AZ","85033","MARICOPA","Other","","","USDA","Maricopa (County, 2022)"
"Census Tract","04013092716","AZ","04013092716","=""04013092716""","71118","2020-2024","2022","Census","Los Altos Ranch Market 4","6730 W Camelback Rd","","Glendale","AZ","85303","MARICOPA","Super Store","","","USDA","Maricopa (County, 2022)"
"Census Tract","04013092718","AZ","04013092718","=""04013092718""","77417","2020-2024","2022","Census","Love Hawaiian BBQ","6002 N 67th Ave","","Glendale","AZ","85301","MARICOPA","Restaurant Meals Program","","","USDA","Maricopa (County, 2022)"
"Census Tract","04013092716","AZ","04013092716","=""04013092716""","71118","2020-2024","2022","Census","McDonald's #2709","6762 W Camelback Rd","","Glendale","AZ","85303","MARICOPA","Restaurant Meals Program","","","USDA","Maricopa (County, 2022)"
"Census Tract","04013092600","AZ","04013092600","=""04013092600""","53846","2020-2024","2022","Census","3d's Discount Store","6550 W Glendale Ave","Ste 8","Glendale","AZ","85301","MARICOPA","Grocery Store","","","USDA","Maricopa (County, 2022)"
"Census Tract","04013092802","AZ","04013092802","=""04013092802""","53444","2020-2024","2022","Census","63rd Ave Convenience Store Retail","6305 W Maryland Ave","","Glendale","AZ","85301","MARICOPA","Convenience Store","","","USDA","Maricopa (County, 2022)"
"Census Tract","04013109602","AZ","04013109602","=""04013109602""","73266","2020-2024","2022","Census","7-Eleven 16082F","4831 N 75th Ave","","Phoenix","AZ","85033","MARICOPA","Convenience Store","","","USDA","Maricopa (County, 2022)"
"Census Tract","04013109604","AZ","04013109604","=""04013109604""","69712","2020-2024","2022","Census","7-Eleven 27518E","4840 N 67th Ave","","Phoenix","AZ","85033","MARICOPA","Convenience Store","","","USDA","Maricopa (County, 2022)"
"Census Tract","04013092802","AZ","04013092802","=""04013092802""","53444","2020-2024","2022","Census","A1 Food & Liquor","6514 W Bethany Home Rd","","Glendale","AZ","85301","MARICOPA","Convenience Store","","","USDA","Maricopa (County, 2022)"
"Census Tract","04013092711","AZ","04013092711","=""04013092711""","74536","2020-2024","2022","Census","Amigo's Market 1","7536 W Glendale Ave","","Glendale","AZ","85303","MARICOPA","Convenience Store","","","USDA","Maricopa (County, 2022)"
"Census Tract","04013109703","AZ","04013109703","=""04013109703""","57090","2020-2024","2022","Census","Bescadria Mi Guaymas 1","7223 W Indian School Rd","Ste A103","Phoenix","AZ","85033","MARICOPA","Grocery Store","","","USDA","Maricopa (County, 2022)"
"Census Tract","04013109801","AZ","04013109801","=""04013109801""","42193","2020-2024","2022","Census","El Pollo Loco #3756","6535 W Indian School Rd","","Phoenix","AZ","85033","MARICOPA","Restaurant Meals Program","","","USDA","Maricopa (County, 2022)"
"Census Tract","04013092718","AZ","04013092718","=""04013092718""","77417","2020-2024","2022","Census","FRY'S 11","6710 W Bethany Home Rd","","Glendale","AZ","85303","MARICOPA","Super Store","","","USDA","Maricopa (County, 2022)"
"Census Tract","04013109801","AZ","04013109801","=""04013109801""","42193","2020-2024","2022","Census","FRY'S 126","6601 W Indian School Rd","","Phoenix","AZ","85033","MARICOPA","Super Store","","","USDA","Maricopa (County, 2022)"
"Census Tract","04013104215","AZ","04013104215","=""04013104215""","97146","2020-2024","2022","Census","FRY'S 625","6611 W Bell Rd","","Glendale","AZ","85308","MARICOPA","Super Store","","","USDA","Maricopa (County, 2022)"
"Census Tract","04013109602","AZ","04013109602","=""04013109602""","73266","2020-2024","2022","Census","Family Dollar 11626","6868 W Indian School Rd","","Phoenix","AZ","85033","MARICOPA","Other","","","USDA","Maricopa (County, 2022)"
"Census Tract","04013092705","AZ","04013092705","=""04013092705""","62871","2020-2024","2022","Census","Family Dollar Store 7904","6744 W Glendale Ave","Ste 155","Glendale","AZ","85303","MARICOPA","Other","","","USDA","Maricopa (County, 2022)"
"Census Tract","04013093200","AZ","04013093200","=""04013093200""","55759","2020-2024","2022","Census","Fast Market 4607","6701 W Olive Ave","","Peoria","AZ","85345","MARICOPA","Convenience Store","","","USDA","Maricopa (County, 2022)"
"Census Tract","04013092717","AZ","04013092717","=""04013092717""","56406","2020-2024","2022","Census","Grand Stop 4","6707 W Glendale Ave","","Glendale","AZ","85303","MARICOPA","Convenience Store","","","USDA","Maricopa (County, 2022)"
"Census Tract","04013071511","AZ","04013071511","=""04013071511""","95231","2020-2024","2022","Census","DOLLARTREE 10063","6773 W Bell Rd","","Glendale","AZ","85308","MARICOPA","Other","","","USDA","Maricopa (County, 2022)"
"Census Tract","04013109602","AZ","04013109602","=""04013109602""","73266","2020-2024","2022","Census","DQ 13747","4809 N 75th Ave","","Phoenix","AZ","85033","MARICOPA","Restaurant Meals Program","","","USDA","Maricopa (County, 2022)"
"Census Tract","04013092801","AZ","04013092801","=""04013092801""","57434","2020-2024","2022","Census","Dollar Dealz","6642 W. Maryland Ave","","Glendale","AZ","85301","MARICOPA","Convenience Store","","","USDA","Maricopa (County, 2022)"
"Census Tract","04013071903","AZ","04013071903","=""04013071903""","82544","2020-2024","2022","Census","Dollar Tree 3467","6750 W Peoria Ave","Ste 126F","Peoria","AZ","85345","MARICOPA","Other","","","USDA","Maricopa (County, 2022)"
"Census Tract","04013092716","AZ","04013092716","=""04013092716""","71118","2020-2024","2022","Census","Dollar Tree 5120","6750 W Camelback Rd","Ste 102","Glendale","AZ","85303","MARICOPA","Other","","","USDA","Maricopa (County, 2022)"
"Census Tract","04013071911","AZ","04013071911","=""04013071911""","89514","2020-2024","2022","Census","Dons NY Pizza","7539 W Peoria Ave","B104","Peoria","AZ","85345","MARICOPA","Restaurant Meals Program","","","USDA","Maricopa (County, 2022)"
"Census Tract","04013092802","AZ","04013092802","=""04013092802""","53444","2020-2024","2022","Census","Easy Stop Corner Market","6010 W Bethany Home Rd","","Glendale","AZ","85301","MARICOPA","Convenience Store","","","USDA","Maricopa (County, 2022)"
"Census Tract","04013092600","AZ","04013092600","=""04013092600""","53846","2020-2024","2022","Census","Bushe African Market","5949 West Northern Ave","Suite 107","Glendale","AZ","85301","MARICOPA","Convenience Store","","","USDA","Maricopa (County, 2022)"
"Census Tract","04013082021","AZ","04013082021","=""04013082021""","117895","2020-2024","2022","Census","Tortas Paquime","10565 W Indian School Rd","Suite 1","Avondale","AZ","85392","MARICOPA","Restaurant Meals Program","","","USDA","Maricopa (County, 2022)"
"Census Tract","04013082019","AZ","04013082019","=""04013082019""","118125","2020-2024","2022","Census","Walgreens 03387","10705 W Indian School Rd","","Avondale","AZ","85392","MARICOPA","Other","","","USDA","Maricopa (County, 2022)"
"Census Tract","04013061020","AZ","04013061020","=""04013061020""","130972","2020-2024","2022","Census","Walgreens 03657","3361 N Litchfield Rd","","Goodyear","AZ","85395","MARICOPA","Other","","","USDA","Maricopa (County, 2022)"
"Census Tract","04013082008","AZ","04013082008","=""04013082008""","78691","2020-2024","2022","Census","Walgreens 05668","8301 W Camelback Rd","","Phoenix","AZ","85037","MARICOPA","Other","","","USDA","Maricopa (County, 2022)"
"Census Tract","04013092710","AZ","04013092710","=""04013092710""","108750","2020-2024","2022","Census","Walgreens 5775","8309 W Glendale Ave","","Glendale","AZ","85305","MARICOPA","Other","","","USDA","Maricopa (County, 2022)"
"Census Tract","04013061011","AZ","04013061011","=""04013061011""","120903","2020-2024","2022","Census","Walgreens 7582","13014 W Camelback Rd","","Litchfield Park","AZ","85340","MARICOPA","Other","","","USDA","Maricopa (County, 2022)"
"Census Tract","04013092720","AZ","04013092720","=""04013092720""","76051","2020-2024","2022","Census","Walmart 3465","5010 N 95TH AVE","","GLENDALE","AZ","85305","MARICOPA","Super Store","","","USDA","Maricopa (County, 2022)"
"Census Tract","04013061020","AZ","04013061020","=""04013061020""","130972","2020-2024","2022","Census","Walmart 3604","14200 W INDIAN SCHOOL RD","","GOODYEAR","AZ","85395","MARICOPA","Super Store","","","USDA","Maricopa (County, 2022)"
"Census Tract","04013061018","AZ","04013061018","=""04013061018""","82314","2020-2024","2022","Census","McDonald's #39809","16280 W Indianola Ave","","Goodyear","AZ","85395","MARICOPA","Restaurant Meals Program","","","USDA","Maricopa (County, 2022)"
"Census Tract","04013061046","AZ","04013061046","=""04013061046""","77535","2020-2024","2022","Census","Mobil Food Mart","6904 N Dysart Rd","","Glendale","AZ","85307","MARICOPA","Convenience Store","","","USDA","Maricopa (County, 2022)"
"Census Tract","04013082008","AZ","04013082008","=""04013082008""","78691","2020-2024","2022","Census","Mobile Mart A","8316 W Indian School Rd","","Phoenix","AZ","85037","MARICOPA","Convenience Store","","","USDA","Maricopa (County, 2022)"
"Census Tract","04013082021","AZ","04013082021","=""04013082021""","117895","2020-2024","2022","Census","Mukhi Shah 1020","3925 N 107th Ave","","Avondale","AZ","85323","MARICOPA","Convenience Store","","","USDA","Maricopa (County, 2022)"
"Census Tract","04013061020","AZ","04013061020","=""04013061020""","130972","2020-2024","2022","Census","Off The Hook Meat Shop LLC","14960 W Indian School Rd","Ste 380","Goodyear","AZ","85395","MARICOPA","Grocery Store","","","USDA","Maricopa (County, 2022)"
"Census Tract","04013082008","AZ","04013082008","=""04013082008""","78691","2020-2024","2022","Census","Papa Johns #2605","4840 N 83rd Ave","Ste 2","Phoenix","AZ","85033","MARICOPA","Restaurant Meals Program","","","USDA","Maricopa (County, 2022)"
"Census Tract","04013109702","AZ","04013109702","=""04013109702""","66065","2020-2024","2022","Census","Pizza Hut #26996","8225 W Indian School Rd","","Phoenix","AZ","85033","MARICOPA","Restaurant Meals Program","","","USDA","Maricopa (County, 2022)"
"Census Tract","04013092712","AZ","04013092712","=""04013092712""","81379","2020-2024","2022","Census","QuikTrip 1444","8251 W Glendale Ave","","Glendale","AZ","85303","MARICOPA","Convenience Store","","","USDA","Maricopa (County, 2022)"
"Census Tract","04013092720","AZ","04013092720","=""04013092720""","76051","2020-2024","2022","Census","QuikTrip 448","9910 W Camelback Rd","","Glendale","AZ","85307","MARICOPA","Convenience Store","","","USDA","Maricopa (County, 2022)"
"Census Tract","04013082016","AZ","04013082016","=""04013082016""","98602","2020-2024","2022","Census","QuikTrip 487","9120 W Indian School Rd","","Phoenix","AZ","85037","MARICOPA","Convenience Store","","","USDA","Maricopa (County, 2022)"
"Census Tract","04013092713","AZ","04013092713","=""04013092713""","96264","2020-2024","2022","Census","Quikfill","8296 W Camelback Rd","","Glendale","AZ","85303","MARICOPA","Convenience Store","","","USDA","Maricopa (County, 2022)"
"Census Tract","04013109601","AZ","04013109601","=""04013109601""","48074","2020-2024","2022","Census","SAFEWAY  1654","4811 N 83rd Ave","","Phoenix","AZ","85033","MARICOPA","Supermarket","","","USDA","Maricopa (County, 2022)"
"Census Tract","04013061020","AZ","04013061020","=""04013061020""","130972","2020-2024","2022","Census","SAFEWAY 1511","14175 W Indian School Rd Ste B1","","Goodyear","AZ","85395","MARICOPA","Supermarket","","","USDA","Maricopa (County, 2022)"
"Census Tract","04013092710","AZ","04013092710","=""04013092710""","108750","2020-2024","2022","Census","SUBWAY 23480","8345 W Glendale Ave","Ste 101","Glendale","AZ","85305","MARICOPA","Restaurant Meals Program","","","USDA","Maricopa (County, 2022)"
"Census Tract","04013092709","AZ","04013092709","=""04013092709""","104926","2020-2024","2022","Census","Shell 91","9060 W Northern Ave","","Glendale","AZ","85305","MARICOPA","Convenience Store","","","USDA","Maricopa (County, 2022)"
"Census Tract","04013061014","AZ","04013061014","=""04013061014""","71811","2020-2024","2022","Census","Simon Xpress Pizza DBA Hungry Howie's # 1824","12725 W Indian School Rd","Ste B102","Avondale","AZ","85392","MARICOPA","Restaurant Meals Program","","","USDA","Maricopa (County, 2022)"
"Census Tract","04013061031","AZ","04013061031","=""04013061031""","114401","2020-2024","2022","Census","Sprouts Farmers Market 46","13650 N Prasada Pkwy","","Surprise","AZ","85388","MARICOPA","Supermarket","","","USDA","Maricopa (County, 2022)"
"Census Tract","04013092721","AZ","04013092721","=""04013092721""","144808","2020-2024","2022","Census","Stadium Chevron 210140","9031 W Northern Ave","","Glendale","AZ","85305","MARICOPA","Convenience Store","","","USDA","Maricopa (County, 2022)"
"Census Tract","04013092708","AZ","04013092708","=""04013092708""","72887","2020-2024","2022","Census","Starcorp LLC dba Carls Jr 1101453","9360 W Northern Ave","","Peoria","AZ","85345","MARICOPA","Restaurant Meals Program","","","USDA","Maricopa (County, 2022)"
"Census Tract","04013092720","AZ","04013092720","=""04013092720""","76051","2020-2024","2022","Census","Starcorp LLC dba Carls Jr 8357","6706 N 95th Ave","","Glendale","AZ","85305","MARICOPA","Restaurant Meals Program","","","USDA","Maricopa (County, 2022)"
"Census Tract","04013061037","AZ","04013061037","=""04013061037""","116693","2020-2024","2022","Census","Subway","15423 W Waddell Rd","Ste 105","Surprise","AZ","85379","MARICOPA","Restaurant Meals Program","","","USDA","Maricopa (County, 2022)"
"Census Tract","04013061056","AZ","04013061056","=""04013061056""","134527","2020-2024","2022","Census","Blue Sky Farm Store","4762 N 189th Ave","","Litchfield Park","AZ","85340","MARICOPA","Farmers and Markets","","Pinnacle Prevention Corporation","USDA","Maricopa (County, 2022)"
"Census Tract","04013061020","AZ","04013061020","=""04013061020""","130972","2020-2024","2022","Census","Burger King # 16060","3490 N Litchfield Rd","","Goodyear","AZ","85395","MARICOPA","Restaurant Meals Program","","","USDA","Maricopa (County, 2022)"
"Census Tract","04013061040","AZ","04013061040","=""04013061040""","92684","2020-2024","2022","Census","Burger King # 23211","13775 N Dysart Rd","","El Mirage","AZ","85335","MARICOPA","Restaurant Meals Program","","","USDA","Maricopa (County, 2022)"
"Census Tract","04013061038","AZ","04013061038","=""04013061038""","102957","2020-2024","2022","Census","Burger King # 23225","14719 W Cactus Rd","","Surprise","AZ","85379","MARICOPA","Restaurant Meals Program","","","USDA","Maricopa (County, 2022)"
"Census Tract","04013050619","AZ","04013050619","=""04013050619""","156350","2020-2024","2022","Census","Burger King # 25466","19590 W Indian School Rd","","Buckeye","AZ","85396","MARICOPA","Restaurant Meals Program","","","USDA","Maricopa (County, 2022)"
"Census Tract","04013071801","AZ","04013071801","=""04013071801""","46109","2020-2024","2022","Census","Burger King # 25542","10243 Grand Ave","","Sun City","AZ","85351","MARICOPA","Restaurant Meals Program","","","USDA","Maricopa (County, 2022)"
"Census Tract","04013092720","AZ","04013092720","=""04013092720""","76051","2020-2024","2022","Census","Burger King #14749","9680 W Camelback Rd","","Glendale","AZ","85305","MARICOPA","Restaurant Meals Program","","","USDA","Maricopa (County, 2022)"
"Census Tract","04013061013","AZ","04013061013","=""04013061013""","111827","2020-2024","2022","Census","Burger King #25002","12309 W Camelback Rd","","Litchfield Park","AZ","85340","MARICOPA","Restaurant Meals Program","","","USDA","Maricopa (County, 2022)"
"Census Tract","04013060801","AZ","04013060801","=""04013060801""","50428","2020-2024","2022","Census","Burger King #5915","12601 W Bell Rd","","Surprise","AZ","85375","MARICOPA","Restaurant Meals Program","","","USDA","Maricopa (County, 2022)"
"Census Tract","04013071505","AZ","04013071505","=""04013071505""","52022","2020-2024","2022","Census","Butcher Bob's Inc","11663 W Bell Rd","Ste 2","Surprise","AZ","85374","MARICOPA","Specialty Store","","","USDA","Maricopa (County, 2022)"
"Census Tract","04013071906","AZ","04013071906","=""04013071906""","63632","2020-2024","2022","Census","CARNICERIA SONORA 3","8287 W Washington St","","Peoria","AZ","85345","MARICOPA","Grocery Store","","","USDA","Maricopa (County, 2022)"
"Census Tract","04013092720","AZ","04013092720","=""04013092720""","76051","2020-2024","2022","Census","CIRCLE K 2709542","10725 W Northern Ave","","Glendale","AZ","85307","MARICOPA","Convenience Store","","","USDA","Maricopa (County, 2022)"
"Census Tract","04013061031","AZ","04013061031","=""04013061031""","114401","2020-2024","2022","Census","CIRCLE K 2709576","16934 W Wadell Rd","","Surprise","AZ","85388","MARICOPA","Convenience Store","","","USDA","Maricopa (County, 2022)"
"Census Tract","04013050618","AZ","04013050618","=""04013050618""","161096","2020-2024","2022","Census","CVS Pharmacy 1716","21087 W Main St","","Buckeye","AZ","85396","MARICOPA","Other","","","USDA","Maricopa (County, 2022)"
"Census Tract","04013061010","AZ","04013061010","=""04013061010""","126266","2020-2024","2022","Census","CVS Pharmacy 5791","4890 N Litchfield Rd","","Litchfield Park","AZ","85340","MARICOPA","Other","","","USDA","Maricopa (County, 2022)"
"Census Tract","04013071515","AZ","04013071515","=""04013071515""","84545","2020-2024","2022","Census","CVS Pharmacy 69","8332 W Thunderbird Rd","","Peoria","AZ","85381","MARICOPA","Other","","","USDA","Maricopa (County, 2022)"
"Census Tract","04013082012","AZ","04013082012","=""04013082012""","89246","2020-2024","2022","Census","CVS Pharmacy 7263","10707 W Camelback Rd","","Phoenix","AZ","85037","MARICOPA","Other","","","USDA","Maricopa (County, 2022)"
"Census Tract","04013061045","AZ","04013061045","=""04013061045""","127026","2020-2024","2022","Census","Carioca Shell 4","15112 W Camelback Rd","","Litchfield Park","AZ","85340","MARICOPA","Convenience Store","","","USDA","Maricopa (County, 2022)"
"Census Tract","04013061013","AZ","04013061013","=""04013061013""","111827","2020-2024","2022","Census","Carl's Jr. #1103100","13025 W Camelback Rd","","Litchfield Park","AZ","85340","MARICOPA","Restaurant Meals Program","","","USDA","Maricopa (County, 2022)"
"Census Tract","04013082012","AZ","04013082012","=""04013082012""","89246","2020-2024","2022","Census","Carniceria La Herradura","10720 W Indian School Rd","Ste 58","Phoenix","AZ","85037","MARICOPA","Grocery Store","","","USDA","Maricopa (County, 2022)"
"Census Tract","04013060901","AZ","04013060901","=""04013060901""","71467","2020-2024","2022","Census","Carniceria Sahuayo LLC","12465 NW Grand Ave","","El Mirage","AZ","85335","MARICOPA","Grocery Store","","","USDA","Maricopa (County, 2022)"
"Census Tract","04013060801","AZ","04013060801","=""04013060801""","50428","2020-2024","2022","Census","Cindy's Mini Market 1","12865 W Grand Ave","","Surprise","AZ","85374","MARICOPA","Convenience Store","","","USDA","Maricopa (County, 2022)"
"Census Tract","04013061046","AZ","04013061046","=""04013061046""","77535","2020-2024","2022","Census","Circle K 2701908","13843 W Glendale Ave","","Glendale","AZ","85307","MARICOPA","Convenience Store","","","USDA","Maricopa (County, 2022)"
"Census Tract","04013061011","AZ","04013061011","=""04013061011""","120903","2020-2024","2022","Census","Circle K 2703477","13051 W Glendale Ave","","Glendale","AZ","85307","MARICOPA","Convenience Store","","","USDA","Maricopa (County, 2022)"
"Census Tract","04013109702","AZ","04013109702","=""04013109702""","66065","2020-2024","2022","Census","Circle K 2705409","8249 W Indian School Rd","","Phoenix","AZ","85033","MARICOPA","Convenience Store","","","USDA","Maricopa (County, 2022)"
"Census Tract","04013082016","AZ","04013082016","=""04013082016""","98602","2020-2024","2022","Census","Circle K 2705578","9875 W Camelback Rd","","Phoenix","AZ","85037","MARICOPA","Convenience Store","","","USDA","Maricopa (County, 2022)"
"Census Tract","04013092710","AZ","04013092710","=""04013092710""","108750","2020-2024","2022","Census","Circle K 2705766","6972 N 83rd Ave","","Glendale","AZ","85303","MARICOPA","Convenience Store","","","USDA","Maricopa (County, 2022)"
"Census Tract","04013071909","AZ","04013071909","=""04013071909""","59545","2020-2024","2022","Census","Circle K 2706468","9476 W Olive Ave","","Peoria","AZ","85345","MARICOPA","Convenience Store","","","USDA","Maricopa (County, 2022)"
"Census Tract","04013109601","AZ","04013109601","=""04013109601""","48074","2020-2024","2022","Census","Circle K 2708597","4849 N 83rd Ave","","Phoenix","AZ","85033","MARICOPA","Convenience Store","","","USDA","Maricopa (County, 2022)"
"Census Tract","04013082012","AZ","04013082012","=""04013082012""","89246","2020-2024","2022","Census","Circle K 2709154","10712 W Indian School Rd","","Phoenix","AZ","85037","MARICOPA","Convenience Store","","","USDA","Maricopa (County, 2022)"
"Census Tract","04013617600","AZ","04013617600","=""04013617600""","76219","2020-2024","2022","Census","Circle K 2709155","8702 W Bell Rd","","Peoria","AZ","85382","MARICOPA","Convenience Store","","","USDA","Maricopa (County, 2022)"
"Census Tract","04013082016","AZ","04013082016","=""04013082016""","98602","2020-2024","2022","Census","Circle K 2709190","4930 N 91st Ave","","Phoenix","AZ","85037","MARICOPA","Convenience Store","","","USDA","Maricopa (County, 2022)"
"Census Tract","04013061013","AZ","04013061013","=""04013061013""","111827","2020-2024","2022","Census","Circle K Store 2741705","13012 W Indian School Rd","","Litchfield Park","AZ","85340","MARICOPA","Convenience Store","","","USDA","Maricopa (County, 2022)"
"Census Tract","04013061040","AZ","04013061040","=""04013061040""","92684","2020-2024","2022","Census","Corner Store 2741669","13777 N Dysart Rd","","El Mirage","AZ","85335","MARICOPA","Convenience Store","","","USDA","Maricopa (County, 2022)"
"Census Tract","04013050619","AZ","04013050619","=""04013050619""","156350","2020-2024","2022","Census","Jack In The Box #1632","19395 W Indian School Rd","","Litchfield Park","AZ","85340","MARICOPA","Restaurant Meals Program","","","USDA","Maricopa (County, 2022)"
"Census Tract","04013082002","AZ","04013082002","=""04013082002""","66571","2020-2024","2022","Census","Jack in The Box #1514","9920 W Indian School Rd","","Phoenix","AZ","85037","MARICOPA","Restaurant Meals Program","","","USDA","Maricopa (County, 2022)"
"Census Tract","04013109601","AZ","04013109601","=""04013109601""","48074","2020-2024","2022","Census","Jack in The Box #1517","8225 W Camelback Rd","","Phoenix","AZ","85033","MARICOPA","Restaurant Meals Program","","","USDA","Maricopa (County, 2022)"
"Census Tract","04013071600","AZ","04013071600","=""04013071600""","48658","2020-2024","2022","Census","Jack in The Box #1546","11101 Grand Ave","","Youngtown","AZ","85363","MARICOPA","Restaurant Meals Program","","","USDA","Maricopa (County, 2022)"
"Census Tract","04013092720","AZ","04013092720","=""04013092720""","76051","2020-2024","2022","Census","Jack in the Box #1596","9152 W Glendale Ave","","Glendale","AZ","85305","MARICOPA","Restaurant Meals Program","","","USDA","Maricopa (County, 2022)"
"Census Tract","04013071514","AZ","04013071514","=""04013071514""","86563","2020-2024","2022","Census","Jacksons Food Stores 801","8369 W Bell Rd","","Peoria","AZ","85382","MARICOPA","Convenience Store","","","USDA","Maricopa (County, 2022)"
"Census Tract","04013071504","AZ","04013071504","=""04013071504""","59244","2020-2024","2022","Census","Kahramana Mediterranean Market","10001 W Bell Rd","","Sun City","AZ","85351","MARICOPA","Grocery Store","","","USDA","Maricopa (County, 2022)"
"Census Tract","04013061046","AZ","04013061046","=""04013061046""","77535","2020-2024","2022","Census","Luke AFB Commissary 1920","7175 N 138th Ave","Bldg 1550","Glendale","AZ","85307","MARICOPA","Supermarket","","","USDA","Maricopa (County, 2022)"
"Census Tract","04013060903","AZ","04013060903","=""04013060903""","84595","2020-2024","2022","Census","Maggie's Market 1","12017 W Thunderbird Rd","","El Mirage","AZ","85335","MARICOPA","Convenience Store","","","USDA","Maricopa (County, 2022)"
"Census Tract","04013061046","AZ","04013061046","=""04013061046""","77535","2020-2024","2022","Census","McDonald's #10954","7017 N Litchfield Rd","","Glendale","AZ","85307","MARICOPA","Restaurant Meals Program","","","USDA","Maricopa (County, 2022)"
"Census Tract","04013092710","AZ","04013092710","=""04013092710""","108750","2020-2024","2022","Census","McDonald's #25112","8325 W Glendale Ave","","Glendale","AZ","85305","MARICOPA","Restaurant Meals Program","","","USDA","Maricopa (County, 2022)"
"Census Tract","04013061013","AZ","04013061013","=""04013061013""","111827","2020-2024","2022","Census","McDonald's #27823","13018 W Indian School Rd","","Litchfield Park","AZ","85340","MARICOPA","Restaurant Meals Program","","","USDA","Maricopa (County, 2022)"
"Census Tract","04013082002","AZ","04013082002","=""04013082002""","66571","2020-2024","2022","Census","7-11 32824B","9910 W Indian School Rd","","Phoenix","AZ","85037","MARICOPA","Convenience Store","","","USDA","Maricopa (County, 2022)"
"Census Tract","04013082007","AZ","04013082007","=""04013082007""","79679","2020-2024","2022","Census","90 First Market","9021 W Camelback Rd","Ste 100","Phoenix","AZ","85037","MARICOPA","Convenience Store","","","USDA","Maricopa (County, 2022)"
"Census Tract","04013061029","AZ","04013061029","=""04013061029""","79958","2020-2024","2022","Census","ALDI 79175","13727 W Bell Rd","","Surprise","AZ","85374","MARICOPA","Supermarket","","","USDA","Maricopa (County, 2022)"
"Census Tract","04013082012","AZ","04013082012","=""04013082012""","89246","2020-2024","2022","Census","ATL Wings 10720","10720 W Indian School Rd","Ste 15","Phoenix","AZ","85037","MARICOPA","Restaurant Meals Program","","","USDA","Maricopa (County, 2022)"
"Census Tract","04013061013","AZ","04013061013","=""04013061013""","111827","2020-2024","2022","Census","Albertsons 3926","12970 W Indian School Rd","","Litchfield Park","AZ","85340","MARICOPA","Supermarket","","","USDA","Maricopa (County, 2022)"
"Census Tract","04013071801","AZ","04013071801","=""04013071801""","46109","2020-2024","2022","Census","Arco Ampm 42524","10303 Grand Ave","","Sun City","AZ","85351","MARICOPA","Convenience Store","","","USDA","Maricopa (County, 2022)"
"Census Tract","04013061011","AZ","04013061011","=""04013061011""","120903","2020-2024","2022","Census","Bashas' 130","5115 N Dysart Rd","Ste 150","Litchfield Park","AZ","85340","MARICOPA","Super Store","","","USDA","Maricopa (County, 2022)"
"Census Tract","04013050618","AZ","04013050618","=""04013050618""","161096","2020-2024","2022","Census","Bashas' 56","21064 W Main St","","Buckeye","AZ","85396","MARICOPA","Super Store","","","USDA","Maricopa (County, 2022)"
"Census Tract","04013071503","AZ","04013071503","=""04013071503""","53339","2020-2024","2022","Census","FRY'S 122","10660 Grand Ave","","Sun City","AZ","85351","MARICOPA","Super Store","","","USDA","Maricopa (County, 2022)"
"Census Tract","04013092709","AZ","04013092709","=""04013092709""","104926","2020-2024","2022","Census","FRY'S 56","9043 W Olive Ave","","Peoria","AZ","85345","MARICOPA","Super Store","","","USDA","Maricopa (County, 2022)"
"Census Tract","04013082010","AZ","04013082010","=""04013082010""","88352","2020-2024","2022","Census","FRY'S 619","8325 W Indian School Rd","","Phoenix","AZ","85037","MARICOPA","Super Store","","","USDA","Maricopa (County, 2022)"
"Census Tract","04013082021","AZ","04013082021","=""04013082021""","117895","2020-2024","2022","Census","FRY'S 66","10675 W Indian School Rd","","Avondale","AZ","85392","MARICOPA","Super Store","","","USDA","Maricopa (County, 2022)"
"Census Tract","04013071801","AZ","04013071801","=""04013071801""","46109","2020-2024","2022","Census","Family Dollar Store 4410","9796 W Peoria Ave","","Peoria","AZ","85345","MARICOPA","Other","","","USDA","Maricopa (County, 2022)"
"Census Tract","04013082010","AZ","04013082010","=""04013082010""","88352","2020-2024","2022","Census","Family Dollar Store 6308","8411 W Indian School Rd","","Phoenix","AZ","85037","MARICOPA","Other","","","USDA","Maricopa (County, 2022)"
"Census Tract","04013061047","AZ","04013061047","=""04013061047""","142132","2020-2024","2022","Census","Firehouse Subs 1720","5122 N Dysart Rd","Suite 100","Litchfield Park","AZ","85340","MARICOPA","Restaurant Meals Program","","","USDA","Maricopa (County, 2022)"
"Census Tract","04013071913","AZ","04013071913","=""04013071913""","60485","2020-2024","2022","Census","Frenchies Pizza","8525 W Grand Ave","","Peoria","AZ","85345","MARICOPA","Restaurant Meals Program","","","USDA","Maricopa (County, 2022)"
"Census Tract","04013061047","AZ","04013061047","=""04013061047""","142132","2020-2024","2022","Census","Fry's 667","13730 W Camelback Rd","","Litchfield Park","AZ","85340","MARICOPA","Super Store","","","USDA","Maricopa (County, 2022)"
"Census Tract","04013050619","AZ","04013050619","=""04013050619""","156350","2020-2024","2022","Census","Fry's 692","19676 W. Indian School Rd.","","Buckeye","AZ","85085","MARICOPA","Super Store","","","USDA","Maricopa (County, 2022)"
"Census Tract","04013092720","AZ","04013092720","=""04013092720""","76051","2020-2024","2022","Census","Grab N Go 9920","9920 W Glendale Ave","","Glendale","AZ","85307","MARICOPA","Convenience Store","","","USDA","Maricopa (County, 2022)"
"Census Tract","04013060801","AZ","04013060801","=""04013060801""","50428","2020-2024","2022","Census","DOLLARTREE 10501","12801 W Bell Rd","","Surprise","AZ","85378","MARICOPA","Other","","","USDA","Maricopa (County, 2022)"
"Census Tract","04013092720","AZ","04013092720","=""04013092720""","76051","2020-2024","2022","Census","Del Taco # 737","9672 W Camelback Rd","","Glendale","AZ","85305","MARICOPA","Restaurant Meals Program","","","USDA","Maricopa (County, 2022)"
"Census Tract","04013071802","AZ","04013071802","=""04013071802""","41340","2020-2024","2022","Census","Dollar General 10257","10633 W Peoria Ave","","Sun City","AZ","85351","MARICOPA","Other","","","USDA","Maricopa (County, 2022)"
"Census Tract","04013082012","AZ","04013082012","=""04013082012""","89246","2020-2024","2022","Census","Dollar General 10837","10720 W Indian School Rd","","Phoenix","AZ","85037","MARICOPA","Other","","","USDA","Maricopa (County, 2022)"
"Census Tract","04013061046","AZ","04013061046","=""04013061046""","77535","2020-2024","2022","Census","Dollar General 19554","13639 W Glendale Ave","","Glendale","AZ","85307","MARICOPA","Other","","","USDA","Maricopa (County, 2022)"
"Census Tract","04013061031","AZ","04013061031","=""04013061031""","114401","2020-2024","2022","Census","Dollar General 22512","10670 North Perryville Rd","","Surprise","AZ","85388","MARICOPA","Other","","","USDA","Maricopa (County, 2022)"
"Census Tract","04013092720","AZ","04013092720","=""04013092720""","76051","2020-2024","2022","Census","Dollar Tree 2975","5122 N 95th Ave","#A150","Glendale","AZ","85305","MARICOPA","Other","","","USDA","Maricopa (County, 2022)"
"Census Tract","04013617400","AZ","04013617400","=""04013617400""","66258","2020-2024","2022","Census","Dollar Tree 5815","10730 W Bell Rd","","Sun City","AZ","85351","MARICOPA","Other","","","USDA","Maricopa (County, 2022)"
"Census Tract","04013092708","AZ","04013092708","=""04013092708""","72887","2020-2024","2022","Census","Dollar Tree 7338","9420 W Northern Ave","Ste 103","Glendale","AZ","85305","MARICOPA","Other","","","USDA","Maricopa (County, 2022)"
"Census Tract","04013061020","AZ","04013061020","=""04013061020""","130972","2020-2024","2022","Census","Dollar Tree 7584","14175 W Indian School Rd","","Goodyear","AZ","85395","MARICOPA","Other","","","USDA","Maricopa (County, 2022)"
"Census Tract","04013050619","AZ","04013050619","=""04013050619""","156350","2020-2024","2022","Census","Dollartree 8893","19385 W Indian School Rd","","Litchfield Park","AZ","85340","MARICOPA","Other","","","USDA","Maricopa (County, 2022)"
"Census Tract","04013092708","AZ","04013092708","=""04013092708""","72887","2020-2024","2022","Census","Target Store T-1361","9350 W Northern Ave","","Glendale","AZ","85305","MARICOPA","Super Store","","","USDA","Maricopa (County, 2022)"
"Census Tract","04013061031","AZ","04013061031","=""04013061031""","114401","2020-2024","2022","Census","Target Store T2915","14101 N Prasada Pkwy","","Surprise","AZ","85388","MARICOPA","Super Store","","","USDA","Maricopa (County, 2022)"
"Census Tract","04013071909","AZ","04013071909","=""04013071909""","59545","2020-2024","2022","Census","The Dented Can","9501 W Peoria Ave","Ste 111","Peoria","AZ","85345","MARICOPA","Grocery Store","","","USDA","Maricopa (County, 2022)"
"Census Tract","04013104223","AZ","04013104223","=""04013104223""","140250","2020-2024","2022","Census","Thunderbird Chevron Extramile 7002","6691 W Thunderbird Rd","","Glendale","AZ","85306","MARICOPA","Convenience Store","","","USDA","Maricopa (County, 2022)"
"Census Tract","04013061039","AZ","04013061039","=""04013061039""","138125","2020-2024","2022","Census","Troub's Butcher Shop","13681 N Litchfield Rd","Suite 138","Surprise","AZ","85379","MARICOPA","Specialty Store","","","USDA","Maricopa (County, 2022)"
"Census Tract","04013071504","AZ","04013071504","=""04013071504""","59244","2020-2024","2022","Census","Walgreens 00813","15442 N 99th Ave","","Sun City","AZ","85351","MARICOPA","Other","","","USDA","Maricopa (County, 2022)"
"Census Tract","04013071513","AZ","04013071513","=""04013071513""","98516","2020-2024","2022","Census","Walgreens 03427","7448 W Thunderbird Rd","","Peoria","AZ","85381","MARICOPA","Other","","","USDA","Maricopa (County, 2022)"
"Census Tract","04013061032","AZ","04013061032","=""04013061032""","117036","2020-2024","2022","Census","Walgreens 07933","15514 W Waddell Rd","","Surprise","AZ","85379","MARICOPA","Other","","","USDA","Maricopa (County, 2022)"
"Census Tract","04013071912","AZ","04013071912","=""04013071912""","46771","2020-2024","2022","Census","Walgreens 5222","9040 W Peoria Ave","","Peoria","AZ","85345","MARICOPA","Other","","","USDA","Maricopa (County, 2022)"
"Census Tract","04013071702","AZ","04013071702","=""04013071702""","46906","2020-2024","2022","Census","Walgreens 5568","10707 W Peoria Ave","","Sun City","AZ","85351","MARICOPA","Other","","","USDA","Maricopa (County, 2022)"
"Census Tract","04013092305","AZ","04013092305","=""04013092305""","73140","2020-2024","2022","Census","Walgreens 6065","9009 N 67th Ave","","Glendale","AZ","85302","MARICOPA","Other","","","USDA","Maricopa (County, 2022)"
"Census Tract","04013061042","AZ","04013061042","=""04013061042""","73241","2020-2024","2022","Census","Walgreens 7026","12244 W Cactus Rd","","El Mirage","AZ","85335","MARICOPA","Other","","","USDA","Maricopa (County, 2022)"
"Census Tract","04013061039","AZ","04013061039","=""04013061039""","138125","2020-2024","2022","Census","Walgreesn 12087","13723 N Litchfield Rd","","Surprise","AZ","85379","MARICOPA","Other","","","USDA","Maricopa (County, 2022)"
"Census Tract","04013071911","AZ","04013071911","=""04013071911""","89514","2020-2024","2022","Census","Walmart 1533","7975 W PEORIA AVE","","PEORIA","AZ","85345","MARICOPA","Super Store","","","USDA","Maricopa (County, 2022)"
"Census Tract","04013092305","AZ","04013092305","=""04013092305""","73140","2020-2024","2022","Census","Walmart 3845","6645 W PEORIA AVE","","GLENDALE","AZ","85302","MARICOPA","Super Store","","","USDA","Maricopa (County, 2022)"
"Census Tract","04013061033","AZ","04013061033","=""04013061033""","95515","2020-2024","2022","Census","Walmart 4218","15431 W GREENWAY RD","","SURPRISE","AZ","85374","MARICOPA","Super Store","","","USDA","Maricopa (County, 2022)"
"Census Tract","04013060902","AZ","04013060902","=""04013060902""","53600","2020-2024","2022","Census","Walmart 4336","12900 W THUNDERBIRD RD","","EL MIRAGE","AZ","85335","MARICOPA","Super Store","","","USDA","Maricopa (County, 2022)"
"Census Tract","04013061031","AZ","04013061031","=""04013061031""","114401","2020-2024","2022","Census","Walmart 5429","14111 N Prasada Gateway Ave","","Surprise","AZ","85388","MARICOPA","Super Store","","","USDA","Maricopa (County, 2022)"
"Census Tract","04013071510","AZ","04013071510","=""04013071510""","131118","2020-2024","2022","Census","Walmart Neighborhood Market 4275","7421 W Thunderbird Rd","","Peoria","AZ","85381","MARICOPA","Super Store","","","USDA","Maricopa (County, 2022)"
"Census Tract","04013071510","AZ","04013071510","=""04013071510""","131118","2020-2024","2022","Census","Yeshurun Farm","13250 N 74th Ln","","Peoria","AZ","85381","MARICOPA","Farmers and Markets","","","USDA","Maricopa (County, 2022)"
"Census Tract","04013071906","AZ","04013071906","=""04013071906""","63632","2020-2024","2022","Census","Mukhi Shah 1010 LLC","9080 W Olive Ave","","Peoria","AZ","85345","MARICOPA","Convenience Store","","","USDA","Maricopa (County, 2022)"
"Census Tract","04013071906","AZ","04013071906","=""04013071906""","63632","2020-2024","2022","Census","Nio1 LLC","8322 W Olive Ave","","Peoria","AZ","85345","MARICOPA","Convenience Store","","","USDA","Maricopa (County, 2022)"
"Census Tract","04013092305","AZ","04013092305","=""04013092305""","73140","2020-2024","2022","Census","Olive Liquor","6604 W Olive Ave","","Glendale","AZ","85302","MARICOPA","Convenience Store","","","USDA","Maricopa (County, 2022)"
"Census Tract","04013092709","AZ","04013092709","=""04013092709""","104926","2020-2024","2022","Census","Papa Johns #2148","8987 W Olive Ave","","Peoria","AZ","85345","MARICOPA","Restaurant Meals Program","","","USDA","Maricopa (County, 2022)"
"Census Tract","04013071801","AZ","04013071801","=""04013071801""","46109","2020-2024","2022","Census","Papa Murphy's AZ098","10659 Grand Ave","Ste A12","Sun City","AZ","85351","MARICOPA","Specialty Store","","","USDA","Maricopa (County, 2022)"
"Census Tract","04013071903","AZ","04013071903","=""04013071903""","82544","2020-2024","2022","Census","Papa Murphys AZ052","7465 W Cactus Rd","Ste 101","Peoria","AZ","85381","MARICOPA","Specialty Store","","","USDA","Maricopa (County, 2022)"
"Census Tract","04013092708","AZ","04013092708","=""04013092708""","72887","2020-2024","2022","Census","Park West Market","9744 W. Northern Ave","","Peoria","AZ","85345","MARICOPA","Farmers and Markets","","","USDA","Maricopa (County, 2022)"
"Census Tract","04013071913","AZ","04013071913","=""04013071913""","60485","2020-2024","2022","Census","Pataq Group Llc","8520 W Peoria Ave","","Peoria","AZ","85345","MARICOPA","Convenience Store","","","USDA","Maricopa (County, 2022)"
"Census Tract","04013071910","AZ","04013071910","=""04013071910""","62750","2020-2024","2022","Census","Peoria Discount Grocery","8150 W Peoria Ave","","Peoria","AZ","85345","MARICOPA","Grocery Store","","","USDA","Maricopa (County, 2022)"
"Census Tract","04013071913","AZ","04013071913","=""04013071913""","60485","2020-2024","2022","Census","Pescaderia Playas De Guaymas","8385 W Grand Ave","","Peoria","AZ","85345","MARICOPA","Grocery Store","","","USDA","Maricopa (County, 2022)"
"Census Tract","04013092708","AZ","04013092708","=""04013092708""","72887","2020-2024","2022","Census","Quik Trip 484","9541 W Olive Ave","","Peoria","AZ","85345","MARICOPA","Convenience Store","","","USDA","Maricopa (County, 2022)"
"Census Tract","04013071914","AZ","04013071914","=""04013071914""","80947","2020-2024","2022","Census","QuikTrip 1425","7455 W Peoria Ave","","Peoria","AZ","85345","MARICOPA","Convenience Store","","","USDA","Maricopa (County, 2022)"
"Census Tract","04013061031","AZ","04013061031","=""04013061031""","114401","2020-2024","2022","Census","QuikTrip 1430","12294 N Prasada Pkwy","","Surprise","AZ","85388","MARICOPA","Convenience Store","","","USDA","Maricopa (County, 2022)"
"Census Tract","04013092720","AZ","04013092720","=""04013092720""","76051","2020-2024","2022","Census","QuikTrip 1438","9755 W Northern Ave","","Glendale","AZ","85305","MARICOPA","Convenience Store","","","USDA","Maricopa (County, 2022)"
"Census Tract","04013071906","AZ","04013071906","=""04013071906""","63632","2020-2024","2022","Census","QuikTrip 416","9020 N 91st Ave","","Peoria","AZ","85345","MARICOPA","Convenience Store","","","USDA","Maricopa (County, 2022)"
"Census Tract","04013071510","AZ","04013071510","=""04013071510""","131118","2020-2024","2022","Census","QuikTrip 430","6721 W Thunderbird Rd","","Peoria","AZ","85381","MARICOPA","Convenience Store","","","USDA","Maricopa (County, 2022)"
"Census Tract","04013061043","AZ","04013061043","=""04013061043""","88772","2020-2024","2022","Census","QuikTrip 453","11604 W Olive Ave","","Youngstown","AZ","85363","MARICOPA","Convenience Store","","","USDA","Maricopa (County, 2022)"
"Census Tract","04013071600","AZ","04013071600","=""04013071600""","48658","2020-2024","2022","Census","QuikTrip 468","11309 Grand Ave","","Youngtown","AZ","85363","MARICOPA","Convenience Store","","","USDA","Maricopa (County, 2022)"
"Census Tract","04013071515","AZ","04013071515","=""04013071515""","84545","2020-2024","2022","Census","QuikTrip 490R","8870 W Thunderbird Rd","","Peoria","AZ","85381","MARICOPA","Convenience Store","","","USDA","Maricopa (County, 2022)"
"Census Tract","04013060902","AZ","04013060902","=""04013060902""","53600","2020-2024","2022","Census","R & G Mini Mart","12239 NW Grand Ave","","El Mirage","AZ","85335","MARICOPA","Convenience Store","","","USDA","Maricopa (County, 2022)"
"Census Tract","04013061041","AZ","04013061041","=""04013061041""","81818","2020-2024","2022","Census","Rally's 4387","12239 W Thunderbird Rd","","El Mirage","AZ","85335","MARICOPA","Restaurant Meals Program","","","USDA","Maricopa (County, 2022)"
"Census Tract","04013092724","AZ","04013092724","=""04013092724""","54431","2020-2024","2022","Census","SAFEWAY  1662","10641 W Olive Ave","","Peoria","AZ","85345","MARICOPA","Supermarket","","","USDA","Maricopa (County, 2022)"
"Census Tract","04013071517","AZ","04013071517","=""04013071517""","103348","2020-2024","2022","Census","SAFEWAY  1841","12320 N 83rd Ave","","Peoria","AZ","85381","MARICOPA","Supermarket","","","USDA","Maricopa (County, 2022)"
"Census Tract","04013061035","AZ","04013061035","=""04013061035""","95856","2020-2024","2022","Census","SAFEWAY 2699","13828 W Waddell Rd","","Surprise","AZ","85379","MARICOPA","Supermarket","","","USDA","Maricopa (County, 2022)"
"Census Tract","04013061031","AZ","04013061031","=""04013061031""","114401","2020-2024","2022","Census","Safeway 48","17230 W Peoria Avenue","","Surprise","AZ","85388","MARICOPA","Supermarket","","","USDA","Maricopa (County, 2022)"
"Census Tract","04013061031","AZ","04013061031","=""04013061031""","114401","2020-2024","2022","Census","Safeway Express 5830","1730 N Cotton Ln","","Surprise","AZ","85388","MARICOPA","Convenience Store","","","USDA","Maricopa (County, 2022)"
"Census Tract","04013061043","AZ","04013061043","=""04013061043""","88772","2020-2024","2022","Census","Shell 115","12170 N El Mirage Rd","","El Mirage","AZ","85335","MARICOPA","Convenience Store","","","USDA","Maricopa (County, 2022)"
"Census Tract","04013071517","AZ","04013071517","=""04013071517""","103348","2020-2024","2022","Census","Simon Xpress Pizza DBA Hungry Howie's # 1818","8345 W Thunderbird Rd","Unit 110","Peoria","AZ","85381","MARICOPA","Restaurant Meals Program","","","USDA","Maricopa (County, 2022)"
"Census Tract","04013071517","AZ","04013071517","=""04013071517""","103348","2020-2024","2022","Census","Sprouts Farmers Market 6","8375 W Thunderbird Rd","","Peoria","AZ","85381","MARICOPA","Supermarket","","","USDA","Maricopa (County, 2022)"
"Census Tract","04013060904","AZ","04013060904","=""04013060904""","78316","2020-2024","2022","Census","Star Mini Mart Beer & Wine","11817 W Thunderbird Rd","","El Mirage","AZ","85335","MARICOPA","Convenience Store","","","USDA","Maricopa (County, 2022)"
"Census Tract","04013071910","AZ","04013071910","=""04013071910""","62750","2020-2024","2022","Census","Starcorp LLC dba Carls Jr 7621","12110 N 75th Ave","","Peoria","AZ","85345","MARICOPA","Restaurant Meals Program","","","USDA","Maricopa (County, 2022)"
"Census Tract","04013061031","AZ","04013061031","=""04013061031""","114401","2020-2024","2022","Census","Subway","17019 W Greenway Rd","Ste 113","Surprise","AZ","85388","MARICOPA","Restaurant Meals Program","","","USDA","Maricopa (County, 2022)"
"Census Tract","04013092724","AZ","04013092724","=""04013092724""","54431","2020-2024","2022","Census","Subway #27036","8877 N 107th Ave","Ste 308","Peoria","AZ","85345","MARICOPA","Restaurant Meals Program","","","USDA","Maricopa (County, 2022)"
"Census Tract","04013071906","AZ","04013071906","=""04013071906""","63632","2020-2024","2022","Census","Subway #28667","9151 W Peoria Ave","Suite 205","Peoria","AZ","85345","MARICOPA","Restaurant Meals Program","","","USDA","Maricopa (County, 2022)"
"Census Tract","04013092709","AZ","04013092709","=""04013092709""","104926","2020-2024","2022","Census","Subway #993","8987 W Olive Ave","Ste 132","Peoria","AZ","85345","MARICOPA","Restaurant Meals Program","","","USDA","Maricopa (County, 2022)"
"Census Tract","04013071517","AZ","04013071517","=""04013071517""","103348","2020-2024","2022","Census","Subway 25726","8345 W Thunderbird Rd","Ste B-113","Peoria","AZ","85381","MARICOPA","Restaurant Meals Program","","","USDA","Maricopa (County, 2022)"
"Census Tract","04013061034","AZ","04013061034","=""04013061034""","85969","2020-2024","2022","Census","Subway 33382","13954 W. Waddell Rd.  #115","","Surprise","AZ","85379","MARICOPA","Restaurant Meals Program","","","USDA","Maricopa (County, 2022)"
"Census Tract","04013071915","AZ","04013071915","=""04013071915""","65571","2020-2024","2022","Census","Super Carniceria La Pradera Ranch","6811 W Peoria Ave","Ste 103","Peoria","AZ","85345","MARICOPA","Grocery Store","","","USDA","Maricopa (County, 2022)"
"Census Tract","04013060902","AZ","04013060902","=""04013060902""","53600","2020-2024","2022","Census","Super Carniceria Uruapan 3","11926 W Thunderbird Rd","","El Mirage","AZ","85335","MARICOPA","Other","","","USDA","Maricopa (County, 2022)"
"Census Tract","04013060902","AZ","04013060902","=""04013060902""","53600","2020-2024","2022","Census","T Bird Mini Market","12550 W Thunderbird Rd","Ste 101","El Mirage","AZ","85335","MARICOPA","Convenience Store","","","USDA","Maricopa (County, 2022)"
"Census Tract","04013060801","AZ","04013060801","=""04013060801""","50428","2020-2024","2022","Census","Bubba's Drive-Thru","15445 N Greasewood St","","Surprise","AZ","85378","MARICOPA","Convenience Store","","","USDA","Maricopa (County, 2022)"
"Census Tract","04013071906","AZ","04013071906","=""04013071906""","63632","2020-2024","2022","Census","Burger King # 10964","9119 W Peoria Ave","","Peoria","AZ","85345","MARICOPA","Restaurant Meals Program","","","USDA","Maricopa (County, 2022)"
"Census Tract","04013071517","AZ","04013071517","=""04013071517""","103348","2020-2024","2022","Census","Burger King # 13920","8425 W Thunderbird Rd","","Peoria","AZ","85381","MARICOPA","Restaurant Meals Program","","","USDA","Maricopa (County, 2022)"
"Census Tract","04013061043","AZ","04013061043","=""04013061043""","88772","2020-2024","2022","Census","Burger King # 16506","12280 W Olive Ave","","El Mirage","AZ","85335","MARICOPA","Restaurant Meals Program","","","USDA","Maricopa (County, 2022)"
"Census Tract","04013061033","AZ","04013061033","=""04013061033""","95515","2020-2024","2022","Census","Burger King # 24447","15475 W Greenway Rd","","Surprise","AZ","85374","MARICOPA","Restaurant Meals Program","","","USDA","Maricopa (County, 2022)"
"Census Tract","04013061031","AZ","04013061031","=""04013061031""","114401","2020-2024","2022","Census","Burger King #22449","16790 W Waddell Rd","","Surprise","AZ","85388","MARICOPA","Restaurant Meals Program","","","USDA","Maricopa (County, 2022)"
"Census Tract","04013061031","AZ","04013061031","=""04013061031""","114401","2020-2024","2022","Census","CARL'S JR. #907","13290 N Prasada Pkwy","","Surprise","AZ","85388","MARICOPA","Restaurant Meals Program","","","USDA","Maricopa (County, 2022)"
"Census Tract","04013061029","AZ","04013061029","=""04013061029""","79958","2020-2024","2022","Census","CVS Pharmacy 1743","13870 W Greenway Rd","","Surprise","AZ","85374","MARICOPA","Other","","","USDA","Maricopa (County, 2022)"
"Census Tract","04013092723","AZ","04013092723","=""04013092723""","76619","2020-2024","2022","Census","CVS Pharmacy 3745","10727 W Olive Ave","","Peoria","AZ","85345","MARICOPA","Other","","","USDA","Maricopa (County, 2022)"
"Census Tract","04013071503","AZ","04013071503","=""04013071503""","53339","2020-2024","2022","Census","CVS Pharmacy 7","9901B W Thunderbird Blvd","","Sun City","AZ","85351","MARICOPA","Other","","","USDA","Maricopa (County, 2022)"
"Census Tract","04013071512","AZ","04013071512","=""04013071512""","100417","2020-2024","2022","Census","CVS Pharmacy 7115","7530 W Cactus Rd","","Peoria","AZ","85381","MARICOPA","Other","","","USDA","Maricopa (County, 2022)"
"Census Tract","04013071801","AZ","04013071801","=""04013071801""","46109","2020-2024","2022","Census","CVS Pharmacy 9237","9856 W Peoria Ave","","Peoria","AZ","85345","MARICOPA","Other","","","USDA","Maricopa (County, 2022)"
"Census Tract","04013061026","AZ","04013061026","=""04013061026""","99259","2020-2024","2022","Census","Carioca Shell 3","16520 W Greenway Rd","","Surprise","AZ","85388","MARICOPA","Convenience Store","","","USDA","Maricopa (County, 2022)"
"Census Tract","04013061037","AZ","04013061037","=""04013061037""","116693","2020-2024","2022","Census","Carioca Shell 305","15470 W Cactus Rd","","Surprise","AZ","85379","MARICOPA","Convenience Store","","","USDA","Maricopa (County, 2022)"
"Census Tract","04013060902","AZ","04013060902","=""04013060902""","53600","2020-2024","2022","Census","Carniceria El Oaxaqueno","12005 NW Grand Ave","","El Mirage","AZ","85335","MARICOPA","Grocery Store","","","USDA","Maricopa (County, 2022)"
"Census Tract","04013092708","AZ","04013092708","=""04013092708""","72887","2020-2024","2022","Census","Carniceria Mr Muuu","8914 N 91st Ave","Ste 130","Peoria","AZ","85345","MARICOPA","Grocery Store","","","USDA","Maricopa (County, 2022)"
"Census Tract","04013071906","AZ","04013071906","=""04013071906""","63632","2020-2024","2022","Census","Circle K 2701065","9049 W Peoria Ave","","Peoria","AZ","85345","MARICOPA","Convenience Store","","","USDA","Maricopa (County, 2022)"
"Census Tract","04013060801","AZ","04013060801","=""04013060801""","50428","2020-2024","2022","Census","Circle K 2701184","12707 W Grand Ave","","Surprise","AZ","85374","MARICOPA","Convenience Store","","","USDA","Maricopa (County, 2022)"
"Census Tract","04013071910","AZ","04013071910","=""04013071910""","62750","2020-2024","2022","Census","Circle K 2701646","7510 W Peoria Ave","","Peoria","AZ","85345","MARICOPA","Convenience Store","","","USDA","Maricopa (County, 2022)"
"Census Tract","04013071510","AZ","04013071510","=""04013071510""","131118","2020-2024","2022","Census","Circle K 2701785","7420 W Cactus Rd","","Peoria","AZ","85381","MARICOPA","Convenience Store","","","USDA","Maricopa (County, 2022)"
"Census Tract","04013071517","AZ","04013071517","=""04013071517""","103348","2020-2024","2022","Census","Circle K 2703367","8327 W Thunderbird Rd","","Peoria","AZ","85381","MARICOPA","Convenience Store","","","USDA","Maricopa (County, 2022)"
"Census Tract","04013093200","AZ","04013093200","=""04013093200""","55759","2020-2024","2022","Census","Circle K 2703392","8277 W Olive Ave","","Peoria","AZ","85345","MARICOPA","Convenience Store","","","USDA","Maricopa (County, 2022)"
"Census Tract","04013071915","AZ","04013071915","=""04013071915""","65571","2020-2024","2022","Census","Circle K 2709176","6735 W Peoria Ave","","Peoria","AZ","85345","MARICOPA","Convenience Store","","","USDA","Maricopa (County, 2022)"
"Census Tract","04013104216","AZ","04013104216","=""04013104216""","80307","2020-2024","2022","Census","Circle K Store 2741626","6691 W Greenway Rd","","Glendale","AZ","85306","MARICOPA","Convenience Store","","","USDA","Maricopa (County, 2022)"
"Census Tract","04013061031","AZ","04013061031","=""04013061031""","114401","2020-2024","2022","Census","Costco Wholesale 1375","16385 W Waddell Rd","","Surprise","AZ","85388","MARICOPA","Super Store","","","USDA","Maricopa (County, 2022)"
"Census Tract","04013071906","AZ","04013071906","=""04013071906""","63632","2020-2024","2022","Census","Jack in The Box #1145","9066 W Olive Ave","","Peoria","AZ","85345","MARICOPA","Restaurant Meals Program","","","USDA","Maricopa (County, 2022)"
"Census Tract","04013071503","AZ","04013071503","=""04013071503""","53339","2020-2024","2022","Census","Jack in The Box #1566","9906 W Thunderbird Blvd","","Sun City","AZ","85351","MARICOPA","Restaurant Meals Program","","","USDA","Maricopa (County, 2022)"
"Census Tract","04013061037","AZ","04013061037","=""04013061037""","116693","2020-2024","2022","Census","Jack in The Box #1579","15333 W Waddell Rd","","Surprise","AZ","85379","MARICOPA","Restaurant Meals Program","","","USDA","Maricopa (County, 2022)"
"Census Tract","04013071517","AZ","04013071517","=""04013071517""","103348","2020-2024","2022","Census","Long Wong's Hot Wings","8345 W Thunderbird Rd","Ste B105","Peoria","AZ","85381","MARICOPA","Restaurant Meals Program","","","USDA","Maricopa (County, 2022)"
"Census Tract","04013071509","AZ","04013071509","=""04013071509""","95508","2020-2024","2022","Census","McDonald's #17895","7515 W Bell Rd","","Glendale","AZ","85382","MARICOPA","Restaurant Meals Program","","","USDA","Maricopa (County, 2022)"
"Census Tract","04013071915","AZ","04013071915","=""04013071915""","65571","2020-2024","2022","Census","7-eleven #26638e 26638E","6720 W Olive Ave","","Peoria","AZ","85345","MARICOPA","Convenience Store","","","USDA","Maricopa (County, 2022)"
"Census Tract","04013061031","AZ","04013061031","=""04013061031""","114401","2020-2024","2022","Census","ALDI 79169","17038 W Waddell Rd","","Surprise","AZ","85388","MARICOPA","Supermarket","","","USDA","Maricopa (County, 2022)"
"Census Tract","04013617600","AZ","04013617600","=""04013617600""","76219","2020-2024","2022","Census","Albertsons 1971","8950 W Bell Rd","","Peoria","AZ","85382","MARICOPA","Supermarket","","","USDA","Maricopa (County, 2022)"
"Census Tract","04013071509","AZ","04013071509","=""04013071509""","95508","2020-2024","2022","Census","Arco Ampm Gas Station 42593","8271 W Thunderbird Rd","","Peoria","AZ","85381","MARICOPA","Convenience Store","","","USDA","Maricopa (County, 2022)"
"Census Tract","04013061037","AZ","04013061037","=""04013061037""","116693","2020-2024","2022","Census","Bashas' 137","15367 W Waddell Rd","","Surprise","AZ","85379","MARICOPA","Super Store","","","USDA","Maricopa (County, 2022)"
"Census Tract","04013060801","AZ","04013060801","=""04013060801""","50428","2020-2024","2022","Census","Bienvenido Al Buen Gusto Paisano","15601 N Greasewood St","","Surprise","AZ","85378","MARICOPA","Convenience Store","","","USDA","Maricopa (County, 2022)"
"Census Tract","04013071903","AZ","04013071903","=""04013071903""","82544","2020-2024","2022","Census","FRY'S 45","7455 W Cactus Rd","","Peoria","AZ","85381","MARICOPA","Super Store","","","USDA","Maricopa (County, 2022)"
"Census Tract","04013060903","AZ","04013060903","=""04013060903""","84595","2020-2024","2022","Census","Family Dollar 11140","12101 W Thunderbird Rd","","El Mirage","AZ","85335","MARICOPA","Other","","","USDA","Maricopa (County, 2022)"
"Census Tract","04013071503","AZ","04013071503","=""04013071503""","53339","2020-2024","2022","Census","Family Dollar 8291","13602 N 99th Ave","","Sun City","AZ","85351","MARICOPA","Other","","","USDA","Maricopa (County, 2022)"
"Census Tract","04013060901","AZ","04013060901","=""04013060901""","71467","2020-2024","2022","Census","Food City 89","12321 NW Grand Ave","","El Mirage","AZ","85335","MARICOPA","Super Store","","","USDA","Maricopa (County, 2022)"
"Census Tract","04013061031","AZ","04013061031","=""04013061031""","114401","2020-2024","2022","Census","Franchise of Federicos Restaurant","16995 W Greenway Rd","Ste 100","Surprise","AZ","85388","MARICOPA","Restaurant Meals Program","","","USDA","Maricopa (County, 2022)"
"Census Tract","04013061039","AZ","04013061039","=""04013061039""","138125","2020-2024","2022","Census","Franchise ofFedericos Restuarant","12100 N Dysart Rd","Ste 100","Surprise","AZ","85379","MARICOPA","Restaurant Meals Program","","","USDA","Maricopa (County, 2022)"
"Census Tract","04013061031","AZ","04013061031","=""04013061031""","114401","2020-2024","2022","Census","Fry's 661","16371 W Cactus Rd","","Surprise","AZ","85388","MARICOPA","Super Store","","","USDA","Maricopa (County, 2022)"
"Census Tract","04013061034","AZ","04013061034","=""04013061034""","85969","2020-2024","2022","Census","Fry's 674","13982 W Waddell Rd","","Surprise","AZ","85379","MARICOPA","Super Store","","","USDA","Maricopa (County, 2022)"
"Census Tract","04013061031","AZ","04013061031","=""04013061031""","114401","2020-2024","2022","Census","Fry's 680","15215 N Cotton Ln","","Surprise","AZ","85388","MARICOPA","Super Store","","","USDA","Maricopa (County, 2022)"
"Census Tract","04013071517","AZ","04013071517","=""04013071517""","103348","2020-2024","2022","Census","Grand Ave Produce","8990 W Windsor Dr","","Peoria","AZ","85381","MARICOPA","Grocery Store","","","USDA","Maricopa (County, 2022)"
"Census Tract","04013071600","AZ","04013071600","=""04013071600""","48658","2020-2024","2022","Census","Grand Market","13216 N 111th Ave","","Youngtown","AZ","85363","MARICOPA","Convenience Store","","","USDA","Maricopa (County, 2022)"
"Census Tract","04013071517","AZ","04013071517","=""04013071517""","103348","2020-2024","2022","Census","DOLLARTREE 10517","8375 W Thunderbird Rd","","Peoria","AZ","85381","MARICOPA","Other","","","USDA","Maricopa (County, 2022)"
"Census Tract","04013061040","AZ","04013061040","=""04013061040""","92684","2020-2024","2022","Census","DOLLARTREE 8423","13055 W Thunderbird Rd","","El Mirage","AZ","85335","MARICOPA","Other","","","USDA","Maricopa (County, 2022)"
"Census Tract","04013071512","AZ","04013071512","=""04013071512""","100417","2020-2024","2022","Census","Diamond Shamrock 2741631","8270 W Cactus Rd","","Peoria","AZ","85381","MARICOPA","Convenience Store","","","USDA","Maricopa (County, 2022)"
"Census Tract","04013071906","AZ","04013071906","=""04013071906""","63632","2020-2024","2022","Census","Dollar Tree 2655","9966 N 91st Ave","","Peoria","AZ","85345","MARICOPA","Other","","","USDA","Maricopa (County, 2022)"
"Census Tract","04013071504","AZ","04013071504","=""04013071504""","59244","2020-2024","2022","Census","Dollar Tree 3143","15472 N 99th Ave","Ste 7","Sun City","AZ","85351","MARICOPA","Other","","","USDA","Maricopa (County, 2022)"
"Census Tract","04013040541","AZ","04013040541","=""04013040541""","60818","2020-2024","2022","Census","Wells Country Store","21844 W Harding St","","Wittmann","AZ","85361","MARICOPA","Convenience Store","","","USDA","Maricopa (County, 2022)"
"Census Tract","04013040541","AZ","04013040541","=""04013040541""","60818","2020-2024","2022","Census","Shell 30","31120 N. Us Hwy 60","","Wittman","AZ","85361","MARICOPA","Convenience Store","","","USDA","Maricopa (County, 2022)"
"Census Tract","04013040541","AZ","04013040541","=""04013040541""","60818","2020-2024","2022","Census","Family Dollar Stores 11153","31206 N US Highway 60","","Wittmann","AZ","85361","MARICOPA","Other","","","USDA","Maricopa (County, 2022)"
"Census Tract","04013040516","AZ","04013040516","=""04013040516""","93570","2020-2024","2022","Census","Carioca Shell 39","19491 N Canyon Springs Blvd","","Buckeye","AZ","85396","MARICOPA","Convenience Store","","","USDA","Maricopa (County, 2022)"
"Census Tract","04013040541","AZ","04013040541","=""04013040541""","60818","2020-2024","2022","Census","DOLLAR GENERAL 18390","21818 W Harding St","","Wittmann","AZ","85361","MARICOPA","Other","","","USDA","Maricopa (County, 2022)"
"Census Tract","04013061029","AZ","04013061029","=""04013061029""","79958","2020-2024","2022","Census","Target Store T-1335","13731 W Bell Rd","","Surprise","AZ","85374","MARICOPA","Super Store","","","USDA","Maricopa (County, 2022)"
"Census Tract","04013610902","AZ","04013610902","=""04013610902""","146076","2020-2024","2022","Census","Target Store T-2227","24890 N Lake Pleasant Pkwy","","Peoria","AZ","85383","MARICOPA","Super Store","","","USDA","Maricopa (County, 2022)"
"Census Tract","04013040531","AZ","04013040531","=""04013040531""","63555","2020-2024","2022","Census","Toor Chevron Gas Station","14445 W Grand Ave","","Surprise","AZ","85374","MARICOPA","Convenience Store","","","USDA","Maricopa (County, 2022)"
"Census Tract","04013617700","AZ","04013617700","=""04013617700""","70278","2020-2024","2022","Census","Trader Joe's 85","8078 Bell Rd","","Glendale","AZ","85308","MARICOPA","Supermarket","","","USDA","Maricopa (County, 2022)"
"Census Tract","04013040531","AZ","04013040531","=""04013040531""","63555","2020-2024","2022","Census","Trader Joe's 92","14095 W Grand Ave","","Surprise","AZ","85374","MARICOPA","Supermarket","","","USDA","Maricopa (County, 2022)"
"Census Tract","04013614000","AZ","04013614000","=""04013614000""","127674","2020-2024","2022","Census","Walgreens 04434","22280 N 67th Ave","","Glendale","AZ","85310","MARICOPA","Other","","","USDA","Maricopa (County, 2022)"
"Census Tract","04013040507","AZ","04013040507","=""04013040507""","65619","2020-2024","2022","Census","Walgreens 04791","14285 W Grand Ave","","Surprise","AZ","85374","MARICOPA","Other","","","USDA","Maricopa (County, 2022)"
"Census Tract","04013613500","AZ","04013613500","=""04013613500""","108571","2020-2024","2022","Census","Walgreens 05353","20266 N Lake Pleasant Rd","","Peoria","AZ","85382","MARICOPA","Other","","","USDA","Maricopa (County, 2022)"
"Census Tract","04013040506","AZ","04013040506","=""04013040506""","54727","2020-2024","2022","Census","Walgreens 06128","19003 N R H Johnson Blvd","","Sun City West","AZ","85375","MARICOPA","Other","","","USDA","Maricopa (County, 2022)"
"Census Tract","04013611700","AZ","04013611700","=""04013611700""","135389","2020-2024","2022","Census","Walgreens 07110","6640 W Happy Valley Rd","","Glendale","AZ","85310","MARICOPA","Other","","","USDA","Maricopa (County, 2022)"
"Census Tract","04013040536","AZ","04013040536","=""04013040536""","142411","2020-2024","2022","Census","Walgreens 10241","28516 N El Mirage Rd","","Peoria","AZ","85383","MARICOPA","Other","","","USDA","Maricopa (County, 2022)"
"Census Tract","04013615900","AZ","04013615900","=""04013615900""","99982","2020-2024","2022","Census","Walgreens 3003","6690 W Union Hills Dr","","Glendale","AZ","85308","MARICOPA","Other","","","USDA","Maricopa (County, 2022)"
"Census Tract","04013615600","AZ","04013615600","=""04013615600""","67917","2020-2024","2022","Census","Walgreens 3048","9050 W Union Hills Dr","","Peoria","AZ","85382","MARICOPA","Other","","","USDA","Maricopa (County, 2022)"
"Census Tract","04013040530","AZ","04013040530","=""04013040530""","102069","2020-2024","2022","Census","Walgreens 4620","15490 W Bell Rd","","Surprise","AZ","85374","MARICOPA","Other","","","USDA","Maricopa (County, 2022)"
"Census Tract","04013613800","AZ","04013613800","=""04013613800""","124679","2020-2024","2022","Census","Walgreens 4742","8310 W Deer Valley Rd","","Peoria","AZ","85382","MARICOPA","Other","","","USDA","Maricopa (County, 2022)"
"Census Tract","04013040527","AZ","04013040527","=""04013040527""","76544","2020-2024","2022","Census","Walgreens 6806","17088 W Bell Rd","","Surprise","AZ","85374","MARICOPA","Other","","","USDA","Maricopa (County, 2022)"
"Census Tract","04013040531","AZ","04013040531","=""04013040531""","63555","2020-2024","2022","Census","Walmart 2777","13770 W BELL RD","","SURPRISE","AZ","85374","MARICOPA","Super Store","","","USDA","Maricopa (County, 2022)"
"Census Tract","04013617700","AZ","04013617700","=""04013617700""","70278","2020-2024","2022","Census","Walmart 3241","18551 N 83RD AVE","","GLENDALE","AZ","85308","MARICOPA","Super Store","","","USDA","Maricopa (County, 2022)"
"Census Tract","04013613601","AZ","04013613601","=""04013613601""","109375","2020-2024","2022","Census","Walmart 3896","21655 N LAKE PLEASANT PKWY","","PEORIA","AZ","85382","MARICOPA","Super Store","","","USDA","Maricopa (County, 2022)"
"Census Tract","04013611400","AZ","04013611400","=""04013611400""","137181","2020-2024","2022","Census","Walmart 4233","6550 W Happy Valley Rd","","Glendale","AZ","85310","MARICOPA","Super Store","","","USDA","Maricopa (County, 2022)"
"Census Tract","04013617700","AZ","04013617700","=""04013617700""","70278","2020-2024","2022","Census","Papa Johns #2012","8251 W Union Hills Dr","Ste 125","Glendale","AZ","85308","MARICOPA","Restaurant Meals Program","","","USDA","Maricopa (County, 2022)"
"Census Tract","04013610901","AZ","04013610901","=""04013610901""","153281","2020-2024","2022","Census","Papa Johns #3549","25101 N Lake Pleasant Pkwy","","Peoria","AZ","85383","MARICOPA","Restaurant Meals Program","","","USDA","Maricopa (County, 2022)"
"Census Tract","04013615600","AZ","04013615600","=""04013615600""","67917","2020-2024","2022","Census","Papa Murphy's AZ047","9015 W Union Hills Dr","Ste 102","Peoria","AZ","85382","MARICOPA","Specialty Store","","","USDA","Maricopa (County, 2022)"
"Census Tract","04013610902","AZ","04013610902","=""04013610902""","146076","2020-2024","2022","Census","Papa Murphy's AZ080","9980 W Happy Valley Rd","Ste 1130","Peoria","AZ","85383","MARICOPA","Specialty Store","","","USDA","Maricopa (County, 2022)"
"Census Tract","04013611200","AZ","04013611200","=""04013611200""","164156","2020-2024","2022","Census","Quik Trip 436","6739 W Happy Valley Rd","","Peoria","AZ","85383","MARICOPA","Convenience Store","","","USDA","Maricopa (County, 2022)"
"Census Tract","04013040531","AZ","04013040531","=""04013040531""","63555","2020-2024","2022","Census","QuikTrip 410","14007 W Grand Ave","","Surprise","AZ","85374","MARICOPA","Convenience Store","","","USDA","Maricopa (County, 2022)"
"Census Tract","04013061026","AZ","04013061026","=""04013061026""","99259","2020-2024","2022","Census","QuikTrip 415","16821 W Bell Rd","","Surprise","AZ","85374","MARICOPA","Convenience Store","","","USDA","Maricopa (County, 2022)"
"Census Tract","04013040532","AZ","04013040532","=""04013040532""","121444","2020-2024","2022","Census","QuikTrip 424","25215 N 115th Ave","","Sun City","AZ","85373","MARICOPA","Convenience Store","","","USDA","Maricopa (County, 2022)"
"Census Tract","04013613900","AZ","04013613900","=""04013613900""","138945","2020-2024","2022","Census","QuikTrip 439","7522 W Deer Valley Rd","","Peoria","AZ","85382","MARICOPA","Convenience Store","","","USDA","Maricopa (County, 2022)"
"Census Tract","04013613700","AZ","04013613700","=""04013613700""","130915","2020-2024","2022","Census","QuikTrip 472","8293 W Lake Pleasant Pkwy","","Peoria","AZ","85382","MARICOPA","Convenience Store","","","USDA","Maricopa (County, 2022)"
"Census Tract","04013617400","AZ","04013617400","=""04013617400""","66258","2020-2024","2022","Census","QuikTrip 494","11420 W Bell Rd","","Surprise","AZ","85378","MARICOPA","Convenience Store","","","USDA","Maricopa (County, 2022)"
"Census Tract","04013614200","AZ","04013614200","=""04013614200""","125083","2020-2024","2022","Census","SAFEWAY  1510","20205 N 67th Ave","","Glendale","AZ","85308","MARICOPA","Supermarket","","","USDA","Maricopa (County, 2022)"
"Census Tract","04013061061","AZ","04013061061","=""04013061061""","127578","2020-2024","2022","Census","SAFEWAY 1997","17049 W Bell Rd","","Surprise","AZ","85374","MARICOPA","Supermarket","","","USDA","Maricopa (County, 2022)"
"Census Tract","04013040507","AZ","04013040507","=""04013040507""","65619","2020-2024","2022","Census","SAFEWAY 2054","13503 W Camino del Sol","","Sun City West","AZ","85375","MARICOPA","Supermarket","","","USDA","Maricopa (County, 2022)"
"Census Tract","04013040536","AZ","04013040536","=""04013040536""","142411","2020-2024","2022","Census","Safeway 2799","28455 N Vistancia Blvd","","Peoria","AZ","85383","MARICOPA","Supermarket","","","USDA","Maricopa (County, 2022)"
"Census Tract","04013610901","AZ","04013610901","=""04013610901""","153281","2020-2024","2022","Census","Safeway 72","8010 W Happy Valley Road","","Peoria","AZ","85383","MARICOPA","Supermarket","","","USDA","Maricopa (County, 2022)"
"Census Tract","04013610901","AZ","04013610901","=""04013610901""","153281","2020-2024","2022","Census","Safeway Express 5831","7970 W Happy Valley Rd","","Peoria","AZ","85383","MARICOPA","Supermarket","","","USDA","Maricopa (County, 2022)"
"Census Tract","04013617700","AZ","04013617700","=""04013617700""","70278","2020-2024","2022","Census","Sam's Club 4732","18501 N 83rd Ave","","Glendale","AZ","85308","MARICOPA","Super Store","","","USDA","Maricopa (County, 2022)"
"Census Tract","04013610901","AZ","04013610901","=""04013610901""","153281","2020-2024","2022","Census","Shell 34","24805 N Lake Pleasant Pkwy","","Peoria","AZ","85383","MARICOPA","Convenience Store","","","USDA","Maricopa (County, 2022)"
"Census Tract","04013617900","AZ","04013617900","=""04013617900""","55966","2020-2024","2022","Census","Simon Xpress Pizza DBA Hungry Howie's # 1808","17035 N 67th Ave","Ste 1","Glendale","AZ","85308","MARICOPA","Restaurant Meals Program","","","USDA","Maricopa (County, 2022)"
"Census Tract","04013610902","AZ","04013610902","=""04013610902""","146076","2020-2024","2022","Census","Sprouts Farmers Market 31","10134 W Happy Valley Rd","","Peoria","AZ","85383","MARICOPA","Supermarket","","","USDA","Maricopa (County, 2022)"
"Census Tract","04013040536","AZ","04013040536","=""04013040536""","142411","2020-2024","2022","Census","Subway #52923","28471 N Vistancia Blvd","Ste 101","Peoria","AZ","85383","MARICOPA","Restaurant Meals Program","","","USDA","Maricopa (County, 2022)"
"Census Tract","04013613900","AZ","04013613900","=""04013613900""","138945","2020-2024","2022","Census","Subway 10996","8248 W Deer Valley Rd","Ste A 106","Peoria","AZ","85382","MARICOPA","Restaurant Meals Program","","","USDA","Maricopa (County, 2022)"
"Census Tract","04013611700","AZ","04013611700","=""04013611700""","135389","2020-2024","2022","Census","Subway 25800","6635 W Happy Valley Rd","Ste A102","Glendale","AZ","85310","MARICOPA","Restaurant Meals Program","","","USDA","Maricopa (County, 2022)"
"Census Tract","04013613601","AZ","04013613601","=""04013613601""","109375","2020-2024","2022","Census","Subway 30077","21655 N Lake Pleasant Pkwy","Walmart #3896","Peoria","AZ","85382","MARICOPA","Restaurant Meals Program","","","USDA","Maricopa (County, 2022)"
"Census Tract","04013040531","AZ","04013040531","=""04013040531""","63555","2020-2024","2022","Census","Burger King # 13344","14535 W Grand Ave","","Surprise","AZ","85374","MARICOPA","Restaurant Meals Program","","","USDA","Maricopa (County, 2022)"
"Census Tract","04013613601","AZ","04013613601","=""04013613601""","109375","2020-2024","2022","Census","Burger King # 16867","21551 N Lake Pleasant Pkwy","","Peoria","AZ","85382","MARICOPA","Restaurant Meals Program","","","USDA","Maricopa (County, 2022)"
"Census Tract","04013615900","AZ","04013615900","=""04013615900""","99982","2020-2024","2022","Census","Burger King #9242","20197 N 67th Ave","","Glendale","AZ","85308","MARICOPA","Restaurant Meals Program","","","USDA","Maricopa (County, 2022)"
"Census Tract","04013040527","AZ","04013040527","=""04013040527""","76544","2020-2024","2022","Census","CVS Pharmacy 5530","15300 N Cotton Ln","","Surprise","AZ","85374","MARICOPA","Other","","","USDA","Maricopa (County, 2022)"
"Census Tract","04013610800","AZ","04013610800","=""04013610800""","154258","2020-2024","2022","Census","Carioca Shell 99","34951 N Lake Pleasant Pkwy","","Peoria","AZ","85383","MARICOPA","Convenience Store","","","USDA","Maricopa (County, 2022)"
"Census Tract","04013615300","AZ","04013615300","=""04013615300""","61111","2020-2024","2022","Census","Circle K 2701054","18610 N 107th Ave","","Sun City","AZ","85373","MARICOPA","Convenience Store","","","USDA","Maricopa (County, 2022)"
"Census Tract","04013615600","AZ","04013615600","=""04013615600""","67917","2020-2024","2022","Census","Circle K 2705544","8326 W Union Hills Dr","","Peoria","AZ","85382","MARICOPA","Convenience Store","","","USDA","Maricopa (County, 2022)"
"Census Tract","04013611200","AZ","04013611200","=""04013611200""","164156","2020-2024","2022","Census","Circle K 2705576","24831 N 67th Ave","","Glendale","AZ","85310","MARICOPA","Convenience Store","","","USDA","Maricopa (County, 2022)"
"Census Tract","04013617400","AZ","04013617400","=""04013617400""","66258","2020-2024","2022","Census","Circle K 2706285","11339 W Bell Rd","","Surprise","AZ","85378","MARICOPA","Convenience Store","","","USDA","Maricopa (County, 2022)"
"Census Tract","04013614200","AZ","04013614200","=""04013614200""","125083","2020-2024","2022","Census","Circle K 2709181","20203 N 67th Ave","","Glendale","AZ","85308","MARICOPA","Convenience Store","","","USDA","Maricopa (County, 2022)"
"Census Tract","04013040531","AZ","04013040531","=""04013040531""","63555","2020-2024","2022","Census","Circle K Store 2741641","13908 W Bell Rd","","Surprise","AZ","85374","MARICOPA","Convenience Store","","","USDA","Maricopa (County, 2022)"
"Census Tract","04013613900","AZ","04013613900","=""04013613900""","138945","2020-2024","2022","Census","Jack in The Box #1513","8236 W Deer Valley Rd","","Peoria","AZ","85382","MARICOPA","Restaurant Meals Program","","","USDA","Maricopa (County, 2022)"
"Census Tract","04013040527","AZ","04013040527","=""04013040527""","76544","2020-2024","2022","Census","Jack in The Box #1563","16760 W Bell Rd","","Surprise","AZ","85374","MARICOPA","Restaurant Meals Program","","","USDA","Maricopa (County, 2022)"
"Census Tract","04013610901","AZ","04013610901","=""04013610901""","153281","2020-2024","2022","Census","Jack in The Box #1572","9841 W Happy Valley Rd","","Peoria","AZ","85383","MARICOPA","Restaurant Meals Program","","","USDA","Maricopa (County, 2022)"
"Census Tract","04013040507","AZ","04013040507","=""04013040507""","65619","2020-2024","2022","Census","7-eleven 42300A","13130 W Bell Rd","","Surprise","AZ","85378","MARICOPA","Convenience Store","","","USDA","Maricopa (County, 2022)"
"Census Tract","04013613900","AZ","04013613900","=""04013613900""","138945","2020-2024","2022","Census","ALBERTSONS  991","8240 W Deer Valley Rd","","Peoria","AZ","85382","MARICOPA","Supermarket","","","USDA","Maricopa (County, 2022)"
"Census Tract","04013613601","AZ","04013613601","=""04013613601""","109375","2020-2024","2022","Census","Bashas' 102","20351 N Lake Pleasant Rd","","Peoria","AZ","85382","MARICOPA","Super Store","","","USDA","Maricopa (County, 2022)"
"Census Tract","04013617500","AZ","04013617500","=""04013617500""","64671","2020-2024","2022","Census","FRY'S 114","9245 W Union Hills Dr","","Peoria","AZ","85382","MARICOPA","Super Store","","","USDA","Maricopa (County, 2022)"
"Census Tract","04013040528","AZ","04013040528","=""04013040528""","80234","2020-2024","2022","Census","FRY'S 61","15510 W Bell Rd","","Surprise","AZ","85374","MARICOPA","Super Store","","","USDA","Maricopa (County, 2022)"
"Census Tract","04013613800","AZ","04013613800","=""04013613800""","124679","2020-2024","2022","Census","FRY'S 74","8375 W Deer Valley Rd","","Peoria","AZ","85382","MARICOPA","Super Store","","","USDA","Maricopa (County, 2022)"
"Census Tract","04013040506","AZ","04013040506","=""04013040506""","54727","2020-2024","2022","Census","Fry's 86","19403 N R H Johnson Blvd","","Sun City West","AZ","85375","MARICOPA","Super Store","","","USDA","Maricopa (County, 2022)"
"Census Tract","04013615900","AZ","04013615900","=""04013615900""","99982","2020-2024","2022","Census","DOLLARTREE 10433","20165 N. 67th Ave.","","Glendale","AZ","85308","MARICOPA","Other","","","USDA","Maricopa (County, 2022)"
"Census Tract","04013617700","AZ","04013617700","=""04013617700""","70278","2020-2024","2022","Census","Dollar Tree 4709","8216 W Bell Rd","","Glendale","AZ","85308","MARICOPA","Other","","","USDA","Maricopa (County, 2022)"
"Census Tract","04013040527","AZ","04013040527","=""04013040527""","76544","2020-2024","2022","Census","Dollar Tree 5581","17092 W Bell Rd","","Surprise","AZ","85374","MARICOPA","Other","","","USDA","Maricopa (County, 2022)"
"Census Tract","04013614000","AZ","04013614000","=""04013614000""","127674","2020-2024","2022","Census","Sprouts Farmers Market 27","6760 W Deer Valley Rd","","Glendale","AZ","85310","MARICOPA","Supermarket","","","USDA","Maricopa (County, 2022)"
"Census Tract","04013611700","AZ","04013611700","=""04013611700""","135389","2020-2024","2022","Census","FRY'S 73","6625 W Happy Valley Rd","","Glendale","AZ","85310","MARICOPA","Super Store","","","USDA","Maricopa (County, 2022)"
"Census Tract","04013615700","AZ","04013615700","=""04013615700""","100250","2020-2024","2022","Census","Lee-bone's Fine Meats n/a","8190 W Union Hills Dr","Ste 115","Glendale","AZ","85308","MARICOPA","Specialty Store","","","USDA","Maricopa (County, 2022)"
"Census Tract","04013615800","AZ","04013615800","=""04013615800""","106708","2020-2024","2022","Census","AJ's Fine Foods 117","20050 N 67th Ave","","Glendale","AZ","85308","MARICOPA","Super Store","","","USDA","Maricopa (County, 2022)"
"Census Tract","04013040529","AZ","04013040529","=""04013040529""","83688","2020-2024","2022","Census","ALBERTSONS 977","14551 W Grand Ave","","Surprise","AZ","85374","MARICOPA","Supermarket","","","USDA","Maricopa (County, 2022)"
"Census Tract","04013610901","AZ","04013610901","=""04013610901""","153281","2020-2024","2022","Census","ALDI 79160","24665 N Lake Pleasant Pkwy","","Peoria","AZ","85383","MARICOPA","Supermarket","","","USDA","Maricopa (County, 2022)"
"Census Tract","04013610902","AZ","04013610902","=""04013610902""","146076","2020-2024","2022","Census","El Pollo Loco 3599","10000 W Happy Valley Pkwy","","Peoria","AZ","85383","MARICOPA","Restaurant Meals Program","","","USDA","Maricopa (County, 2022)"
"Census Tract","04013040531","AZ","04013040531","=""04013040531""","63555","2020-2024","2022","Census","Simon Xpress Pizza DBA Hungry Howie's # 1811","14291 W Grand Ave","Ste 115","Surprise","AZ","85374","MARICOPA","Restaurant Meals Program","","","USDA","Maricopa (County, 2022)"
"Census Tract","04013040531","AZ","04013040531","=""04013040531""","63555","2020-2024","2022","Census","Subway","14455 W Grand Ave","Ste 100","Surprise","AZ","85374","MARICOPA","Restaurant Meals Program","","","USDA","Maricopa (County, 2022)"
"Census Tract","04013610901","AZ","04013610901","=""04013610901""","153281","2020-2024","2022","Census","CVS Pharmacy 8952","24865 N Lake Pleasant Pkwy","","Peoria","AZ","85383","MARICOPA","Other","","","USDA","Maricopa (County, 2022)"
"Census Tract","04013040507","AZ","04013040507","=""04013040507""","65619","2020-2024","2022","Census","CVS Pharmacy 9230","19602 N R H Johnson Blvd","","Sun City West","AZ","85375","MARICOPA","Other","","","USDA","Maricopa (County, 2022)"
"Census Tract","04013615500","AZ","04013615500","=""04013615500""","64625","2020-2024","2022","Census","CVS Pharmacy 9294","9172 W Union Hills Dr","","Peoria","AZ","85382","MARICOPA","Other","","","USDA","Maricopa (County, 2022)"
"Census Tract","04013040528","AZ","04013040528","=""04013040528""","80234","2020-2024","2022","Census","CVS Pharmacy 9306","19505 N Sunrise Blvd","","Surprise","AZ","85374","MARICOPA","Other","","","USDA","Maricopa (County, 2022)"
"Census Tract","04013613800","AZ","04013613800","=""04013613800""","124679","2020-2024","2022","Census","Circle K 2705914","8325 W Deer Valley Rd","","Peoria","AZ","85382","MARICOPA","Convenience Store","","","USDA","Maricopa (County, 2022)"
"Census Tract","04013613500","AZ","04013613500","=""04013613500""","108571","2020-2024","2022","Census","Circle K 2706672","23336 N Lake Pleasant Rd","","Peoria","AZ","85383","MARICOPA","Convenience Store","","","USDA","Maricopa (County, 2022)"
"Census Tract","04013040529","AZ","04013040529","=""04013040529""","83688","2020-2024","2022","Census","Circle K Store 2741712","14559 W Grand Ave","","Surprise","AZ","85374","MARICOPA","Convenience Store","","","USDA","Maricopa (County, 2022)"
"Census Tract","04013061061","AZ","04013061061","=""04013061061""","127578","2020-2024","2022","Census","Circle K Store 2741713","16794 W Bell Rd","","Surprise","AZ","85374","MARICOPA","Convenience Store","","","USDA","Maricopa (County, 2022)"
"Census Tract","04013617700","AZ","04013617700","=""04013617700""","70278","2020-2024","2022","Census","Costco Wholesale 0674","17550 N 79th Ave","","Glendale","AZ","85308","MARICOPA","Super Store","","","USDA","Maricopa (County, 2022)"
"Census Tract","04013040537","AZ","04013040537","=""04013040537""","147946","2020-2024","2022","Census","Cst Corner Store 2741683","28460 N Vistancia Blvd","","Peoria","AZ","85383","MARICOPA","Convenience Store","","","USDA","Maricopa (County, 2022)"
"Census Tract","04013040531","AZ","04013040531","=""04013040531""","63555","2020-2024","2022","Census","Jack in The Box #1510","13738 W Bell Rd","","Surprise","AZ","85374","MARICOPA","Restaurant Meals Program","","","USDA","Maricopa (County, 2022)"
"Census Tract","04013040539","AZ","04013040539","=""04013040539""","85051","2020-2024","2022","Census","Kennedy's Roots","28824 N 177th Ave","","Surprise","AZ","85387","MARICOPA","Farmers and Markets","","","USDA","Maricopa (County, 2022)"
"Census Tract","04013610901","AZ","04013610901","=""04013610901""","153281","2020-2024","2022","Census","Fry's 657","25401 N Lake Pleasant Pkwy","","Peoria","AZ","85383","MARICOPA","Super Store","","","USDA","Maricopa (County, 2022)"
"Census Tract","04013040535","AZ","04013040535","=""04013040535""","131387","2020-2024","2022","Census","Fry's Marketplace 683","11701 W Lone Mountain Pkwy","","Peoria","AZ","85383","MARICOPA","Super Store","","","USDA","Maricopa (County, 2022)"
"Census Tract","04013040539","AZ","04013040539","=""04013040539""","85051","2020-2024","2022","Census","Dollar General 19349","17174 W Jomax Rd","","Surprise","AZ","85387","MARICOPA","Other","","","USDA","Maricopa (County, 2022)"
"Census Tract","04013613900","AZ","04013613900","=""04013613900""","138945","2020-2024","2022","Census","Dollar Tree 4669","8190 W Deer Valley Rd","Ste 110","Peoria","AZ","85382","MARICOPA","Other","","","USDA","Maricopa (County, 2022)"
"Census Tract","04013050603","AZ","04013050603","=""04013050603""","62297","2020-2024","2022","Census","Tonopah  Market #1 1","4126 N 411th Ave","","Tonopah","AZ","85354","MARICOPA","Convenience Store","","","USDA","Maricopa (County, 2022)"
"Census Tract","04013050603","AZ","04013050603","=""04013050603""","62297","2020-2024","2022","Census","Tonopah  Market #2 2","4127 N 411th Ave","","Tonopah","AZ","85354","MARICOPA","Convenience Store","","","USDA","Maricopa (County, 2022)"
"Census Tract","04013050603","AZ","04013050603","=""04013050603""","62297","2020-2024","2022","Census","Pilot Travel Center 1180","41112 W Indian School Rd","","Tonopah","AZ","85354","MARICOPA","Convenience Store","","","USDA","Maricopa (County, 2022)"
"Census Tract","04013050603","AZ","04013050603","=""04013050603""","62297","2020-2024","2022","Census","Wintersburg General Store","2614 S Wintersburg Rd","","Tonopah","AZ","85354","MARICOPA","Grocery Store","","","USDA","Maricopa (County, 2022)"
"Census Tract","04013050603","AZ","04013050603","=""04013050603""","62297","2020-2024","2022","Census","Rio Valley Market","315 S 515th Ave","","Tonopah","AZ","85354","MARICOPA","Grocery Store","","","USDA","Maricopa (County, 2022)"
"Census Tract","04013050621","AZ","04013050621","=""04013050621""","92786","2020-2024","2022","Census","TA Tonopah 225","I-10  Exit 103","","Tonopah","AZ","85354","MARICOPA","Convenience Store","","","USDA","Maricopa (County, 2022)"
"Census Tract","04013050603","AZ","04013050603","=""04013050603""","62297","2020-2024","2022","Census","Dollar General Store 17377","37930 W Salome Hwy","","Tonopah","AZ","85354","MARICOPA","Other","","","USDA","Maricopa (County, 2022)"
"Census Tract","04013610400","AZ","04013610400","=""04013610400""","121935","2020-2024","2022","Census","Walgreens 07516","2411 W Anthem Way","","Anthem","AZ","85086","MARICOPA","Other","","","USDA","Maricopa (County, 2022)"
"Census Tract","04013610002","AZ","04013610002","=""04013610002""","139458","2020-2024","2022","Census","Walmart 5329","4435 W ANTHEM WAY","","ANTHEM","AZ","85086","MARICOPA","Super Store","","","USDA","Maricopa (County, 2022)"
"Census Tract","04013610301","AZ","04013610301","=""04013610301""","139856","2020-2024","2022","Census","Safeway 3334","3655 W Anthem Way","","Anthem","AZ","85086","MARICOPA","Supermarket","","","USDA","Maricopa (County, 2022)"
"Census Tract","04013610002","AZ","04013610002","=""04013610002""","139458","2020-2024","2022","Census","Subway","4435 W Anthem Way","","Anthem","AZ","85086","MARICOPA","Restaurant Meals Program","","","USDA","Maricopa (County, 2022)"
"Census Tract","04013610301","AZ","04013610301","=""04013610301""","139856","2020-2024","2022","Census","Subway 22363","3655 W Anthem Way","Ste C105","Anthem","AZ","85086","MARICOPA","Restaurant Meals Program","","","USDA","Maricopa (County, 2022)"
"Census Tract","04013610201","AZ","04013610201","=""04013610201""","136435","2020-2024","2022","Census","CVS Pharmacy 9340","3610 W Anthem Way","","Anthem","AZ","85086","MARICOPA","Other","","","USDA","Maricopa (County, 2022)"
"Census Tract","04013610100","AZ","04013610100","=""04013610100""","107067","2020-2024","2022","Census","Carioca Shell 52","3906 W New River Rd","","New River","AZ","85087","MARICOPA","Convenience Store","","","USDA","Maricopa (County, 2022)"
"Census Tract","04013610201","AZ","04013610201","=""04013610201""","136435","2020-2024","2022","Census","Circle K 2709189","3502 W Anthem Way","","Anthem","AZ","85086","MARICOPA","Convenience Store","","","USDA","Maricopa (County, 2022)"
"Census Tract","04013610002","AZ","04013610002","=""04013610002""","139458","2020-2024","2022","Census","Circle K 2709192","4135 W Anthem Way","","Anthem","AZ","85086","MARICOPA","Convenience Store","","","USDA","Maricopa (County, 2022)"
"Census Tract","04013610002","AZ","04013610002","=""04013610002""","139458","2020-2024","2022","Census","Firehouse Subs #1844","42407 N Vision Way","Ste 103","Phoenix","AZ","85086","MARICOPA","Restaurant Meals Program","","","USDA","Maricopa (County, 2022)"
"Census Tract","04013610002","AZ","04013610002","=""04013610002""","139458","2020-2024","2022","Census","Del Taco # 1103","4115 W Anthem Way","","Anthem","AZ","85086","MARICOPA","Restaurant Meals Program","","","USDA","Maricopa (County, 2022)"
"Census Tract","04013610201","AZ","04013610201","=""04013610201""","136435","2020-2024","2022","Census","Dollar Tree 5564","3668 W Anthem Way","Ste A102","Anthem","AZ","85086","MARICOPA","Other","","","USDA","Maricopa (County, 2022)"
"Census Tract","04013040502","AZ","04013040502","=""04013040502""","67407","2020-2024","2022","Census","SAFEWAY  1584","1999 W Wickenburg Way","","Wickenburg","AZ","85390","MARICOPA","Supermarket","","","USDA","Maricopa (County, 2022)"
"Census Tract","04013040515","AZ","04013040515","=""04013040515""","68929","2020-2024","2022","Census","CVS Pharmacy 9270","2033 W Wickenburg Way","","Wickenburg","AZ","85390","MARICOPA","Other","","","USDA","Maricopa (County, 2022)"
"Census Tract","04013040515","AZ","04013040515","=""04013040515""","68929","2020-2024","2022","Census","Family Dollar Store 10741","50518 N Eagle View Dr","","Aguila","AZ","85320","MARICOPA","Other","","","USDA","Maricopa (County, 2022)"
"Census Tract","04013040515","AZ","04013040515","=""04013040515""","68929","2020-2024","2022","Census","Aguila 76 1","51348 W Highway 60","","Aguila","AZ","85320","MARICOPA","Convenience Store","","","USDA","Maricopa (County, 2022)"
"Census Tract","04013040515","AZ","04013040515","=""04013040515""","68929","2020-2024","2022","Census","Eagle Eye Mart","51445 US Hwy 60","","Aguila","AZ","85320","MARICOPA","Convenience Store","","","USDA","Maricopa (County, 2022)"
"Census Tract","04013040502","AZ","04013040502","=""04013040502""","67407","2020-2024","2022","Census","McDonald's #6217","370 E Wickenburg Way","","Wickenburg","AZ","85390","MARICOPA","Restaurant Meals Program","","","USDA","Maricopa (County, 2022)"
"Census Tract","04013040502","AZ","04013040502","=""04013040502""","67407","2020-2024","2022","Census","S&S Wickenburg Llc","1115 W Wickenburg Way","","Wickenburg","AZ","85390","MARICOPA","Convenience Store","","","USDA","Maricopa (County, 2022)"
"Census Tract","04013040502","AZ","04013040502","=""04013040502""","67407","2020-2024","2022","Census","Burger King #23617","520 E Wickenburg Way","","Wickenburg","AZ","85390","MARICOPA","Restaurant Meals Program","","","USDA","Maricopa (County, 2022)"
"Census Tract","04013040502","AZ","04013040502","=""04013040502""","67407","2020-2024","2022","Census","Circle K 2701286","104 E Wickenburg Way","","Wickenburg","AZ","85390","MARICOPA","Convenience Store","","","USDA","Maricopa (County, 2022)"
"Census Tract","04013040502","AZ","04013040502","=""04013040502""","67407","2020-2024","2022","Census","Maverik 600","784 W Wickenburg Way","","Wickenburg","AZ","85390","MARICOPA","Convenience Store","","","USDA","Maricopa (County, 2022)"
"Census Tract","04013040502","AZ","04013040502","=""04013040502""","67407","2020-2024","2022","Census","Bashas' 55","275 N Tegner St","","Wickenburg","AZ","85390","MARICOPA","Super Store","","","USDA","Maricopa (County, 2022)"
"Census Tract","04013040502","AZ","04013040502","=""04013040502""","67407","2020-2024","2022","Census","Family Dollar Store 5048","1235 W Wickenburg Way","","Wickenburg","AZ","85390","MARICOPA","Other","","","USDA","Maricopa (County, 2022)"
"Census Tract","04013040502","AZ","04013040502","=""04013040502""","67407","2020-2024","2022","Census","Dollar General 6937","825 N Tegner St","","Wickenburg","AZ","85390","MARICOPA","Other","","","USDA","Maricopa (County, 2022)"
"Census Tract","04013216822","AZ","04013216822","=""04013216822""","163974","2020-2024","2022","Census","Target Store T-1327","32351 N Scottsdale Rd","","Scottsdale","AZ","85262","MARICOPA","Super Store","","","USDA","Maricopa (County, 2022)"
"Census Tract","04013613100","AZ","04013613100","=""04013613100""","105441","2020-2024","2022","Census","Walgreens 03766","34402 N Scottsdale Rd","","Scottsdale","AZ","85266","MARICOPA","Other","","","USDA","Maricopa (County, 2022)"
"Census Tract","04013216842","AZ","04013216842","=""04013216842""","161089","2020-2024","2022","Census","Walgreens 06534","20631 N Scottsdale Rd","","Scottsdale","AZ","85255","MARICOPA","Other","","","USDA","Maricopa (County, 2022)"
"Census Tract","04013613000","AZ","04013613000","=""04013613000""","197750","2020-2024","2022","Census","Walmart 5835","34399 N Cave Creek Rd","","Cave Creek","AZ","85331","MARICOPA","Super Store","","","USDA","Maricopa (County, 2022)"
"Census Tract","04013030401","AZ","04013030401","=""04013030401""","150943","2020-2024","2022","Census","Wilcox Gas Operating LLC","7201 E Cave Creek Rd","","Carefree","AZ","85377","MARICOPA","Convenience Store","","","USDA","Maricopa (County, 2022)"
"Census Tract","04013216822","AZ","04013216822","=""04013216822""","163974","2020-2024","2022","Census","SAFEWAY  1849","32551 N Scottsdale Rd","","Scottsdale","AZ","85266","MARICOPA","Supermarket","","","USDA","Maricopa (County, 2022)"
"Census Tract","04013216840","AZ","04013216840","=""04013216840""","138194","2020-2024","2022","Census","SAFEWAY 1253","23565 N Scottsdale Rd","","Scottsdale","AZ","85255","MARICOPA","Supermarket","","","USDA","Maricopa (County, 2022)"
"Census Tract","04013216841","AZ","04013216841","=""04013216841""","113542","2020-2024","2022","Census","Sprouts Farmers Market 29","23269 N Scottsdale Rd","","Scottsdale","AZ","85255","MARICOPA","Supermarket","","","USDA","Maricopa (County, 2022)"
"Census Tract","04013615202","AZ","04013615202","=""04013615202""","110361","2020-2024","2022","Census","Sprouts Farmers Market 30","5455 E High St","Ste 107","Phoenix","AZ","85054","MARICOPA","Supermarket","","","USDA","Maricopa (County, 2022)"
"Census Tract","04013612500","AZ","04013612500","=""04013612500""","127875","2020-2024","2022","Census","Sprouts Farmers Market 44","5355 E. Carefree Hwy","Building A","Cave Creek","AZ","85331","MARICOPA","Supermarket","","","USDA","Maricopa (County, 2022)"
"Census Tract","04013216822","AZ","04013216822","=""04013216822""","163974","2020-2024","2022","Census","CVS Pharmacy 7839","32331 N Scottsdale Rd","","Scottsdale","AZ","85262","MARICOPA","Other","","","USDA","Maricopa (County, 2022)"
"Census Tract","04013030402","AZ","04013030402","=""04013030402""","106801","2020-2024","2022","Census","Circle K 2705281","6802 E Cave Creek Rd","","Cave Creek","AZ","85331","MARICOPA","Convenience Store","","","USDA","Maricopa (County, 2022)"
"Census Tract","04013030402","AZ","04013030402","=""04013030402""","106801","2020-2024","2022","Census","Circle K 2705598","6210 E Cave Creek Rd","","Cave Creek","AZ","85331","MARICOPA","Convenience Store","","","USDA","Maricopa (County, 2022)"
"Census Tract","04013216842","AZ","04013216842","=""04013216842""","161089","2020-2024","2022","Census","Circle K 2705915","20721 N Scottsdale Rd","","Scottsdale","AZ","85255","MARICOPA","Convenience Store","","","USDA","Maricopa (County, 2022)"
"Census Tract","04013216822","AZ","04013216822","=""04013216822""","163974","2020-2024","2022","Census","AJ's Fine Foods 90","31311 N Scottsdale Rd","","Scottsdale","AZ","85266","MARICOPA","Super Store","","","USDA","Maricopa (County, 2022)"
"Census Tract","04013216844","AZ","04013216844","=""04013216844""","102682","2020-2024","2022","Census","Fry's 673","20427 N Hayden Rd","","Scottsdale","AZ","85255","MARICOPA","Super Store","","","USDA","Maricopa (County, 2022)"
"Census Tract","04013616400","AZ","04013616400","=""04013616400""","69449","2020-2024","2022","Census","Target Store T-1141","2727 W Agua Fria Fwy","","Phoenix","AZ","85027","MARICOPA","Super Store","","","USDA","Maricopa (County, 2022)"
"Census Tract","04013615202","AZ","04013615202","=""04013615202""","110361","2020-2024","2022","Census","Target Store T-1360","21001 N Tatum Blvd","Ste 20","Phoenix","AZ","85050","MARICOPA","Super Store","","","USDA","Maricopa (County, 2022)"
"Census Tract","04013612800","AZ","04013612800","=""04013612800""","120000","2020-2024","2022","Census","Walgreens 03912","29660 N Tatum Blvd","","Cave Creek","AZ","85331","MARICOPA","Other","","","USDA","Maricopa (County, 2022)"
"Census Tract","04013615002","AZ","04013615002","=""04013615002""","121897","2020-2024","2022","Census","Walgreens 09261","4710 E Rose Garden Ln","","Phoenix","AZ","85050","MARICOPA","Other","","","USDA","Maricopa (County, 2022)"
"Census Tract","04013614400","AZ","04013614400","=""04013614400""","61000","2020-2024","2022","Census","Walgreens 5266","21632 N 35th Ave","","Glendale","AZ","85308","MARICOPA","Other","","","USDA","Maricopa (County, 2022)"
"Census Tract","04013611300","AZ","04013611300","=""04013611300""","134123","2020-2024","2022","Census","Walgreens 9472","2707 W Carefree Hwy","","Phoenix","AZ","85085","MARICOPA","Other","","","USDA","Maricopa (County, 2022)"
"Census Tract","04013612301","AZ","04013612301","=""04013612301""","98387","2020-2024","2022","Census","Walmart 5190","2501 W Happy Valley Rd","Ste 34","Phoenix","AZ","85085","MARICOPA","Super Store","","","USDA","Maricopa (County, 2022)"
"Census Tract","04013612500","AZ","04013612500","=""04013612500""","127875","2020-2024","2022","Census","Papa Johns #4388","4815 E Carefree Hwy","Ste C128","Cave Creek","AZ","85331","MARICOPA","Restaurant Meals Program","","","USDA","Maricopa (County, 2022)"
"Census Tract","04013612800","AZ","04013612800","=""04013612800""","120000","2020-2024","2022","Census","Papa Murphy's Pizza AZ010","29455 N Cave Creek Rd","Ste 142","Cave Creek","AZ","85331","MARICOPA","Specialty Store","","","USDA","Maricopa (County, 2022)"
"Census Tract","04013611600","AZ","04013611600","=""04013611600""","175086","2020-2024","2022","Census","QuikTrip 1435","3510 W Happy Valley Rd","","Phoenix","AZ","85085","MARICOPA","Convenience Store","","","USDA","Maricopa (County, 2022)"
"Census Tract","04013616500","AZ","04013616500","=""04013616500""","83342","2020-2024","2022","Census","QuikTrip 421","19990 N 19th Ave","","Phoenix","AZ","85027","MARICOPA","Convenience Store","","","USDA","Maricopa (County, 2022)"
"Census Tract","04013616800","AZ","04013616800","=""04013616800""","105365","2020-2024","2022","Census","QuikTrip 426","19815 N 7th St","","Phoenix","AZ","85024","MARICOPA","Convenience Store","","","USDA","Maricopa (County, 2022)"
"Census Tract","04013614700","AZ","04013614700","=""04013614700""","59315","2020-2024","2022","Census","QuikTrip 465","23550 N 23rd Ave","","Phoenix","AZ","85027","MARICOPA","Convenience Store","","","USDA","Maricopa (County, 2022)"
"Census Tract","04013614900","AZ","04013614900","=""04013614900""","107763","2020-2024","2022","Census","QuikTrip 497R","21050 N Cave Creek Rd","","Phoenix","AZ","85024","MARICOPA","Convenience Store","","","USDA","Maricopa (County, 2022)"
"Census Tract","04013611800","AZ","04013611800","=""04013611800""","120412","2020-2024","2022","Census","Runway Rest LLC dba Subway 18603","23425 N 39th Drive","Ste 108","Glendale","AZ","85310","MARICOPA","Restaurant Meals Program","","","USDA","Maricopa (County, 2022)"
"Census Tract","04013612600","AZ","04013612600","=""04013612600""","97438","2020-2024","2022","Census","SAFEWAY  1543","29834 N Cave Creek Rd","","Cave Creek","AZ","85331","MARICOPA","Supermarket","","","USDA","Maricopa (County, 2022)"
"Census Tract","04013611600","AZ","04013611600","=""04013611600""","175086","2020-2024","2022","Census","Safeway 2821","3800 W Happy Valley Rd","","Phoenix","AZ","85310","MARICOPA","Supermarket","","","USDA","Maricopa (County, 2022)"
"Census Tract","04013610600","AZ","04013610600","=""04013610600""","136006","2020-2024","2022","Census","Sprouts Farmers Market 51","34750 N North Valley Pkwy","","Phoenix","AZ","85086","MARICOPA","Supermarket","","","USDA","Maricopa (County, 2022)"
"Census Tract","04013610600","AZ","04013610600","=""04013610600""","136006","2020-2024","2022","Census","Subway 25887","3120 W Carefree Hwy","Ste B-9","Phoenix","AZ","85086","MARICOPA","Restaurant Meals Program","","","USDA","Maricopa (County, 2022)"
"Census Tract","04013614900","AZ","04013614900","=""04013614900""","107763","2020-2024","2022","Census","Burger King # 25016","2337 E Quail Ave","","Phoenix","AZ","85024","MARICOPA","Restaurant Meals Program","","","USDA","Maricopa (County, 2022)"
"Census Tract","04013616400","AZ","04013616400","=""04013616400""","69449","2020-2024","2022","Census","Burger King # 27774","20035 N 35th Ave","","Phoenix","AZ","85027","MARICOPA","Restaurant Meals Program","","","USDA","Maricopa (County, 2022)"
"Census Tract","04013616600","AZ","04013616600","=""04013616600""","84575","2020-2024","2022","Census","Burger King #24194","20039 N 19th Ave","","Phoenix","AZ","85027","MARICOPA","Restaurant Meals Program","","","USDA","Maricopa (County, 2022)"
"Census Tract","04013611500","AZ","04013611500","=""04013611500""","160461","2020-2024","2022","Census","CVS Pharmacy 10615","5450 W Happy Valley Rd","","Phoenix","AZ","85308","MARICOPA","Other","","","USDA","Maricopa (County, 2022)"
"Census Tract","04013613300","AZ","04013613300","=""04013613300""","149596","2020-2024","2022","Census","CVS Pharmacy 7852","28138 N Tatum Blvd","","Cave Creek","AZ","85331","MARICOPA","Other","","","USDA","Maricopa (County, 2022)"
"Census Tract","04013615202","AZ","04013615202","=""04013615202""","110361","2020-2024","2022","Census","CVS Pharmacy 9339","21001 N Tatum Blvd","Ste 82","Phoenix","AZ","85050","MARICOPA","Other","","","USDA","Maricopa (County, 2022)"
"Census Tract","04013614700","AZ","04013614700","=""04013614700""","59315","2020-2024","2022","Census","Cal Inc 82556","20838 N 19th Ave","","Phoenix","AZ","85027","MARICOPA","Convenience Store","","","USDA","Maricopa (County, 2022)"
"Census Tract","04013612402","AZ","04013612402","=""04013612402""","163889","2020-2024","2022","Census","Circle K 2705295","29816 N Tatum Blvd","","Cave Creek","AZ","85331","MARICOPA","Convenience Store","","","USDA","Maricopa (County, 2022)"
"Census Tract","04013613300","AZ","04013613300","=""04013613300""","149596","2020-2024","2022","Census","Circle K 2705303","26290 N Tatum Blvd","","Phoenix","AZ","85050","MARICOPA","Convenience Store","","","USDA","Maricopa (County, 2022)"
"Census Tract","04013614400","AZ","04013614400","=""04013614400""","61000","2020-2024","2022","Census","Circle K 2705322","24838 N 35th Ave","","Phoenix","AZ","85027","MARICOPA","Convenience Store","","","USDA","Maricopa (County, 2022)"
"Census Tract","04013614800","AZ","04013614800","=""04013614800""","72474","2020-2024","2022","Census","Circle K 2705325","20202 N 7th Ave","","Phoenix","AZ","85027","MARICOPA","Convenience Store","","","USDA","Maricopa (County, 2022)"
"Census Tract","04013612500","AZ","04013612500","=""04013612500""","127875","2020-2024","2022","Census","Circle K 2705954","4815 E Carefree Hwy","","Cave Creek","AZ","85331","MARICOPA","Convenience Store","","","USDA","Maricopa (County, 2022)"
"Census Tract","04013610500","AZ","04013610500","=""04013610500""","145795","2020-2024","2022","Census","Circle K 2706640","620 E Carefree Hwy","","Phoenix","AZ","85085","MARICOPA","Convenience Store","","","USDA","Maricopa (County, 2022)"
"Census Tract","04013614300","AZ","04013614300","=""04013614300""","137031","2020-2024","2022","Census","Circle K 2706655","20207 N 59th Ave","","Glendale","AZ","85308","MARICOPA","Convenience Store","","","USDA","Maricopa (County, 2022)"
"Census Tract","04013611300","AZ","04013611300","=""04013611300""","134123","2020-2024","2022","Census","Cst Corner Store 2741639","2575 W Sonoran Desert Dr","","Phoenix","AZ","85085","MARICOPA","Convenience Store","","","USDA","Maricopa (County, 2022)"
"Census Tract","04013616400","AZ","04013616400","=""04013616400""","69449","2020-2024","2022","Census","Jack in The Box #1141","19818 N 27th Ave","","Phoenix","AZ","85027","MARICOPA","Restaurant Meals Program","","","USDA","Maricopa (County, 2022)"
"Census Tract","04013612301","AZ","04013612301","=""04013612301""","98387","2020-2024","2022","Census","Jack in The Box #1560","2113 W Happy Valley Rd","","Phoenix","AZ","85085","MARICOPA","Restaurant Meals Program","","","USDA","Maricopa (County, 2022)"
"Census Tract","04013615202","AZ","04013615202","=""04013615202""","110361","2020-2024","2022","Census","Jacksons Food Stores 804","21001 N Tatum Blvd","","Phoenix","AZ","85050","MARICOPA","Convenience Store","","","USDA","Maricopa (County, 2022)"
"Census Tract","04013616400","AZ","04013616400","=""04013616400""","69449","2020-2024","2022","Census","7-ELEVEN 32319 A","19848 N 27th Ave","","Phoenix","AZ","85027","MARICOPA","Convenience Store","","","USDA","Maricopa (County, 2022)"
"Census Tract","04013615202","AZ","04013615202","=""04013615202""","110361","2020-2024","2022","Census","Albertsons 25","21001 N TATUM BLVD","","PHOENIX","AZ","85050","MARICOPA","Supermarket","","","USDA","Maricopa (County, 2022)"
"Census Tract","04013610600","AZ","04013610600","=""04013610600""","136006","2020-2024","2022","Census","Albertsons 4","3130 W Carefree Hwy","","Phoenix","AZ","85086","MARICOPA","Supermarket","","","USDA","Maricopa (County, 2022)"
"Census Tract","04013611300","AZ","04013611300","=""04013611300""","134123","2020-2024","2022","Census","FRY'S #694","2800 W Dove Valley Rd","","Phoenix","AZ","85085","MARICOPA","Super Store","","","USDA","Maricopa (County, 2022)"
"Census Tract","04013617002","AZ","04013617002","=""04013617002""","89010","2020-2024","2022","Census","Fast Market 4593","20205 N Cave Creek Rd","","Phoenix","AZ","85024","MARICOPA","Convenience Store","","","USDA","Maricopa (County, 2022)"
"Census Tract","04013612301","AZ","04013612301","=""04013612301""","98387","2020-2024","2022","Census","Dollar Tree 4480","2501 W Happy Valley Rd","Ste 41","Phoenix","AZ","85085","MARICOPA","Other","","","USDA","Maricopa (County, 2022)"
"Census Tract","04013614300","AZ","04013614300","=""04013614300""","137031","2020-2024","2022","Census","Jack in The Box #1500","20209 N 59th Ave","","Glendale","AZ","85308","MARICOPA","Restaurant Meals Program","","","USDA","Maricopa (County, 2022)"
"Census Tract","04013614200","AZ","04013614200","=""04013614200""","125083","2020-2024","2022","Census","FRY'S 60","20220 N 59th Ave","","Glendale","AZ","85308","MARICOPA","Super Store","","","USDA","Maricopa (County, 2022)"
"Census Tract","04013613000","AZ","04013613000","=""04013613000""","197750","2020-2024","2022","Census","BURGER KING 21771","34193 N Cave Creek Rd","","Cave Creek","AZ","85331","MARICOPA","Restaurant Meals Program","","","USDA","Maricopa (County, 2022)"
"Census Tract","04013030401","AZ","04013030401","=""04013030401""","150943","2020-2024","2022","Census","Bashas' 66","36889 TOM DARLINGTON","","CAREFREE","AZ","85377","MARICOPA","Super Store","","","USDA","Maricopa (County, 2022)"
"Census Tract","04013617001","AZ","04013617001","=""04013617001""","N/A","2020-2024","2022","Census","Block & Apron 1","20820 N 25th Pl","","Phoenix","AZ","85050","MARICOPA","Specialty Store","","","USDA","Maricopa (County, 2022)"
"Census Tract","04013612500","AZ","04013612500","=""04013612500""","127875","2020-2024","2022","Census","FRY'S 67","4815 E Carefree Hwy Bldg 100","","Cave Creek","AZ","85331","MARICOPA","Super Store","","","USDA","Maricopa (County, 2022)"
"Census Tract","04013612301","AZ","04013612301","=""04013612301""","98387","2020-2024","2022","Census","Fry's 96","26300 N Norterra Pkwy","","Phoenix","AZ","85085","MARICOPA","Super Store","","","USDA","Maricopa (County, 2022)"
"Census Tract","04013612301","AZ","04013612301","=""04013612301""","98387","2020-2024","2022","Census","Starcorp LLC dba Carls Jr 7571","2501 W Happy Valley Rd","","Phoenix","AZ","85085","MARICOPA","Restaurant Meals Program","","","USDA","Maricopa (County, 2022)"
"Census Tract","04013612301","AZ","04013612301","=""04013612301""","98387","2020-2024","2022","Census","Subway 31796","2330 W Happy Valley Rd","Ste 1025","Phoenix","AZ","85085","MARICOPA","Restaurant Meals Program","","","USDA","Maricopa (County, 2022)"
"Census Tract","04013611600","AZ","04013611600","=""04013611600""","175086","2020-2024","2022","Census","Burger King # 17086","3840 W Happy Valley Rd","","Glendale","AZ","85310","MARICOPA","Restaurant Meals Program","","","USDA","Maricopa (County, 2022)"
"Census Tract","04013611300","AZ","04013611300","=""04013611300""","134123","2020-2024","2022","Census","Burger King # 24145","33100 N North Valley Pkwy","","Phoenix","AZ","85085","MARICOPA","Restaurant Meals Program","","","USDA","Maricopa (County, 2022)"
"Census Tract","04013612200","AZ","04013612200","=""04013612200""","135313","2020-2024","2022","Census","CVS Pharmacy 10150","28635 N Valley Pkwy","","Phoenix","AZ","85085","MARICOPA","Other","","","USDA","Maricopa (County, 2022)"
"Census Tract","04013616900","AZ","04013616900","=""04013616900""","97279","2020-2024","2022","Census","Circle K 2700720","2359 E Beardsley Rd","","Phoenix","AZ","85024","MARICOPA","Convenience Store","","","USDA","Maricopa (County, 2022)"
"Census Tract","04013614700","AZ","04013614700","=""04013614700""","59315","2020-2024","2022","Census","Circle K 2701673","1910 W Deer Valley Rd","","Phoenix","AZ","85027","MARICOPA","Convenience Store","","","USDA","Maricopa (County, 2022)"
"Census Tract","04013612301","AZ","04013612301","=""04013612301""","98387","2020-2024","2022","Census","Circle K 2703403","1850 W Happy Valley Rd","","Phoenix","AZ","85085","MARICOPA","Convenience Store","","","USDA","Maricopa (County, 2022)"
"Census Tract","04013614601","AZ","04013614601","=""04013614601""","66542","2020-2024","2022","Census","Circle K 2705308","3435 W Deer Valley Rd","","Phoenix","AZ","85027","MARICOPA","Convenience Store","","","USDA","Maricopa (County, 2022)"
"Census Tract","04013616700","AZ","04013616700","=""04013616700""","90625","2020-2024","2022","Census","Circle K 2706643","19830 N 7th St","","Phoenix","AZ","85024","MARICOPA","Convenience Store","","","USDA","Maricopa (County, 2022)"
"Census Tract","04013614700","AZ","04013614700","=""04013614700""","59315","2020-2024","2022","Census","Circle K 2706648","2311 W Deer Valley Rd","","Phoenix","AZ","85027","MARICOPA","Convenience Store","","","USDA","Maricopa (County, 2022)"
"Census Tract","04013614500","AZ","04013614500","=""04013614500""","90625","2020-2024","2022","Census","Circle K 2708556","2702 W Deer Valley Rd","","Phoenix","AZ","85027","MARICOPA","Convenience Store","","","USDA","Maricopa (County, 2022)"
"Census Tract","04013617002","AZ","04013617002","=""04013617002""","89010","2020-2024","2022","Census","Costco Wholesale 0738","2450 E Beardsley Rd","","Phoenix","AZ","85050","MARICOPA","Super Store","","","USDA","Maricopa (County, 2022)"
"Census Tract","04013614700","AZ","04013614700","=""04013614700""","59315","2020-2024","2022","Census","Jack in The Box #1525","2141 W Deer Valley Rd","","Phoenix","AZ","85027","MARICOPA","Restaurant Meals Program","","","USDA","Maricopa (County, 2022)"
"Census Tract","04013617002","AZ","04013617002","=""04013617002""","89010","2020-2024","2022","Census","Jack in The Box #1553","2420 E Beardsley Rd","","Phoenix","AZ","85050","MARICOPA","Restaurant Meals Program","","","USDA","Maricopa (County, 2022)"
"Census Tract","04013612301","AZ","04013612301","=""04013612301""","98387","2020-2024","2022","Census","Jacksons Food Stores 802","2501 W Happy Valley Rd","Ste 43","Phoenix","AZ","85085","MARICOPA","Convenience Store","","","USDA","Maricopa (County, 2022)"
"Census Tract","04013612800","AZ","04013612800","=""04013612800""","120000","2020-2024","2022","Census","Fry's 474","29455 N Cave Creek Rd","","Cave Creek","AZ","85331","MARICOPA","Super Store","","","USDA","Maricopa (County, 2022)"
"Census Tract","04013612200","AZ","04013612200","=""04013612200""","135313","2020-2024","2022","Census","Fry's 678","16400 W Pat Tillman Blvd","","Phoenix","AZ","85085","MARICOPA","Super Store","","","USDA","Maricopa (County, 2022)"
"Census Tract","04013616400","AZ","04013616400","=""04013616400""","69449","2020-2024","2022","Census","Dollar Tree 7974","2919 W Agua Fria Fwy","Ste. 102","Phoenix","AZ","85027","MARICOPA","Other","","","USDA","Maricopa (County, 2022)"
"Census Tract","04013610301","AZ","04013610301","=""04013610301""","139856","2020-2024","2022","Census","Circle K 2706671","39414 N Daisy Mountain Dr","","Phoenix","AZ","85086","MARICOPA","Convenience Store","","","USDA","Maricopa (County, 2022)"
"Census Tract","04013610302","AZ","04013610302","=""04013610302""","121365","2020-2024","2022","Census","Fry's 78","39508 N Daisy Mountain Dr","","Phoenix","AZ","85086","MARICOPA","Super Store","","","USDA","Maricopa (County, 2022)"
"Census Tract","04013610301","AZ","04013610301","=""04013610301""","139856","2020-2024","2022","Census","DOLLARTREE 10709","39510 N Gavilan Peak Pkwy","","Anthem","AZ","85086","MARICOPA","Other","","","USDA","Maricopa (County, 2022)"
"Census Tract","04013216851","AZ","04013216851","=""04013216851""","223333","2020-2024","2022","Census","Walgreens 03602","8816 E Pinnacle Peak Rd","","Scottsdale","AZ","85255","MARICOPA","Other","","","USDA","Maricopa (County, 2022)"
"Census Tract","04013216829","AZ","04013216829","=""04013216829""","169484","2020-2024","2022","Census","Walgreens 06729","10929 E Dynamite Blvd","","Scottsdale","AZ","85262","MARICOPA","Other","","","USDA","Maricopa (County, 2022)"
"Census Tract","04013216851","AZ","04013216851","=""04013216851""","223333","2020-2024","2022","Census","Papa Johns #5331","23359 N Pima Rd","","Scottsdale","AZ","85255","MARICOPA","Restaurant Meals Program","","","USDA","Maricopa (County, 2022)"
"Census Tract","04013216855","AZ","04013216855","=""04013216855""","195727","2020-2024","2022","Census","SAFEWAY  1663","20901 N Pima Rd","","Scottsdale","AZ","85255","MARICOPA","Supermarket","","","USDA","Maricopa (County, 2022)"
"Census Tract","04013216851","AZ","04013216851","=""04013216851""","223333","2020-2024","2022","Census","CVS Pharmacy 9264","23215 N Pima Rd","","Scottsdale","AZ","85255","MARICOPA","Other","","","USDA","Maricopa (County, 2022)"
"Census Tract","04013216829","AZ","04013216829","=""04013216829""","169484","2020-2024","2022","Census","Circle K 2706656","10989 E Dynamite Blvd","Ste 101","Scottsdale","AZ","85262","MARICOPA","Convenience Store","","","USDA","Maricopa (County, 2022)"
"Census Tract","04013216851","AZ","04013216851","=""04013216851""","223333","2020-2024","2022","Census","AJ's Fine Foods 75","23251 N Pima Rd","","Scottsdale","AZ","85255","MARICOPA","Super Store","","","USDA","Maricopa (County, 2022)"
"Census Tract","04013422615","AZ","04013422615","=""04013422615""","110221","2020-2024","2022","Census","Dollar Tree 2633","10708 E Southern Ave","","Mesa","AZ","85209","MARICOPA","Other","","","USDA","Maricopa (County, 2022)"
"Census Tract","04013422629","AZ","04013422629","=""04013422629""","89013","2020-2024","2022","Census","Walgreens 2963","11545 E Apache Trl","","Apache Junction","AZ","85120","MARICOPA","Other","","","USDA","Maricopa (County, 2022)"
"Census Tract","04013422615","AZ","04013422615","=""04013422615""","110221","2020-2024","2022","Census","Walmart 3833","1606 S SIGNAL BUTTE RD","","MESA","AZ","85209","MARICOPA","Super Store","","","USDA","Maricopa (County, 2022)"
"Census Tract","04013422629","AZ","04013422629","=""04013422629""","89013","2020-2024","2022","Census","Papa Johns #2772","10745 E Apache Trl","","Apache Junction","AZ","85120","MARICOPA","Restaurant Meals Program","","","USDA","Maricopa (County, 2022)"
"Census Tract","04013422615","AZ","04013422615","=""04013422615""","110221","2020-2024","2022","Census","Sprouts Farmers Market 43","1240 S. Signal Butte Rd.","","Mesa","AZ","85209","MARICOPA","Supermarket","","","USDA","Maricopa (County, 2022)"
"Census Tract","04013420116","AZ","04013420116","=""04013420116""","44669","2020-2024","2022","Census","Superstition Ranch Market 2","7 N 114th St","","Apache Junction","AZ","85120","MARICOPA","Supermarket","GusNIP","Pinnacle Prevention Corp.","USDA","Maricopa (County, 2022)"
"Census Tract","04013422653","AZ","04013422653","=""04013422653""","66715","2020-2024","2022","Census","Circle K 2709191","1153 S Signal Butte Rd","","Mesa","AZ","85208","MARICOPA","Convenience Store","","","USDA","Maricopa (County, 2022)"
"Census Tract","04013420115","AZ","04013420115","=""04013420115""","59028","2020-2024","2022","Census","Kings Up In Smoke","10250 E Apache Trl","","Apache Junction","AZ","85120","MARICOPA","Convenience Store","","","USDA","Maricopa (County, 2022)"
"Census Tract","04013422615","AZ","04013422615","=""04013422615""","110221","2020-2024","2022","Census","Desert Taco East LLC.","1842 S Signal Butte Rd","","Mesa","AZ","85209","MARICOPA","Restaurant Meals Program","","","USDA","Maricopa (County, 2022)"
"Census Tract","04013422628","AZ","04013422628","=""04013422628""","50893","2020-2024","2022","Census","Flowers Bakery Outlet 780","10107 E Apache Trl","","Apache Junction","AZ","85120","MARICOPA","Convenience Store","","","USDA","Maricopa (County, 2022)"
"Census Tract","04013422629","AZ","04013422629","=""04013422629""","89013","2020-2024","2022","Census","El Herradero Carniceria Y Restaurante","10839 E Apache Trl","Ste 107","Apache Junction","AZ","85120","MARICOPA","Grocery Store","","","USDA","Maricopa (County, 2022)"
"Census Tract","04013422652","AZ","04013422652","=""04013422652""","76389","2020-2024","2022","Census","Papa Murphy's AZ097","2748 S Signal Butte Rd","","Mesa","AZ","85209","MARICOPA","Specialty Store","","","USDA","Maricopa (County, 2022)"
"Census Tract","04013422647","AZ","04013422647","=""04013422647""","153355","2020-2024","2022","Census","Safeway 2922","4316 S Signal Butte Road","","Mesa","AZ","85212","MARICOPA","Supermarket","","","USDA","Maricopa (County, 2022)"
"Census Tract","04013422651","AZ","04013422651","=""04013422651""","167188","2020-2024","2022","Census","Burger King # 23607","10726 E Guadalupe Rd","","Mesa","AZ","85212","MARICOPA","Restaurant Meals Program","","","USDA","Maricopa (County, 2022)"
"Census Tract","04013422647","AZ","04013422647","=""04013422647""","153355","2020-2024","2022","Census","JACK IN THE BOX #1617","4338 S Signal Butte Rd","","Mesa","AZ","85212","MARICOPA","Restaurant Meals Program","","","USDA","Maricopa (County, 2022)"
"Census Tract","04013422652","AZ","04013422652","=""04013422652""","76389","2020-2024","2022","Census","Aldi 79163","2737 S Signal Butte Rd","","Mesa","AZ","85209","MARICOPA","Supermarket","","","USDA","Maricopa (County, 2022)"
"Census Tract","04013422652","AZ","04013422652","=""04013422652""","76389","2020-2024","2022","Census","Fry's 686","2724 S Signal Butte Rd","","Mesa","AZ","85209","MARICOPA","Super Store","","","USDA","Maricopa (County, 2022)"
"Census Tract","04013817300","AZ","04013817300","=""04013817300""","67578","2020-2024","2022","Census","Walgreens 03669","10324 E Riggs Rd","","Sun Lakes","AZ","85248","MARICOPA","Other","","","USDA","Maricopa (County, 2022)"
"Census Tract","04013814000","AZ","04013814000","=""04013814000""","74239","2020-2024","2022","Census","Walgreens 04077","3005 E Riggs Rd","","Chandler","AZ","85249","MARICOPA","Other","","","USDA","Maricopa (County, 2022)"
"Census Tract","04013816402","AZ","04013816402","=""04013816402""","153221","2020-2024","2022","Census","Walgreens 10260","3230 E Chandler Heights Rd","","Gilbert","AZ","85298","MARICOPA","Other","","","USDA","Maricopa (County, 2022)"
"Census Tract","04013812900","AZ","04013812900","=""04013812900""","177308","2020-2024","2022","Census","Papa Johns #2767","4980 S Alma School Rd","Ste 5","Chandler","AZ","85248","MARICOPA","Restaurant Meals Program","","","USDA","Maricopa (County, 2022)"
"Census Tract","04013816002","AZ","04013816002","=""04013816002""","170446","2020-2024","2022","Census","Papa Johns #3421","3076 E Chandler Heights Rd","Ste 111","Gilbert","AZ","85298","MARICOPA","Restaurant Meals Program","","","USDA","Maricopa (County, 2022)"
"Census Tract","04013813800","AZ","04013813800","=""04013813800""","62731","2020-2024","2022","Census","Papa Murphy's AZ071","1075 E Riggs Rd","","Chandler","AZ","85249","MARICOPA","Specialty Store","","","USDA","Maricopa (County, 2022)"
"Census Tract","04013816402","AZ","04013816402","=""04013816402""","153221","2020-2024","2022","Census","QuikTrip 1434","7171 S Higley Rd","","Gilbert","AZ","85298","MARICOPA","Convenience Store","","","USDA","Maricopa (County, 2022)"
"Census Tract","04013812900","AZ","04013812900","=""04013812900""","177308","2020-2024","2022","Census","SAFEWAY  1566","4970 S Alma School Rd","","Chandler","AZ","85248","MARICOPA","Supermarket","","","USDA","Maricopa (County, 2022)"
"Census Tract","04013817300","AZ","04013817300","=""04013817300""","67578","2020-2024","2022","Census","Subway","9666 E Riggs Rd","Ste 146","Sun Lakes","AZ","85248","MARICOPA","Restaurant Meals Program","","","USDA","Maricopa (County, 2022)"
"Census Tract","04013816005","AZ","04013816005","=""04013816005""","159332","2020-2024","2022","Census","Subway #59613","6466 S Higley Rd","Ste 104","Gilbert","AZ","85298","MARICOPA","Restaurant Meals Program","","","USDA","Maricopa (County, 2022)"
"Census Tract","04013817300","AZ","04013817300","=""04013817300""","67578","2020-2024","2022","Census","Burger King #9732","9668 E Riggs Rd","","Sun Lakes","AZ","85248","MARICOPA","Restaurant Meals Program","","","USDA","Maricopa (County, 2022)"
"Census Tract","04013813000","AZ","04013813000","=""04013813000""","160333","2020-2024","2022","Census","CVS Pharmacy 193","4990 S Arizona Ave","","Chandler","AZ","85248","MARICOPA","Other","","","USDA","Maricopa (County, 2022)"
"Census Tract","04013817300","AZ","04013817300","=""04013817300""","67578","2020-2024","2022","Census","CVS Pharmacy 3491","9546 E Riggs Rd","","Sun Lakes","AZ","85248","MARICOPA","Other","","","USDA","Maricopa (County, 2022)"
"Census Tract","04013813500","AZ","04013813500","=""04013813500""","242933","2020-2024","2022","Census","CVS Pharmacy 7075","2995 E Chandler Heights Rd","","Chandler","AZ","85249","MARICOPA","Other","","","USDA","Maricopa (County, 2022)"
"Census Tract","04013813000","AZ","04013813000","=""04013813000""","160333","2020-2024","2022","Census","Chandler Height AM PM 42722","5050 S Arizona Ave","","Chandler","AZ","85248","MARICOPA","Convenience Store","","","USDA","Maricopa (County, 2022)"
"Census Tract","04013813900","AZ","04013813900","=""04013813900""","138750","2020-2024","2022","Census","Circle K Store 2741702","2955 E Riggs Rd","","Chandler","AZ","85249","MARICOPA","Convenience Store","","","USDA","Maricopa (County, 2022)"
"Census Tract","04013813600","AZ","04013813600","=""04013813600""","226815","2020-2024","2022","Census","Cst Corner Store 1642","7165 S Val Vista","","Gilbert","AZ","85298","MARICOPA","Convenience Store","","","USDA","Maricopa (County, 2022)"
"Census Tract","04013813400","AZ","04013813400","=""04013813400""","160603","2020-2024","2022","Census","Jack In The Box 1526","955 E Riggs Rd","","Chandler","AZ","85249","MARICOPA","Restaurant Meals Program","","","USDA","Maricopa (County, 2022)"
"Census Tract","04013813900","AZ","04013813900","=""04013813900""","138750","2020-2024","2022","Census","Albertsons 1221","2935 E Riggs Rd","","Chandler","AZ","85249","MARICOPA","Supermarket","","","USDA","Maricopa (County, 2022)"
"Census Tract","04013813300","AZ","04013813300","=""04013813300""","174853","2020-2024","2022","Census","Bashas' 161","4940 S Gilbert Rd","","Chandler","AZ","85249","MARICOPA","Super Store","","","USDA","Maricopa (County, 2022)"
"Census Tract","04013817500","AZ","04013817500","=""04013817500""","75652","2020-2024","2022","Census","Bashas' 43","10325 E Riggs Rd","","Sun Lakes","AZ","85248","MARICOPA","Super Store","","","USDA","Maricopa (County, 2022)"
"Census Tract","04013813400","AZ","04013813400","=""04013813400""","160603","2020-2024","2022","Census","FRY'S 668","985 E Riggs Rd","","Chandler","AZ","85249","MARICOPA","Super Store","","","USDA","Maricopa (County, 2022)"
"Census Tract","04013816005","AZ","04013816005","=""04013816005""","159332","2020-2024","2022","Census","Fry's 670","6470 S Higley Rd","","Gilbert","AZ","85298","MARICOPA","Super Store","","","USDA","Maricopa (County, 2022)"
"Census Tract","04013813800","AZ","04013813800","=""04013813800""","62731","2020-2024","2022","Census","DOLLARTREE PLUS 9131","1055 E Riggs Rd","","Chandler","AZ","85249","MARICOPA","Other","","","USDA","Maricopa (County, 2022)"
"Census Tract","04013813700","AZ","04013813700","=""04013813700""","73882","2020-2024","2022","Census","Dollar Tree 7090","25410 S Arizona Ave","Ste 166","Sun Lakes","AZ","85248","MARICOPA","Other","","","USDA","Maricopa (County, 2022)"
"Census Tract","04013816502","AZ","04013816502","=""04013816502""","161662","2020-2024","2022","Census","Papa Murphy's AZ058","23706 S Power Rd","Ste 108","Queen Creek","AZ","85142","MARICOPA","Specialty Store","","","USDA","Maricopa (County, 2022)"
"Census Tract","04013817200","AZ","04013817200","=""04013817200""","133162","2020-2024","2022","Census","Burger King #29445","24953 S Ellsworth Rd","","Queen Creek","AZ","85142","MARICOPA","Restaurant Meals Program","","","USDA","Maricopa (County, 2022)"
"Census Tract","04013817200","AZ","04013817200","=""04013817200""","133162","2020-2024","2022","Census","CIRCLE K 2709549","18501 E Riggs Rd","","Queen Creek","AZ","85142","MARICOPA","Convenience Store","","","USDA","Maricopa (County, 2022)"
"Census Tract","04013817200","AZ","04013817200","=""04013817200""","133162","2020-2024","2022","Census","CIRCLE K 2709560","23024 E Riggs Rd","","Queen Creek","AZ","85142","MARICOPA","Convenience Store","","","USDA","Maricopa (County, 2022)"
"Census Tract","04013817000","AZ","04013817000","=""04013817000""","144299","2020-2024","2022","Census","Circle K 2705285","23447 S Power Rd","","Queen Creek","AZ","85142","MARICOPA","Convenience Store","","","USDA","Maricopa (County, 2022)"
"Census Tract","04013817200","AZ","04013817200","=""04013817200""","133162","2020-2024","2022","Census","Jack in the Box 1627","25026 S Ellsworth Rd","","Queen Creek","AZ","85142","MARICOPA","Restaurant Meals Program","","","USDA","Maricopa (County, 2022)"
"Census Tract","04013816502","AZ","04013816502","=""04013816502""","161662","2020-2024","2022","Census","BURGER KING 15021","23682 S Power Rd","","Queen Creek","AZ","85142","MARICOPA","Restaurant Meals Program","","","USDA","Maricopa (County, 2022)"
"Census Tract","04013816502","AZ","04013816502","=""04013816502""","161662","2020-2024","2022","Census","Bashas' 46","23760 S Power Rd","","Queen Creek","AZ","85142","MARICOPA","Super Store","","","USDA","Maricopa (County, 2022)"
"Census Tract","04013817200","AZ","04013817200","=""04013817200""","133162","2020-2024","2022","Census","Fry's 693","25105 S Ellsworth Rd","","Queen Creek","AZ","85142","MARICOPA","Super Store","","","USDA","Maricopa (County, 2022)"
"Census Tract","04013817200","AZ","04013817200","=""04013817200""","133162","2020-2024","2022","Census","Diamond Dot Convenience Market","25851 S Power Rd","","Queen Creek","AZ","85142","MARICOPA","Convenience Store","","","USDA","Maricopa (County, 2022)"
