"store_name","address","address2","city","state","zip5","county","store_type","incentive_program","grantee_name","Source","Location"
"TASAN INCORPORATED","3901 W Southern Ave","","Phoenix","AZ","85041","MARICOPA","Convenience Store","","","USDA","Maricopa (County, 2022)"
"TRADER JOE'S CHANDLER 287","3961 S Arizona Ave","","Chandler","AZ","85248","MARICOPA","Supermarket","","","USDA","Maricopa (County, 2022)"
"Taco Bell #141","3517 W Glendale Ave","","Phoenix","AZ","85051","MARICOPA","Restaurant Meals Program","","","USDA","Maricopa (County, 2022)"
"Taco Bell #29492","1125 S Dobson Rd","","Mesa","AZ","85202","MARICOPA","Restaurant Meals Program","","","USDA","Maricopa (County, 2022)"
"Taco Bell #29494","917 N Dobson Rd","","Mesa","AZ","85201","MARICOPA","Restaurant Meals Program","","","USDA","Maricopa (County, 2022)"
"Taco Bell 32728","4304 W Indian School Rd","","Phoenix","AZ","85031","MARICOPA","Restaurant Meals Program","","","USDA","Maricopa (County, 2022)"
"Taco Bell 32735","7449 W Indian School Rd","","Phoenix","AZ","85033","MARICOPA","Restaurant Meals Program","","","USDA","Maricopa (County, 2022)"
"Taco Bell 32736","1860 N 75th Ave","","Phoenix","AZ","85035","MARICOPA","Restaurant Meals Program","","","USDA","Maricopa (County, 2022)"
"Tacos Don Hector","5025 W Olive Ave","","Glendale","AZ","85302","MARICOPA","Restaurant Meals Program","","","USDA","Maricopa (County, 2022)"
"Tala Bakery","2507 E Bell Rd","","Phoenix","AZ","85032","MARICOPA","Other","","","USDA","Maricopa (County, 2022)"
"Tan Hua Inc","66 S Dobson Rd","Ste 116","Mesa","AZ","85202","MARICOPA","Other","","","USDA","Maricopa (County, 2022)"
"Taqueria La Korita LLC","4131 N 27th Ave","","Phoenix","AZ","85017","MARICOPA","Restaurant Meals Program","","","USDA","Maricopa (County, 2022)"
"Target 3261","1625 E Camelback Rd","","Phoenix","AZ","85016","MARICOPA","Super Store","","","USDA","Maricopa (County, 2022)"
"Target Store T-0233","12602 N Paradise Village Pkwy W","","Phoenix","AZ","85032","MARICOPA","Super Store","","","USDA","Maricopa (County, 2022)"
"Target Store T-0251","1135 S Gilbert Rd","","Mesa","AZ","85204","MARICOPA","Super Store","","","USDA","Maricopa (County, 2022)"
"Target Store T-0319","1818 E Baseline Rd","","Tempe","AZ","85283","MARICOPA","Super Store","","","USDA","Maricopa (County, 2022)"
"Target Store T-0363","9000 E Indian Bend Rd","","Scottsdale","AZ","85250","MARICOPA","Super Store","","","USDA","Maricopa (County, 2022)"
"Target Store T-0639","1525 S Power Rd","","Mesa","AZ","85206","MARICOPA","Super Store","","","USDA","Maricopa (County, 2022)"
"Target Store T-0825","8055 W Bell Rd","","Peoria","AZ","85382","MARICOPA","Super Store","","","USDA","Maricopa (County, 2022)"
"Target Store T-0851","7409 W Virginia Ave","","Phoenix","AZ","85035","MARICOPA","Super Store","","","USDA","Maricopa (County, 2022)"
"Target Store T-0909","4734 E Ray Rd","","Phoenix","AZ","85044","MARICOPA","Super Store","","","USDA","Maricopa (County, 2022)"
"Target Store T-0936","15444 N Frank Lloyd Wright Blvd","","Scottsdale","AZ","85260","MARICOPA","Super Store","","","USDA","Maricopa (County, 2022)"
"Target Store T-0950","4515 E Thomas Rd","","Phoenix","AZ","85018","MARICOPA","Super Store","","","USDA","Maricopa (County, 2022)"
"Target Store T-1141","2727 W Agua Fria Fwy","","Phoenix","AZ","85027","MARICOPA","Super Store","","","USDA","Maricopa (County, 2022)"
"Target Store T-1209","1515 E Warner Rd","","Gilbert","AZ","85296","MARICOPA","Super Store","","","USDA","Maricopa (County, 2022)"
"Target Store T-1242","1515 N Litchfield Rd","","Goodyear","AZ","85395","MARICOPA","Super Store","","","USDA","Maricopa (County, 2022)"
"Target Store T-1327","32351 N Scottsdale Rd","","Scottsdale","AZ","85262","MARICOPA","Super Store","","","USDA","Maricopa (County, 2022)"
"Target Store T-1335","13731 W Bell Rd","","Surprise","AZ","85374","MARICOPA","Super Store","","","USDA","Maricopa (County, 2022)"
"Target Store T-1360","21001 N Tatum Blvd","Ste 20","Phoenix","AZ","85050","MARICOPA","Super Store","","","USDA","Maricopa (County, 2022)"
"Target Store T-1361","9350 W Northern Ave","","Glendale","AZ","85305","MARICOPA","Super Store","","","USDA","Maricopa (County, 2022)"
"Target Store T-1386","2151 N Power Rd","","Mesa","AZ","85207","MARICOPA","Super Store","","","USDA","Maricopa (County, 2022)"
"Target Store T-1429","1230 S Longmore Ave","","Mesa","AZ","85202","MARICOPA","Super Store","","","USDA","Maricopa (County, 2022)"
"Target Store T-1432","16825 E Shea Blvd","","Fountain Hills","AZ","85268","MARICOPA","Super Store","","","USDA","Maricopa (County, 2022)"
"Target Store T-1838","3425 W Frye Rd","","Chandler","AZ","85226","MARICOPA","Super Store","","","USDA","Maricopa (County, 2022)"
"Target Store T-1905","2140 E Baseline Rd","","Phoenix","AZ","85042","MARICOPA","Super Store","","","USDA","Maricopa (County, 2022)"
"Target Store T-1959","5110 S Power Rd","","Mesa","AZ","85212","MARICOPA","Super Store","","","USDA","Maricopa (County, 2022)"
"Target Store T-1960","3931 S Gilbert Rd","","Gilbert","AZ","85297","MARICOPA","Super Store","","","USDA","Maricopa (County, 2022)"
"Target Store T-2149","9830 W LOWER BUCKEYE RD","","PHOENIX","AZ","85003","MARICOPA","Super Store","","","USDA","Maricopa (County, 2022)"
"Target Store T-2176","1800 E Rio Salado Pkwy","Ste 120","Tempe","AZ","85281","MARICOPA","Super Store","","","USDA","Maricopa (County, 2022)"
"Target Store T-2227","24890 N Lake Pleasant Pkwy","","Peoria","AZ","85383","MARICOPA","Super Store","","","USDA","Maricopa (County, 2022)"
"Target Store T-2236","16806 N 7th St","","Phoenix","AZ","85022","MARICOPA","Super Store","","","USDA","Maricopa (County, 2022)"
"Target Store T-2341","10404 N 43rd Ave","","Glendale","AZ","85302","MARICOPA","Super Store","","","USDA","Maricopa (County, 2022)"
"Target Store T-2354","5715 N 19th Ave","","Phoenix","AZ","85015","MARICOPA","Super Store","","","USDA","Maricopa (County, 2022)"
"Target Store T-2365","21398 S Ellsworth Loop Rd","","Queen Creek","AZ","85142","MARICOPA","Super Store","","","USDA","Maricopa (County, 2022)"
"Target Store T-2400","995 S Cotton Ln","","Goodyear","AZ","85338","MARICOPA","Super Store","","","USDA","Maricopa (County, 2022)"
"Target Store T-2747","3777 S Arizona Ave","","Chandler","AZ","85248","MARICOPA","Super Store","","","USDA","Maricopa (County, 2022)"
"Target Store T2915","14101 N Prasada Pkwy","","Surprise","AZ","85388","MARICOPA","Super Store","","","USDA","Maricopa (County, 2022)"
"Teana Boba Tea Cafe","3503 W Bethany Home Rd","","Phoenix","AZ","85019","MARICOPA","Restaurant Meals Program","","","USDA","Maricopa (County, 2022)"
"The Buffalo Spot - West Bell","320 W Bell Rd","Ste 104","Phoenix","AZ","85023","MARICOPA","Restaurant Meals Program","","","USDA","Maricopa (County, 2022)"
"The Dented Can","9501 W Peoria Ave","Ste 111","Peoria","AZ","85345","MARICOPA","Grocery Store","","","USDA","Maricopa (County, 2022)"
"The Drink All","235 N Country Club Dr","","Mesa","AZ","85201","MARICOPA","Convenience Store","","","USDA","Maricopa (County, 2022)"
"The Kosher Canyon Shop 1","6516 N 7th St","","Phoenix","AZ","85014","MARICOPA","Grocery Store","","","USDA","Maricopa (County, 2022)"
"Thunderbird Chevron Extramile 7002","6691 W Thunderbird Rd","","Glendale","AZ","85306","MARICOPA","Convenience Store","","","USDA","Maricopa (County, 2022)"
"Tienda Centroamericana","4424 N 19th Ave","","Phoenix","AZ","85015","MARICOPA","Convenience Store","","","USDA","Maricopa (County, 2022)"
"Tienda Santaneca","5825 W Indian School Rd","","Phoenix","AZ","85031","MARICOPA","Other","","","USDA","Maricopa (County, 2022)"
"Toka Sticks 806 806","6822 E Williams Field Rd","","Mesa","AZ","85212","MARICOPA","Convenience Store","","","USDA","Maricopa (County, 2022)"
"Tolleson Market","9312 W Van Buren St","","Tolleson","AZ","85353","MARICOPA","Convenience Store","","","USDA","Maricopa (County, 2022)"
"Tommy's Family Car Wash","5230 S Power Rd","","Gilbert","AZ","85295","MARICOPA","Convenience Store","","","USDA","Maricopa (County, 2022)"
"Tonopah  Market #1 1","4126 N 411th Ave","","Tonopah","AZ","85354","MARICOPA","Convenience Store","","","USDA","Maricopa (County, 2022)"
"Tonopah  Market #2 2","4127 N 411th Ave","","Tonopah","AZ","85354","MARICOPA","Convenience Store","","","USDA","Maricopa (County, 2022)"
"Toor Chevron Gas Station","14445 W Grand Ave","","Surprise","AZ","85374","MARICOPA","Convenience Store","","","USDA","Maricopa (County, 2022)"
"Tortas Paquime","10565 W Indian School Rd","Suite 1","Avondale","AZ","85392","MARICOPA","Restaurant Meals Program","","","USDA","Maricopa (County, 2022)"
"Tortillas De Harina Linda","635 N Country Club Dr","Ste 10","Mesa","AZ","85201","MARICOPA","Grocery Store","","","USDA","Maricopa (County, 2022)"
"Track Market & Liquor","1502 W Bell Rd","Ste 1","Phoenix","AZ","85023","MARICOPA","Convenience Store","","","USDA","Maricopa (County, 2022)"
"Trader Joe's 177","4025 E Chandler Blvd Ste 38","","Phoenix","AZ","85048","MARICOPA","Supermarket","","","USDA","Maricopa (County, 2022)"
"Trader Joe's 282","4726 E Shea Blvd","","Phoenix","AZ","85028","MARICOPA","Supermarket","","","USDA","Maricopa (County, 2022)"
"Trader Joe's 285","1779 E Williams Field Rd","","Gilbert","AZ","85295","MARICOPA","Supermarket","","","USDA","Maricopa (County, 2022)"
"Trader Joe's 85","8078 Bell Rd","","Glendale","AZ","85308","MARICOPA","Supermarket","","","USDA","Maricopa (County, 2022)"
"Trader Joe's 87","7555 E Frank Lloyd Wright Blvd","","Scottsdale","AZ","85260","MARICOPA","Supermarket","","","USDA","Maricopa (County, 2022)"
"Trader Joe's 89","2050 E Baseline Rd","","Mesa","AZ","85204","MARICOPA","Supermarket","","","USDA","Maricopa (County, 2022)"
"Trader Joe's 90","4821 N 20th St","","Phoenix","AZ","85016","MARICOPA","Supermarket","","","USDA","Maricopa (County, 2022)"
"Trader Joe's 92","14095 W Grand Ave","","Surprise","AZ","85374","MARICOPA","Supermarket","","","USDA","Maricopa (County, 2022)"
"Trader Joe's 93","6460 S McClintock Dr","","Tempe","AZ","85283","MARICOPA","Supermarket","","","USDA","Maricopa (County, 2022)"
"Trader Joe's 94","6202 N Scottsdale Rd","","Scottsdale","AZ","85253","MARICOPA","Supermarket","","","USDA","Maricopa (County, 2022)"
"Trader Joe's ASU 91","940 E University Dr","Ste 105","Tempe","AZ","85281","MARICOPA","Supermarket","","","USDA","Maricopa (County, 2022)"
"Trader Joe's Goodyear 289","14770 W McDowell Rd","","Goodyear","AZ","85395","MARICOPA","Supermarket","","","USDA","Maricopa (County, 2022)"
"Trader Joe's Queen Creek 286","21186 S Ellsworth Loop Rd","","Queen Creek","AZ","85142","MARICOPA","Supermarket","","","USDA","Maricopa (County, 2022)"
"Transafrican Food Store Llc","4815 E Main St","","Mesa","AZ","85205","MARICOPA","Other","","","USDA","Maricopa (County, 2022)"
"Tres Amigos 1","253 E Broadway Rd","","Mesa","AZ","85210","MARICOPA","Convenience Store","","","USDA","Maricopa (County, 2022)"
"Troub's Butcher Shop","13681 N Litchfield Rd","Suite 138","Surprise","AZ","85379","MARICOPA","Specialty Store","","","USDA","Maricopa (County, 2022)"
"Turney Neighborhood Market 1","710 E Turney Ave","","Phoenix","AZ","85014","MARICOPA","Convenience Store","","","USDA","Maricopa (County, 2022)"
"Twin Family Store","4210 W Dunlap Ave","","Phoenix","AZ","85051","MARICOPA","Grocery Store","","","USDA","Maricopa (County, 2022)"
"Two Brothers Market 1","5508 N 43rd Ave","","Glendale","AZ","85301","MARICOPA","Convenience Store","","","USDA","Maricopa (County, 2022)"
"Two Hands Corn Dog","10210 W McDowell Rd","","Avondale","AZ","85392","MARICOPA","Restaurant Meals Program","","","USDA","Maricopa (County, 2022)"
"U Stop Convenience Store","5207 E Main St","","Mesa","AZ","85205","MARICOPA","Convenience Store","","","USDA","Maricopa (County, 2022)"
"UMOM New Day Centers Inc dba Helpings LLC","3333 E Van Buren St","","Phoenix","AZ","85008","MARICOPA","Restaurant Meals Program","","","USDA","Maricopa (County, 2022)"
"University Market","1931 W University Dr","","Mesa","AZ","85201","MARICOPA","Convenience Store","","","USDA","Maricopa (County, 2022)"
"Uptown Farmers Market","5757 N Central Ave","","Phoenix","AZ","85012","MARICOPA","Farmers and Markets","","","USDA","Maricopa (County, 2022)"
"Urban Chilli 1","18425 N 19th Ave","Ste 110","Phoenix","AZ","85023","MARICOPA","Grocery Store","","","USDA","Maricopa (County, 2022)"
"Us Market Ray","777 W Ray Rd","","Gilbert","AZ","85233","MARICOPA","Convenience Store","","","USDA","Maricopa (County, 2022)"
"V S Beer And Vine 1","6448 W Glendale Ave","","Glendale","AZ","85301","MARICOPA","Convenience Store","","","USDA","Maricopa (County, 2022)"
"Valero Corner Store 2741601","1611 E Guadalupe Rd","","Gilbert","AZ","85234","MARICOPA","Convenience Store","","","USDA","Maricopa (County, 2022)"
"Valero Gas Station 303","4360 E Broadway Rd","","Mesa","AZ","85206","MARICOPA","Convenience Store","","","USDA","Maricopa (County, 2022)"
"Valley Kwik Market","1938 E Roosevelt St","","Phoenix","AZ","85006","MARICOPA","Convenience Store","","","USDA","Maricopa (County, 2022)"
"Village Market","2332 W Northern Ave","","Phoenix","AZ","85021","MARICOPA","Convenience Store","","","USDA","Maricopa (County, 2022)"
"Virginia Market","702 E Virginia Ave","","Phoenix","AZ","85006","MARICOPA","Convenience Store","","","USDA","Maricopa (County, 2022)"
"Vitamin Cottage Natural Food Market U115","655 W Indian School Rd","","Phoenix","AZ","85013","MARICOPA","Supermarket","","","USDA","Maricopa (County, 2022)"
"Vitamin Cottage Natural Food Market U120","2151 E Baseline Rd","","Gilbert","AZ","85234","MARICOPA","Supermarket","","","USDA","Maricopa (County, 2022)"
"Vitamin Cottage Natural Food Market U121","1625 Williams Field Rd","","Gilbert","AZ","85295","MARICOPA","Supermarket","","","USDA","Maricopa (County, 2022)"
"Vitamin Cottage Natural Food Markets Inc U101","13802 N Scottsdale Rd","Ste 110","Scottsdale","AZ","85254","MARICOPA","Supermarket","","","USDA","Maricopa (County, 2022)"
"Von Hanson's Meat & Spirits","2390 N Alma School Rd","Ste 101","Chandler","AZ","85224","MARICOPA","Specialty Store","","","USDA","Maricopa (County, 2022)"
"Vtiamin Cottage Natural Food Market U116","5805 W Ray Rd","","Chandler","AZ","85226","MARICOPA","Supermarket","","","USDA","Maricopa (County, 2022)"
"W Y Market 1","1819 W Buckeye Rd","","Phoenix","AZ","85007","MARICOPA","Convenience Store","","","USDA","Maricopa (County, 2022)"
"WBF AZ LLC McDonalds 23290","6005 E Central Ave","","Phoenix","AZ","85042","MARICOPA","Restaurant Meals Program","","","USDA","Maricopa (County, 2022)"
"WBF AZ LLC McDonalds 25250","2430 Baseline Rd","","Phoenix","AZ","85042","MARICOPA","Restaurant Meals Program","","","USDA","Maricopa (County, 2022)"
"WBF AZ LLC McDonalds 2531","10230 N 32ns St","","Phoenix","AZ","85028","MARICOPA","Restaurant Meals Program","","","USDA","Maricopa (County, 2022)"
"WBF AZ LLC McDonalds 26394","3130 E Broadway Rd","","Phoenix","AZ","85040","MARICOPA","Restaurant Meals Program","","","USDA","Maricopa (County, 2022)"
"WBF AZ LLC McDonalds 6410","125 N 24th St","","Phoenix","AZ","85034","MARICOPA","Restaurant Meals Program","","","USDA","Maricopa (County, 2022)"
"WBF AZ LLC McDonalds 7816","926 E Indian School Rd","","Phoenix","AZ","85014","MARICOPA","Restaurant Meals Program","","","USDA","Maricopa (County, 2022)"
"WONGS MINI MART","2803 E Broadway Rd","","Phoenix","AZ","85040","MARICOPA","Convenience Store","","","USDA","Maricopa (County, 2022)"
"Walgreens 00813","15442 N 99th Ave","","Sun City","AZ","85351","MARICOPA","Other","","","USDA","Maricopa (County, 2022)"
"Walgreens 01272","5101 W Indian School Rd","","Phoenix","AZ","85031","MARICOPA","Other","","","USDA","Maricopa (County, 2022)"
"Walgreens 01950","10135 E Via Linda","","Scottsdale","AZ","85258","MARICOPA","Other","","","USDA","Maricopa (County, 2022)"
"Walgreens 01969","6006 N 67th Ave","","Glendale","AZ","85301","MARICOPA","Other","","","USDA","Maricopa (County, 2022)"
"Walgreens 02056","1925 W Chandler Blvd","","Chandler","AZ","85224","MARICOPA","Other","","","USDA","Maricopa (County, 2022)"
"Walgreens 02243","387 N Estrella Pkwy","","Goodyear","AZ","85338","MARICOPA","Other","","","USDA","Maricopa (County, 2022)"
"Walgreens 02599","7337 N Via Paseo del Sur","","Scottsdale","AZ","85258","MARICOPA","Other","","","USDA","Maricopa (County, 2022)"
"Walgreens 02771","1305 S Greenfield Rd","","Mesa","AZ","85206","MARICOPA","Other","","","USDA","Maricopa (County, 2022)"
"Walgreens 02851","7000 N 16th St","Ste 100","Phoenix","AZ","85020","MARICOPA","Other","","","USDA","Maricopa (County, 2022)"
"Walgreens 03008","785 S Cooper Rd","","Gilbert","AZ","85233","MARICOPA","Other","","","USDA","Maricopa (County, 2022)"
"Walgreens 03049","4965 W Bell Rd","","Glendale","AZ","85308","MARICOPA","Other","","","USDA","Maricopa (County, 2022)"
"Walgreens 03177","7011 E Shea Blvd","","Scottsdale","AZ","85254","MARICOPA","Other","","","USDA","Maricopa (County, 2022)"
"Walgreens 03184","1585 E Guadalupe Rd","","Gilbert","AZ","85234","MARICOPA","Other","","","USDA","Maricopa (County, 2022)"
"Walgreens 03191","10865 N Tatum Blvd","","Phoenix","AZ","85028","MARICOPA","Other","","","USDA","Maricopa (County, 2022)"
"Walgreens 03215","1935 N Power Rd","","Mesa","AZ","85205","MARICOPA","Other","","","USDA","Maricopa (County, 2022)"
"Walgreens 03385","5421 W Thunderbird Rd","","Glendale","AZ","85306","MARICOPA","Other","","","USDA","Maricopa (County, 2022)"
"Walgreens 03387","10705 W Indian School Rd","","Avondale","AZ","85392","MARICOPA","Other","","","USDA","Maricopa (County, 2022)"
"Walgreens 03427","7448 W Thunderbird Rd","","Peoria","AZ","85381","MARICOPA","Other","","","USDA","Maricopa (County, 2022)"
"Walgreens 03477","204 E Bell Rd","","Phoenix","AZ","85022","MARICOPA","Other","","","USDA","Maricopa (County, 2022)"
"Walgreens 03531","4949 W Chandler Blvd","","Chandler","AZ","85226","MARICOPA","Other","","","USDA","Maricopa (County, 2022)"
"Walgreens 03591","2811 E Broadway Rd","","Mesa","AZ","85204","MARICOPA","Other","","","USDA","Maricopa (County, 2022)"
"Walgreens 03593","2610 W Thunderbird Rd","","Phoenix","AZ","85023","MARICOPA","Other","","","USDA","Maricopa (County, 2022)"
"Walgreens 03602","8816 E Pinnacle Peak Rd","","Scottsdale","AZ","85255","MARICOPA","Other","","","USDA","Maricopa (County, 2022)"
"Walgreens 03657","3361 N Litchfield Rd","","Goodyear","AZ","85395","MARICOPA","Other","","","USDA","Maricopa (County, 2022)"
"Walgreens 03669","10324 E Riggs Rd","","Sun Lakes","AZ","85248","MARICOPA","Other","","","USDA","Maricopa (County, 2022)"
"Walgreens 03670","1159 E Southern Ave","","Mesa","AZ","85204","MARICOPA","Other","","","USDA","Maricopa (County, 2022)"
"Walgreens 03726","1985 E Chandler Blvd","","Chandler","AZ","85225","MARICOPA","Other","","","USDA","Maricopa (County, 2022)"
"Walgreens 03727","1919 N Dobson Rd","","Chandler","AZ","85224","MARICOPA","Other","","","USDA","Maricopa (County, 2022)"
"Walgreens 03766","34402 N Scottsdale Rd","","Scottsdale","AZ","85266","MARICOPA","Other","","","USDA","Maricopa (County, 2022)"
"Walgreens 03768","6404 S McClintock Dr","","Tempe","AZ","85283","MARICOPA","Other","","","USDA","Maricopa (County, 2022)"
"Walgreens 03912","29660 N Tatum Blvd","","Cave Creek","AZ","85331","MARICOPA","Other","","","USDA","Maricopa (County, 2022)"
"Walgreens 04018","2345 E Baseline Rd","","Gilbert","AZ","85234","MARICOPA","Other","","","USDA","Maricopa (County, 2022)"
"Walgreens 04020","5895 W Peoria Ave","","Glendale","AZ","85302","MARICOPA","Other","","","USDA","Maricopa (County, 2022)"
"Walgreens 04046","3960 E Chandler Blvd","","Phoenix","AZ","85048","MARICOPA","Other","","","USDA","Maricopa (County, 2022)"
"Walgreens 04077","3005 E Riggs Rd","","Chandler","AZ","85249","MARICOPA","Other","","","USDA","Maricopa (County, 2022)"
"Walgreens 04228","5125 W Northern Ave","","Glendale","AZ","85301","MARICOPA","Other","","","USDA","Maricopa (County, 2022)"
"Walgreens 04376","1825 E Warner Rd","","Tempe","AZ","85284","MARICOPA","Other","","","USDA","Maricopa (County, 2022)"
"Walgreens 04434","22280 N 67th Ave","","Glendale","AZ","85310","MARICOPA","Other","","","USDA","Maricopa (County, 2022)"
"Walgreens 04435","4420 E Brown Rd","","Mesa","AZ","85205","MARICOPA","Other","","","USDA","Maricopa (County, 2022)"
"Walgreens 04507","15025 N Thompson Peak Pkwy","","Scottsdale","AZ","85260","MARICOPA","Other","","","USDA","Maricopa (County, 2022)"
"Walgreens 04508","3431 W Union Hills Dr","","Phoenix","AZ","85027","MARICOPA","Other","","","USDA","Maricopa (County, 2022)"
"Walgreens 04543","805 S Val Vista Dr","","Gilbert","AZ","85296","MARICOPA","Other","","","USDA","Maricopa (County, 2022)"
"Walgreens 04791","14285 W Grand Ave","","Surprise","AZ","85374","MARICOPA","Other","","","USDA","Maricopa (County, 2022)"
"Walgreens 04793","1975 S Alma School Rd","","Chandler","AZ","85286","MARICOPA","Other","","","USDA","Maricopa (County, 2022)"
"Walgreens 04909","2921 N 83rd Ave","","Phoenix","AZ","85033","MARICOPA","Other","","","USDA","Maricopa (County, 2022)"
"Walgreens 04951","4006 E Bell Rd","","Phoenix","AZ","85032","MARICOPA","Other","","","USDA","Maricopa (County, 2022)"
"Walgreens 05215","2363 S Lindsay Rd","","Gilbert","AZ","85295","MARICOPA","Other","","","USDA","Maricopa (County, 2022)"
"Walgreens 05353","20266 N Lake Pleasant Rd","","Peoria","AZ","85382","MARICOPA","Other","","","USDA","Maricopa (County, 2022)"
"Walgreens 05392","420 S Sossaman Rd","","Mesa","AZ","85208","MARICOPA","Other","","","USDA","Maricopa (County, 2022)"
"Walgreens 05453","6501 E Greenway Pkwy","","Scottsdale","AZ","85254","MARICOPA","Other","","","USDA","Maricopa (County, 2022)"
"Walgreens 05504","4249 W Glendale Ave","","Phoenix","AZ","85051","MARICOPA","Other","","","USDA","Maricopa (County, 2022)"
"Walgreens 05569","1315 E Chandler Blvd","","Phoenix","AZ","85048","MARICOPA","Other","","","USDA","Maricopa (County, 2022)"
"Walgreens 05668","8301 W Camelback Rd","","Phoenix","AZ","85037","MARICOPA","Other","","","USDA","Maricopa (County, 2022)"
"Walgreens 05776","1451 N Dysart Rd","","Avondale","AZ","85323","MARICOPA","Other","","","USDA","Maricopa (County, 2022)"
"Walgreens 05799","754 N Higley Rd","","Gilbert","AZ","85234","MARICOPA","Other","","","USDA","Maricopa (County, 2022)"
"Walgreens 05890","11250 E Via Linda","","Scottsdale","AZ","85259","MARICOPA","Other","","","USDA","Maricopa (County, 2022)"
"Walgreens 05937","4315 W McDowell Rd","","Phoenix","AZ","85035","MARICOPA","Other","","","USDA","Maricopa (County, 2022)"
"Walgreens 06026","3624 N Power Rd","","Mesa","AZ","85215","MARICOPA","Other","","","USDA","Maricopa (County, 2022)"
"Walgreens 06060","16415 E Palisades Blvd","","Fountain Hills","AZ","85268","MARICOPA","Other","","","USDA","Maricopa (County, 2022)"
"Walgreens 06062","76 W Guadalupe Rd","","Gilbert","AZ","85233","MARICOPA","Other","","","USDA","Maricopa (County, 2022)"
"Walgreens 06063","1825 W Bethany Home Rd","","Phoenix","AZ","85015","MARICOPA","Other","","","USDA","Maricopa (County, 2022)"
"Walgreens 06128","19003 N R H Johnson Blvd","","Sun City West","AZ","85375","MARICOPA","Other","","","USDA","Maricopa (County, 2022)"
"Walgreens 06527","710 E Camelback Rd","","Phoenix","AZ","85014","MARICOPA","Other","","","USDA","Maricopa (County, 2022)"
"Walgreens 06534","20631 N Scottsdale Rd","","Scottsdale","AZ","85255","MARICOPA","Other","","","USDA","Maricopa (County, 2022)"
"Walgreens 06582","9230 E Main St","","Mesa","AZ","85207","MARICOPA","Other","","","USDA","Maricopa (County, 2022)"
"Walgreens 06599","13227 N 7th St","","Phoenix","AZ","85022","MARICOPA","Other","","","USDA","Maricopa (County, 2022)"
"Walgreens 06729","10929 E Dynamite Blvd","","Scottsdale","AZ","85262","MARICOPA","Other","","","USDA","Maricopa (County, 2022)"
"Walgreens 06880","2431 S Higley Rd","","Gilbert","AZ","85295","MARICOPA","Other","","","USDA","Maricopa (County, 2022)"
"Walgreens 07110","6640 W Happy Valley Rd","","Glendale","AZ","85310","MARICOPA","Other","","","USDA","Maricopa (County, 2022)"
"Walgreens 07516","2411 W Anthem Way","","Anthem","AZ","85086","MARICOPA","Other","","","USDA","Maricopa (County, 2022)"
"Walgreens 07723","975 E Ocotillo Rd","","Chandler","AZ","85249","MARICOPA","Other","","","USDA","Maricopa (County, 2022)"
"Walgreens 07828","6002 E Main St","","Mesa","AZ","85205","MARICOPA","Other","","","USDA","Maricopa (County, 2022)"
"Walgreens 07933","15514 W Waddell Rd","","Surprise","AZ","85379","MARICOPA","Other","","","USDA","Maricopa (County, 2022)"
"Walgreens 09057","18433 N 19th Ave","","Phoenix","AZ","85023","MARICOPA","Other","","","USDA","Maricopa (County, 2022)"
"Walgreens 09175","23477 W Yuma Rd","","Buckeye","AZ","85326","MARICOPA","Other","","","USDA","Maricopa (County, 2022)"
"Walgreens 09179","5115 W Baseline Rd","","Laveen","AZ","85339","MARICOPA","Other","","","USDA","Maricopa (County, 2022)"
"Walgreens 09202","1142 W Guadalupe Rd","","Mesa","AZ","85210","MARICOPA","Other","","","USDA","Maricopa (County, 2022)"
"Walgreens 09261","4710 E Rose Garden Ln","","Phoenix","AZ","85050","MARICOPA","Other","","","USDA","Maricopa (County, 2022)"
"Walgreens 09262","8469 E McDonald Dr","","Scottsdale","AZ","85250","MARICOPA","Other","","","USDA","Maricopa (County, 2022)"
"Walgreens 10111","3434 W Southern Ave","","Phoenix","AZ","85041","MARICOPA","Other","","","USDA","Maricopa (County, 2022)"
"Walgreens 10241","28516 N El Mirage Rd","","Peoria","AZ","85383","MARICOPA","Other","","","USDA","Maricopa (County, 2022)"
"Walgreens 10260","3230 E Chandler Heights Rd","","Gilbert","AZ","85298","MARICOPA","Other","","","USDA","Maricopa (County, 2022)"
"Walgreens 11116","21212 E Ocotillo Rd","","Queen Creek","AZ","85142","MARICOPA","Other","","","USDA","Maricopa (County, 2022)"
"Walgreens 11181","5975 W Ray Rd","","Chandler","AZ","85226","MARICOPA","Other","","","USDA","Maricopa (County, 2022)"
"Walgreens 11182","1130 W Southern Ave","","Mesa","AZ","85210","MARICOPA","Other","","","USDA","Maricopa (County, 2022)"
"Walgreens 11470","25073 W Southern Ave","","Buckeye","AZ","85326","MARICOPA","Other","","","USDA","Maricopa (County, 2022)"
"Walgreens 11610","2000 S Mill Ave","","Tempe","AZ","85282","MARICOPA","Other","","","USDA","Maricopa (County, 2022)"
"Walgreens 1197","1745 E Southern Ave","","Tempe","AZ","85282","MARICOPA","Other","","","USDA","Maricopa (County, 2022)"
"Walgreens 12334","1654 N Pebble Creek Pkwy","","Goodyear","AZ","85395","MARICOPA","Other","","","USDA","Maricopa (County, 2022)"
"Walgreens 12335","10825 E Baseline Rd","","Mesa","AZ","85202","MARICOPA","Other","","","USDA","Maricopa (County, 2022)"
"Walgreens 12386","9800 S Estrella Pkwy","","Goodyear","AZ","85338","MARICOPA","Other","","","USDA","Maricopa (County, 2022)"
"Walgreens 12739","15450 N Tatum Blvd","","Phoenix","AZ","85032","MARICOPA","Other","","","USDA","Maricopa (County, 2022)"
"Walgreens 13758","6200 N Scottsdale Rd","","Paradise Valley","AZ","85253","MARICOPA","Other","","","USDA","Maricopa (County, 2022)"
"Walgreens 13870","4875 E Elliot Rd","","Phoenix","AZ","85044","MARICOPA","Other","","","USDA","Maricopa (County, 2022)"
"Walgreens 16082","10602 N 32nd St","","Phoenix","AZ","85028","MARICOPA","Other","","","USDA","Maricopa (County, 2022)"
"Walgreens 21450","4750 S Val Vista Dr","","Gilbert","AZ","85297","MARICOPA","Other","","","USDA","Maricopa (County, 2022)"
"Walgreens 2398","925 W Baseline Rd","Ste 108","Tempe","AZ","85283","MARICOPA","Other","","","USDA","Maricopa (County, 2022)"
"Walgreens 2963","11545 E Apache Trl","","Apache Junction","AZ","85120","MARICOPA","Other","","","USDA","Maricopa (County, 2022)"
"Walgreens 3003","6690 W Union Hills Dr","","Glendale","AZ","85308","MARICOPA","Other","","","USDA","Maricopa (County, 2022)"
"Walgreens 3048","9050 W Union Hills Dr","","Peoria","AZ","85382","MARICOPA","Other","","","USDA","Maricopa (County, 2022)"
"Walgreens 3087","5625 E Thomas Rd","","Phoenix","AZ","85018","MARICOPA","Other","","","USDA","Maricopa (County, 2022)"
"Walgreens 3132","2415 E Union Hills Dr","","Phoenix","AZ","85050","MARICOPA","Other","","","USDA","Maricopa (County, 2022)"
"Walgreens 3163","3420 N Scottsdale Rd","","Scottsdale","AZ","85251","MARICOPA","Other","","","USDA","Maricopa (County, 2022)"
"Walgreens 3464","3402 N Central Ave","","Phoenix","AZ","85012","MARICOPA","Other","","","USDA","Maricopa (County, 2022)"
"Walgreens 3728","7059 E Baseline Rd","","Mesa","AZ","85209","MARICOPA","Other","","","USDA","Maricopa (County, 2022)"
"Walgreens 3767","2737 E McKellips Rd","","Mesa","AZ","85213","MARICOPA","Other","","","USDA","Maricopa (County, 2022)"
"Walgreens 3769","1616 E Thomas Rd","","Phoenix","AZ","85016","MARICOPA","Other","","","USDA","Maricopa (County, 2022)"
"Walgreens 3789","3605 E Thomas Rd","","Phoenix","AZ","85018","MARICOPA","Other","","","USDA","Maricopa (County, 2022)"
"Walgreens 4138","7923 E McDowell Rd","","Scottsdale","AZ","85257","MARICOPA","Other","","","USDA","Maricopa (County, 2022)"
"Walgreens 4139","3450 W Dunlap Ave","","Phoenix","AZ","85051","MARICOPA","Other","","","USDA","Maricopa (County, 2022)"
"Walgreens 4422","3945 E Southern Ave","","Phoenix","AZ","85040","MARICOPA","Other","","","USDA","Maricopa (County, 2022)"
"Walgreens 4506","8015 E Indian School Rd","","Scottsdale","AZ","85251","MARICOPA","Other","","","USDA","Maricopa (County, 2022)"
"Walgreens 4620","15490 W Bell Rd","","Surprise","AZ","85374","MARICOPA","Other","","","USDA","Maricopa (County, 2022)"
"Walgreens 4722","4111 N 24th St","","Phoenix","AZ","85016","MARICOPA","Other","","","USDA","Maricopa (County, 2022)"
"Walgreens 4742","8310 W Deer Valley Rd","","Peoria","AZ","85382","MARICOPA","Other","","","USDA","Maricopa (County, 2022)"
"Walgreens 5039","746 W University Dr","","Mesa","AZ","85201","MARICOPA","Other","","","USDA","Maricopa (County, 2022)"
"Walgreens 5222","9040 W Peoria Ave","","Peoria","AZ","85345","MARICOPA","Other","","","USDA","Maricopa (County, 2022)"
"Walgreens 5266","21632 N 35th Ave","","Glendale","AZ","85308","MARICOPA","Other","","","USDA","Maricopa (County, 2022)"
"Walgreens 5568","10707 W Peoria Ave","","Sun City","AZ","85351","MARICOPA","Other","","","USDA","Maricopa (County, 2022)"
"Walgreens 5701","1158 S Crismon Rd","","Mesa","AZ","85208","MARICOPA","Other","","","USDA","Maricopa (County, 2022)"
"Walgreens 5775","8309 W Glendale Ave","","Glendale","AZ","85305","MARICOPA","Other","","","USDA","Maricopa (County, 2022)"
"Walgreens 5851","5011 W Union Hills Dr","","Glendale","AZ","85308","MARICOPA","Other","","","USDA","Maricopa (County, 2022)"
"Walgreens 5893","705 E McDowell Rd","","Phoenix","AZ","85006","MARICOPA","Other","","","USDA","Maricopa (County, 2022)"
"Walgreens 5938","4134 N 44th St","","Phoenix","AZ","85018","MARICOPA","Other","","","USDA","Maricopa (County, 2022)"
"Walgreens 6021","1620 N 59th Ave","","Phoenix","AZ","85035","MARICOPA","Other","","","USDA","Maricopa (County, 2022)"
"Walgreens 6065","9009 N 67th Ave","","Glendale","AZ","85302","MARICOPA","Other","","","USDA","Maricopa (County, 2022)"
"Walgreens 6177","1135 N Mesa Dr","","Mesa","AZ","85201","MARICOPA","Other","","","USDA","Maricopa (County, 2022)"
"Walgreens 6400","8030 N 19th Ave","","Phoenix","AZ","85021","MARICOPA","Other","","","USDA","Maricopa (County, 2022)"
"Walgreens 6535","2420 E Baseline Rd","","Phoenix","AZ","85042","MARICOPA","Other","","","USDA","Maricopa (County, 2022)"
"Walgreens 6692","4766 E Queen Creek Rd","","Gilbert","AZ","85297","MARICOPA","Other","","","USDA","Maricopa (County, 2022)"
"Walgreens 6697","7606 S 7th St","","Phoenix","AZ","85042","MARICOPA","Other","","","USDA","Maricopa (County, 2022)"
"Walgreens 6736","4410 W Cactus Rd","","Glendale","AZ","85304","MARICOPA","Other","","","USDA","Maricopa (County, 2022)"
"Walgreens 6784","2024 W Main St","","Mesa","AZ","85201","MARICOPA","Other","","","USDA","Maricopa (County, 2022)"
"Walgreens 6806","17088 W Bell Rd","","Surprise","AZ","85374","MARICOPA","Other","","","USDA","Maricopa (County, 2022)"
"Walgreens 6872","2930 N 67th Ave","","Phoenix","AZ","85033","MARICOPA","Other","","","USDA","Maricopa (County, 2022)"
"Walgreens 7018","6838 N 7th St","","Phoenix","AZ","85014","MARICOPA","Other","","","USDA","Maricopa (County, 2022)"
"Walgreens 7026","12244 W Cactus Rd","","El Mirage","AZ","85335","MARICOPA","Other","","","USDA","Maricopa (County, 2022)"
"Walgreens 7387","10710 W McDowell Rd","","Avondale","AZ","85392","MARICOPA","Other","","","USDA","Maricopa (County, 2022)"
"Walgreens 7558","9233 E Guadalupe Rd","","Mesa","AZ","85212","MARICOPA","Other","","","USDA","Maricopa (County, 2022)"
"Walgreens 7582","13014 W Camelback Rd","","Litchfield Park","AZ","85340","MARICOPA","Other","","","USDA","Maricopa (County, 2022)"
"Walgreens 7663","8280 W Lower Buckeye Rd","","Phoenix","AZ","85043","MARICOPA","Other","","","USDA","Maricopa (County, 2022)"
"Walgreens 7747","3233 E Germann Rd","","Gilbert","AZ","85297","MARICOPA","Other","","","USDA","Maricopa (County, 2022)"
"Walgreens 9472","2707 W Carefree Hwy","","Phoenix","AZ","85085","MARICOPA","Other","","","USDA","Maricopa (County, 2022)"
"Walgreesn 12087","13723 N Litchfield Rd","","Surprise","AZ","85379","MARICOPA","Other","","","USDA","Maricopa (County, 2022)"
"Walmart 1512","800 W WARNER RD","","CHANDLER","AZ","85225","MARICOPA","Super Store","","","USDA","Maricopa (County, 2022)"
"Walmart 1532","5845 W BELL RD","","GLENDALE","AZ","85308","MARICOPA","Super Store","","","USDA","Maricopa (County, 2022)"
"Walmart 1533","7975 W PEORIA AVE","","PEORIA","AZ","85345","MARICOPA","Super Store","","","USDA","Maricopa (County, 2022)"
"Walmart 1549","2020 N 75th Ave","","Phoenix","AZ","85035","MARICOPA","Super Store","","","USDA","Maricopa (County, 2022)"
"Walmart 1598","4617 E BELL RD","","PHOENIX","AZ","85032","MARICOPA","Super Store","","","USDA","Maricopa (County, 2022)"
"Walmart 1646","6131 E Southern Ave","","Mesa","AZ","85206","MARICOPA","Super Store","","","USDA","Maricopa (County, 2022)"
"Walmart 1746","1380 W ELLIOT RD","","TEMPE","AZ","85284","MARICOPA","Super Store","","","USDA","Maricopa (County, 2022)"
"Walmart 2112","4915 N PIMA RD","","SCOTTSDALE","AZ","85251","MARICOPA","Super Store","","","USDA","Maricopa (County, 2022)"
"Walmart 2113","1607 W Bethany Home Rd","","Phoenix","AZ","85015","MARICOPA","Super Store","","","USDA","Maricopa (County, 2022)"
"Walmart 2482","857 N Dobson Rd","","Mesa","AZ","85201","MARICOPA","Super Store","","","USDA","Maricopa (County, 2022)"
"Walmart 2512","1825 W Bell Rd","","Phoenix","AZ","85023","MARICOPA","Super Store","","","USDA","Maricopa (County, 2022)"
"Walmart 2515","3721 E THOMAS RD","","PHOENIX","AZ","85018","MARICOPA","Super Store","","","USDA","Maricopa (County, 2022)"
"Walmart 2554","13055 W RANCHO SANTA FE BLVD","","AVONDALE","AZ","85392","MARICOPA","Super Store","","","USDA","Maricopa (County, 2022)"
"Walmart 2671","1175 S ARIZONA AVE","","CHANDLER","AZ","85286","MARICOPA","Super Store","","","USDA","Maricopa (County, 2022)"
"Walmart 2766","15355 N NORTHSIGHT BLVD","","SCOTTSDALE","AZ","85260","MARICOPA","Super Store","","","USDA","Maricopa (County, 2022)"
"Walmart 2767","4505 E MCKELLIPS RD","","MESA","AZ","85215","MARICOPA","Super Store","","","USDA","Maricopa (County, 2022)"
"Walmart 2768","1955 S STAPLEY DR","","MESA","AZ","85204","MARICOPA","Super Store","","","USDA","Maricopa (County, 2022)"
"Walmart 2777","13770 W BELL RD","","SURPRISE","AZ","85374","MARICOPA","Super Store","","","USDA","Maricopa (County, 2022)"
"Walmart 3241","18551 N 83RD AVE","","GLENDALE","AZ","85308","MARICOPA","Super Store","","","USDA","Maricopa (County, 2022)"
"Walmart 3314","7450 W GLENDALE AVE","","GLENDALE","AZ","85303","MARICOPA","Super Store","","","USDA","Maricopa (County, 2022)"
"Walmart 3315","4230 W UNION HILLS DR","","GLENDALE","AZ","85308","MARICOPA","Super Store","","","USDA","Maricopa (County, 2022)"
"Walmart 3360","2750 E GERMANN RD","","CHANDLER","AZ","85286","MARICOPA","Super Store","","","USDA","Maricopa (County, 2022)"
"Walmart 3407","1060 S WATSON RD","","BUCKEYE","AZ","85326","MARICOPA","Super Store","","","USDA","Maricopa (County, 2022)"
"Walmart 3465","5010 N 95TH AVE","","GLENDALE","AZ","85305","MARICOPA","Super Store","","","USDA","Maricopa (County, 2022)"
"Walmart 3604","14200 W INDIAN SCHOOL RD","","GOODYEAR","AZ","85395","MARICOPA","Super Store","","","USDA","Maricopa (County, 2022)"
"Walmart 3771","6150 S 35TH AVE","","PHOENIX","AZ","85041","MARICOPA","Super Store","","","USDA","Maricopa (County, 2022)"
"Walmart 3799","240 W Baseline Rd","","Mesa","AZ","85210","MARICOPA","Super Store","","","USDA","Maricopa (County, 2022)"
"Walmart 3833","1606 S SIGNAL BUTTE RD","","MESA","AZ","85209","MARICOPA","Super Store","","","USDA","Maricopa (County, 2022)"
"Walmart 3844","5137 W Olive Ave","","Glendale","AZ","85302","MARICOPA","Super Store","","","USDA","Maricopa (County, 2022)"
"Walmart 3845","6645 W PEORIA AVE","","GLENDALE","AZ","85302","MARICOPA","Super Store","","","USDA","Maricopa (County, 2022)"
"Walmart 3846","2725 E MCKELLIPS RD","","MESA","AZ","85213","MARICOPA","Super Store","","","USDA","Maricopa (County, 2022)"
"Walmart 3861","5290 S POWER RD","","GILBERT","AZ","85295","MARICOPA","Super Store","","","USDA","Maricopa (County, 2022)"
"Walmart 3896","21655 N LAKE PLEASANT PKWY","","PEORIA","AZ","85382","MARICOPA","Super Store","","","USDA","Maricopa (County, 2022)"
"Walmart 4218","15431 W GREENWAY RD","","SURPRISE","AZ","85374","MARICOPA","Super Store","","","USDA","Maricopa (County, 2022)"
"Walmart 4232","4747 E CACTUS RD","","PHOENIX","AZ","85032","MARICOPA","Super Store","","","USDA","Maricopa (County, 2022)"
"Walmart 4233","6550 W Happy Valley Rd","","Glendale","AZ","85310","MARICOPA","Super Store","","","USDA","Maricopa (County, 2022)"
"Walmart 4293","2435 E BASELINE RD","","PHOENIX","AZ","85042","MARICOPA","Super Store","","","USDA","Maricopa (County, 2022)"
"Walmart 4336","12900 W THUNDERBIRD RD","","EL MIRAGE","AZ","85335","MARICOPA","Super Store","","","USDA","Maricopa (County, 2022)"
"Walmart 4451","21055 E RITTENHOUSE RD","","QUEEN CREEK","AZ","85142","MARICOPA","Super Store","","","USDA","Maricopa (County, 2022)"
"Walmart 5124","5605 W NORTHERN AVE","","GLENDALE","AZ","85301","MARICOPA","Super Store","","","USDA","Maricopa (County, 2022)"
"Walmart 5186","2501 S MARKET ST","","GILBERT","AZ","85295","MARICOPA","Super Store","","","USDA","Maricopa (County, 2022)"
"Walmart 5189","5250 W INDIAN SCHOOL RD","","PHOENIX","AZ","85031","MARICOPA","Super Store","","","USDA","Maricopa (County, 2022)"
"Walmart 5190","2501 W Happy Valley Rd","Ste 34","Phoenix","AZ","85085","MARICOPA","Super Store","","","USDA","Maricopa (County, 2022)"
"Walmart 5257","5122 E UNIVERSITY DR","","MESA","AZ","85205","MARICOPA","Super Store","","","USDA","Maricopa (County, 2022)"
"Walmart 5304","1916 S LINDSAY RD","","MESA","AZ","85204","MARICOPA","Super Store","","","USDA","Maricopa (County, 2022)"
"Walmart 5329","4435 W ANTHEM WAY","","ANTHEM","AZ","85086","MARICOPA","Super Store","","","USDA","Maricopa (County, 2022)"
"Walmart 5330","6145 N 35TH AVE","","PHOENIX","AZ","85017","MARICOPA","Super Store","","","USDA","Maricopa (County, 2022)"
"Walmart 5331","7575 W LOWER BUCKEYE RD","","PHOENIX","AZ","85043","MARICOPA","Super Store","","","USDA","Maricopa (County, 2022)"
"Walmart 5332","730 E MCKELLIPS RD","","MESA","AZ","85203","MARICOPA","Super Store","","","USDA","Maricopa (County, 2022)"
"Walmart 5349","8335 E GUADALUPE RD","","MESA","AZ","85212","MARICOPA","Super Store","","","USDA","Maricopa (County, 2022)"
"Walmart 5369","1100 N ESTRELLA PKWY","","GOODYEAR","AZ","85338","MARICOPA","Super Store","","","USDA","Maricopa (County, 2022)"
"Walmart 5428","1710 S GREENFIELD RD","","MESA","AZ","85206","MARICOPA","Super Store","","","USDA","Maricopa (County, 2022)"
"Walmart 5429","14111 N Prasada Gateway Ave","","Surprise","AZ","85388","MARICOPA","Super Store","","","USDA","Maricopa (County, 2022)"
"Walmart 5768","800 E SOUTHERN AVE","","TEMPE","AZ","85282","MARICOPA","Super Store","","","USDA","Maricopa (County, 2022)"
"Walmart 5835","34399 N Cave Creek Rd","","Cave Creek","AZ","85331","MARICOPA","Super Store","","","USDA","Maricopa (County, 2022)"
"Walmart 6477","9600 N METRO PKWY W","","PHOENIX","AZ","85051","MARICOPA","Super Store","","","USDA","Maricopa (County, 2022)"
"Walmart Neighborhood Market 2632","115 E Dunlap Ave","","Phoenix","AZ","85020","MARICOPA","Super Store","","","USDA","Maricopa (County, 2022)"
"Walmart Neighborhood Market 4275","7421 W Thunderbird Rd","","Peoria","AZ","85381","MARICOPA","Super Store","","","USDA","Maricopa (County, 2022)"
"Walmart Neighborhood Market 4324","1900 E Chandler Blvd","","Chandler","AZ","85225","MARICOPA","Super Store","","","USDA","Maricopa (County, 2022)"
"Walmart Supercenter 6480","3460 W Chandler Blvd","","Chandler","AZ","85226","MARICOPA","Super Store","","","USDA","Maricopa (County, 2022)"
"Wells Country Store","21844 W Harding St","","Wittmann","AZ","85361","MARICOPA","Convenience Store","","","USDA","Maricopa (County, 2022)"
"Whole Foods Market 10172","10810 N Tatum Blvd","","Phoenix","AZ","85028","MARICOPA","Super Store","","","USDA","Maricopa (County, 2022)"
"Whole Foods Market 10246","7111 E Mayo Blvd","","Phoenix","AZ","85054","MARICOPA","Super Store","","","USDA","Maricopa (County, 2022)"
"Whole Foods Market 10272","2955 W Ray Rd","","Chandler","AZ","85224","MARICOPA","Super Store","","","USDA","Maricopa (County, 2022)"
"Whole Foods Market 10347","750 S Ash Ave.","Suite 101","Tempe","AZ","85281","MARICOPA","Super Store","","","USDA","Maricopa (County, 2022)"
"Whole Foods Market 10476","4701 N 20th St","","Phoenix","AZ","85016","MARICOPA","Super Store","","","USDA","Maricopa (County, 2022)"
"Whole Foods Market 10788","12500 N Tatum Blvd","","Phoenix","AZ","85032","MARICOPA","Super Store","","","USDA","Maricopa (County, 2022)"
"Widedaddys","2706 E University Dr","","Mesa","AZ","85213","MARICOPA","Restaurant Meals Program","","","USDA","Maricopa (County, 2022)"
"Wilcox Gas Operating LLC","7201 E Cave Creek Rd","","Carefree","AZ","85377","MARICOPA","Convenience Store","","","USDA","Maricopa (County, 2022)"
"Wild Horse Pass","5139 W Wildhorse Pass","","Chandler","AZ","85226","MARICOPA","Convenience Store","","","USDA","Maricopa (County, 2022)"
"WinCo Foods 108","330 W Bell Rd","","Phoenix","AZ","85023","MARICOPA","Supermarket","","","USDA","Maricopa (County, 2022)"
"WinCo Foods 109","5850 W Bell Rd","","Glendale","AZ","85308","MARICOPA","Supermarket","","","USDA","Maricopa (County, 2022)"
"WinCo Foods 110","1235 S Power Rd","","Mesa","AZ","85206","MARICOPA","Supermarket","","","USDA","Maricopa (County, 2022)"
"WinCo Foods 114","1967 E Pecos Rd","","Gilbert","AZ","85295","MARICOPA","Supermarket","","","USDA","Maricopa (County, 2022)"
"WinCo Foods 125","1363 N Arizona Ave","","Gilbert","AZ","85233","MARICOPA","Supermarket","","","USDA","Maricopa (County, 2022)"
"WinCo Foods 127","16925 W Bell Rd","","Surprise","AZ","85374","MARICOPA","Supermarket","","","USDA","Maricopa (County, 2022)"
"WinCo Foods 129","222 W Willis Rd","","Chandler","AZ","85286","MARICOPA","Supermarket","","","USDA","Maricopa (County, 2022)"
"WinCo Foods 130","15581 W McDowell Rd","","Goodyear","AZ","85395","MARICOPA","Supermarket","","","USDA","Maricopa (County, 2022)"
"Wing Lee Poultry","111 S Dobson Rd","Ste 106","Mesa","AZ","85202","MARICOPA","Grocery Store","","","USDA","Maricopa (County, 2022)"
"Wintersburg General Store","2614 S Wintersburg Rd","","Tonopah","AZ","85354","MARICOPA","Grocery Store","","","USDA","Maricopa (County, 2022)"
"Ya Zool Halal Grill Llc","7830 N 19th Ave","","Phoenix","AZ","85021","MARICOPA","Restaurant Meals Program","","","USDA","Maricopa (County, 2022)"
"Yasha From Russia","10240 N 32nd St","","Phoenix","AZ","85028","MARICOPA","Grocery Store","","","USDA","Maricopa (County, 2022)"
"Yass Convenience and More","4002 N 43rd Ave","","Phoenix","AZ","85031","MARICOPA","Convenience Store","","","USDA","Maricopa (County, 2022)"
"Yenat Enjera","1530 E McDowell Rd","","Phoenix","AZ","85006","MARICOPA","Grocery Store","","","USDA","Maricopa (County, 2022)"
"Yes Mart","5448 S Central Ave","","Phoenix","AZ","85040","MARICOPA","Convenience Store","","","USDA","Maricopa (County, 2022)"
"Yeshurun Farm","13250 N 74th Ln","","Peoria","AZ","85381","MARICOPA","Farmers and Markets","","","USDA","Maricopa (County, 2022)"
"Z Convenience Store","2114 W Main St","","Mesa","AZ","85201","MARICOPA","Convenience Store","","","USDA","Maricopa (County, 2022)"
"ZEST MARKET","2801 E Thomas Rd","","Phoenix","AZ","85016","MARICOPA","Convenience Store","","","USDA","Maricopa (County, 2022)"
"Zap Convenience & Liquor 01","5105 W McDowell Rd","","Phoenix","AZ","85035","MARICOPA","Convenience Store","","","USDA","Maricopa (County, 2022)"
"Zata Mediterranean Market 1","11291 E Via Linda","Ste 144","Scottsdale","AZ","85259","MARICOPA","Convenience Store","","","USDA","Maricopa (County, 2022)"
"McDonald's #29566","5842 W Olive Ave","","Glendale","AZ","85302","MARICOPA","Restaurant Meals Program","","","USDA","Maricopa (County, 2022)"
"McDonald's #30167","13055 W Rancho Santa Fe Blvd","","Avondale","AZ","85392","MARICOPA","Restaurant Meals Program","","","USDA","Maricopa (County, 2022)"
"McDonald's #30873","1100 N Estrella Pkwy","","Goodyear","AZ","85338","MARICOPA","Restaurant Meals Program","","","USDA","Maricopa (County, 2022)"
"McDonald's #31184","632 N Estrella Pkwy","","Goodyear","AZ","85338","MARICOPA","Restaurant Meals Program","","","USDA","Maricopa (County, 2022)"
"McDonald's #32753","6990 W Sundust Rd","","Chandler","AZ","85226","MARICOPA","Restaurant Meals Program","","","USDA","Maricopa (County, 2022)"
"McDonald's #34381","17640 W Elliot Rd","","Goodyear","AZ","85338","MARICOPA","Restaurant Meals Program","","","USDA","Maricopa (County, 2022)"
"McDonald's #36225","5998 N Granite Reef Rd","","Scottsdale","AZ","85250","MARICOPA","Restaurant Meals Program","","","USDA","Maricopa (County, 2022)"
"McDonald's #36459","1525 W Elliot Rd","","Tempe","AZ","85284","MARICOPA","Restaurant Meals Program","","","USDA","Maricopa (County, 2022)"
"McDonald's #36667","5050 W Indian School Rd","","Phoenix","AZ","85031","MARICOPA","Restaurant Meals Program","","","USDA","Maricopa (County, 2022)"
"McDonald's #37926","3155 E Indian School Rd","","Phoenix","AZ","85016","MARICOPA","Restaurant Meals Program","","","USDA","Maricopa (County, 2022)"
"McDonald's #39490","7450 W Lower Buckeye Rd","","Phoenix","AZ","85043","MARICOPA","Restaurant Meals Program","","","USDA","Maricopa (County, 2022)"
"McDonald's #39617","16275 W Yuma Rd","","Goodyear","AZ","85338","MARICOPA","Restaurant Meals Program","","","USDA","Maricopa (County, 2022)"
"McDonald's #39809","16280 W Indianola Ave","","Goodyear","AZ","85395","MARICOPA","Restaurant Meals Program","","","USDA","Maricopa (County, 2022)"
"McDonald's #40357","1215 N 91st Ave","","Tolleson","AZ","85353","MARICOPA","Restaurant Meals Program","","","USDA","Maricopa (County, 2022)"
"McDonald's #4699","4505 E Cactus Rd","","Phoenix","AZ","85032","MARICOPA","Restaurant Meals Program","","","USDA","Maricopa (County, 2022)"
"McDonald's #5589","870 N Dysart Rd","","Goodyear","AZ","85338","MARICOPA","Restaurant Meals Program","","","USDA","Maricopa (County, 2022)"
"McDonald's #6217","370 E Wickenburg Way","","Wickenburg","AZ","85390","MARICOPA","Restaurant Meals Program","","","USDA","Maricopa (County, 2022)"
"McDonald's #7381","16874 N 59th Ave","","Glendale","AZ","85306","MARICOPA","Restaurant Meals Program","","","USDA","Maricopa (County, 2022)"
"McDonald's 29378","2020 N. 75th AVE.","","PHOENIX","AZ","85035","MARICOPA","Restaurant Meals Program","","","USDA","Maricopa (County, 2022)"
"Mcdonald's #31455","587 S Watson Rd","","Buckeye","AZ","85326","MARICOPA","Restaurant Meals Program","","","USDA","Maricopa (County, 2022)"
"Mcdowell Six AL HAGE","1601 N 43rd Ave","","Phoenix","AZ","85009","MARICOPA","Convenience Store","","","USDA","Maricopa (County, 2022)"
"Mcl Llc","4702 S 35th Ave","","Phoenix","AZ","85041","MARICOPA","Convenience Store","","","USDA","Maricopa (County, 2022)"
"Mekong Supermarket LLC","66 S Dobson Rd","Ste 132","Mesa","AZ","85202","MARICOPA","Super Store","","","USDA","Maricopa (County, 2022)"
"Mercado De Amigos No","304 W Pima St","","Gila Bend","AZ","85337","MARICOPA","Grocery Store","","","USDA","Maricopa (County, 2022)"
"Mercado Latino","3102 W Van Buren St","","Phoenix","AZ","85009","MARICOPA","Grocery Store","","","USDA","Maricopa (County, 2022)"
"Mercado Mi Pueblo","103 W 8th Ave","","Mesa","AZ","85210","MARICOPA","Convenience Store","","","USDA","Maricopa (County, 2022)"
"Mercado Y Carniceria El Rancho #3","413 W Hatcher Rd","","Phoenix","AZ","85021","MARICOPA","Grocery Store","","","USDA","Maricopa (County, 2022)"
"Mercado Y Carniceria El Rancho 2","2601 E Bell Rd","Ste 6","Phoenix","AZ","85032","MARICOPA","Supermarket","","","USDA","Maricopa (County, 2022)"
"Mercado Y Carniceria Rodeo Inc","9201 W Van Buren St","","Tolleson","AZ","85353","MARICOPA","Supermarket","","","USDA","Maricopa (County, 2022)"
"Mercado Y Carniceria Sepulveda","1612 W Bell Rd","","Phoenix","AZ","85023","MARICOPA","Grocery Store","","","USDA","Maricopa (County, 2022)"
"Mesa Liquor Store","1930 E Broadway Rd","","Mesa","AZ","85204","MARICOPA","Convenience Store","","","USDA","Maricopa (County, 2022)"
"Metro Tech High School Farmers Market","1900 W Thomas Rd","","Phoenix","AZ","85015","MARICOPA","Farmers and Markets","","Pinnacle Prevention Corporation","USDA","Maricopa (County, 2022)"
"Mi Ranchito 2","5035 W Southern Ave","Ste 110","Laveen","AZ","85339","MARICOPA","Grocery Store","","","USDA","Maricopa (County, 2022)"
"Mi Tienda Latina","1811 N 24th St","","Phoenix","AZ","85008","MARICOPA","Grocery Store","","","USDA","Maricopa (County, 2022)"
"Midwestern Meats","4308 E Main St","","Mesa","AZ","85205","MARICOPA","Specialty Store","","","USDA","Maricopa (County, 2022)"
"Mini Market La Tiendita","507 E University Dr","Ste 3","Mesa","AZ","85203","MARICOPA","Convenience Store","","","USDA","Maricopa (County, 2022)"
"Mini Mart","3502 W Thomas Rd","","Phoenix","AZ","85019","MARICOPA","Convenience Store","","","USDA","Maricopa (County, 2022)"
"Mini Mart 4644","4644 N 12th St","","Phoenix","AZ","85014","MARICOPA","Convenience Store","","","USDA","Maricopa (County, 2022)"
"Minute Liquors","2355 S 16th St","","Phoenix","AZ","85034","MARICOPA","Convenience Store","","","USDA","Maricopa (County, 2022)"
"Mission Market","8818 S Avenida del Yaqui","","Guadalupe","AZ","85283","MARICOPA","Convenience Store","","","USDA","Maricopa (County, 2022)"
"Mo's Market and Deli","12839 N Cave Creek Rd","","Phoenix","AZ","85022","MARICOPA","Convenience Store","","","USDA","Maricopa (County, 2022)"
"Mobil 305","305 E Thomas Rd","","Phoenix","AZ","85012","MARICOPA","Convenience Store","","","USDA","Maricopa (County, 2022)"
"Mobil Food Mart","6904 N Dysart Rd","","Glendale","AZ","85307","MARICOPA","Convenience Store","","","USDA","Maricopa (County, 2022)"
"Mobile Mart A","8316 W Indian School Rd","","Phoenix","AZ","85037","MARICOPA","Convenience Store","","","USDA","Maricopa (County, 2022)"
"Mountain Light Farm LLC","4023 W Elliot Rd","Unit B","Laveen","AZ","85339","MARICOPA","Specialty Store","","","USDA","Maricopa (County, 2022)"
"Mountain View Market","1501 W Mountain View Rd","","Phoenix","AZ","85021","MARICOPA","Convenience Store","","","USDA","Maricopa (County, 2022)"
"Mr Meats Carniceria & Market","1933 E University Dr","St 1,2","Mesa","AZ","85203","MARICOPA","Convenience Store","","","USDA","Maricopa (County, 2022)"
"Mukhi Shah 1010 LLC","9080 W Olive Ave","","Peoria","AZ","85345","MARICOPA","Convenience Store","","","USDA","Maricopa (County, 2022)"
"Mukhi Shah 1020","3925 N 107th Ave","","Avondale","AZ","85323","MARICOPA","Convenience Store","","","USDA","Maricopa (County, 2022)"
"Mukhi Shah 1030 Llc 206568","2427 W Thomas Rd","","Phoenix","AZ","85015","MARICOPA","Convenience Store","","","USDA","Maricopa (County, 2022)"
"Murrieta's Carniceria 2","1911 W Broadway Rd","Ste 14","Mesa","AZ","85202","MARICOPA","Grocery Store","","","USDA","Maricopa (County, 2022)"
"N FOOD MART","12850 N 19th Ave","","Phoenix","AZ","85029","MARICOPA","Convenience Store","","","USDA","Maricopa (County, 2022)"
"Naddaf Llc Dba La Razza","10001 N 19th Ave","","Phoenix","AZ","85021","MARICOPA","Grocery Store","","","USDA","Maricopa (County, 2022)"
"Naj Eddy's Tobacco Llc","3338 N 19th Ave","","Phoenix","AZ","85015","MARICOPA","Convenience Store","","","USDA","Maricopa (County, 2022)"
"Nashville Hot Chicken","1628 E Southern Ave","Ste 7","Tempe","AZ","85282","MARICOPA","Restaurant Meals Program","","","USDA","Maricopa (County, 2022)"
"Neighborhood Market 1","2101 W Adams St","","Phoenix","AZ","85009","MARICOPA","Convenience Store","","","USDA","Maricopa (County, 2022)"
"New Africa Supermarket Llc 4740","4734 W Glendale Ave","Ste 4740","Glendale","AZ","85301","MARICOPA","Grocery Store","","","USDA","Maricopa (County, 2022)"
"New India Bazaar","2544 N 7th St","Ste 101","Phoenix","AZ","85006","MARICOPA","Grocery Store","","","USDA","Maricopa (County, 2022)"
"Nio1 LLC","8322 W Olive Ave","","Peoria","AZ","85345","MARICOPA","Convenience Store","","","USDA","Maricopa (County, 2022)"
"Northern Foods Llc","8030 N 27th Ave","","Phoenix","AZ","85051","MARICOPA","Super Store","","","USDA","Maricopa (County, 2022)"
"Off The Hook Meat Shop LLC","14960 W Indian School Rd","Ste 380","Goodyear","AZ","85395","MARICOPA","Grocery Store","","","USDA","Maricopa (County, 2022)"
"Old Town Scottsdale Farmers Market","7250 E 1st St","","Scottsdale","AZ","85251","MARICOPA","Farmers and Markets","","","USDA","Maricopa (County, 2022)"
"Olive Liquor","6604 W Olive Ave","","Glendale","AZ","85302","MARICOPA","Convenience Store","","","USDA","Maricopa (County, 2022)"
"Om Food & Gas Inc. n/a","5103 W Peoria Ave","","Glendale","AZ","85302","MARICOPA","Convenience Store","","","USDA","Maricopa (County, 2022)"
"One Love Cafe","4115 N 19th Ave","","Phoenix","AZ","85015","MARICOPA","Restaurant Meals Program","","","USDA","Maricopa (County, 2022)"
"One Stop Market and Service Center","6702 W Indian School Rd","","Phoenix","AZ","85033","MARICOPA","Convenience Store","","","USDA","Maricopa (County, 2022)"
"One Stop Shop Food Mart And Deli","1620 W University Dr","Ste 1","Mesa","AZ","85201","MARICOPA","Convenience Store","","","USDA","Maricopa (County, 2022)"
"Open Sesame #2","4925 W Bell Rd","Ste D2","Glendale","AZ","85308","MARICOPA","Grocery Store","","","USDA","Maricopa (County, 2022)"
"Orange Mini Mart","9409 N Cave Creek Rd","","Phoenix","AZ","85020","MARICOPA","Convenience Store","","","USDA","Maricopa (County, 2022)"
"Palms Market","3502 W Greenway Rd","Ste 2","Phoenix","AZ","85053","MARICOPA","Grocery Store","","","USDA","Maricopa (County, 2022)"
"Panaderia Y Tortilleria Guerrero LLC","2829 N 32nd St","Ste 103","Phoenix","AZ","85008","MARICOPA","Grocery Store","","","USDA","Maricopa (County, 2022)"
"Papa Johns #1355","1225 W Main St","","Mesa","AZ","85201","MARICOPA","Restaurant Meals Program","","","USDA","Maricopa (County, 2022)"
"Papa Johns #1356","1100 N Alma School Rd","Ste 6","Chandler","AZ","85224","MARICOPA","Restaurant Meals Program","","","USDA","Maricopa (County, 2022)"
"Papa Johns #1387","1813 E Southern Ave","","Tempe","AZ","85282","MARICOPA","Restaurant Meals Program","","","USDA","Maricopa (County, 2022)"
"Papa Johns #1508","4501 E Thomas Rd","","Phoenix","AZ","85018","MARICOPA","Restaurant Meals Program","","","USDA","Maricopa (County, 2022)"
"Papa Johns #1510","63 N Greenfield Rd","Ste 112","Mesa","AZ","85205","MARICOPA","Restaurant Meals Program","","","USDA","Maricopa (County, 2022)"
"Papa Johns #1651","7040 N 16th St","","Phoenix","AZ","85020","MARICOPA","Restaurant Meals Program","","","USDA","Maricopa (County, 2022)"
"Papa Johns #1652","4030 E Thunderbird Rd","","Phoenix","AZ","85032","MARICOPA","Restaurant Meals Program","","","USDA","Maricopa (County, 2022)"
"Papa Johns #1686","4302 E Ray Rd","","Phoenix","AZ","85044","MARICOPA","Restaurant Meals Program","","","USDA","Maricopa (County, 2022)"
"Papa Johns #1695","1063 N Mesa Dr","","Mesa","AZ","85201","MARICOPA","Restaurant Meals Program","","","USDA","Maricopa (County, 2022)"
"Papa Johns #1913","540 E Thomas Rd","","Phoenix","AZ","85012","MARICOPA","Restaurant Meals Program","","","USDA","Maricopa (County, 2022)"
"Papa Johns #1914","3441 W Northern Ave","","Phoenix","AZ","85051","MARICOPA","Restaurant Meals Program","","","USDA","Maricopa (County, 2022)"
"Papa Johns #2012","8251 W Union Hills Dr","Ste 125","Glendale","AZ","85308","MARICOPA","Restaurant Meals Program","","","USDA","Maricopa (County, 2022)"
"Papa Johns #2036","9189 N 59th Ave","","Glendale","AZ","85302","MARICOPA","Restaurant Meals Program","","","USDA","Maricopa (County, 2022)"
"Papa Johns #2147","751 E Bell Rd","Ste 10","Phoenix","AZ","85022","MARICOPA","Restaurant Meals Program","","","USDA","Maricopa (County, 2022)"
"Papa Johns #2148","8987 W Olive Ave","","Peoria","AZ","85345","MARICOPA","Restaurant Meals Program","","","USDA","Maricopa (County, 2022)"
"Papa Johns #2162","18413 N Cave Creek Rd","","Phoenix","AZ","85032","MARICOPA","Restaurant Meals Program","","","USDA","Maricopa (County, 2022)"
"Papa Johns #2229","70 S Val Vista Dr","","Gilbert","AZ","85296","MARICOPA","Restaurant Meals Program","","","USDA","Maricopa (County, 2022)"
"Papa Johns #2348","7102 E Baseline Rd","Ste 101","Mesa","AZ","85209","MARICOPA","Restaurant Meals Program","","","USDA","Maricopa (County, 2022)"
"Papa Johns #2458","1829 N Power Rd","Ste 103","Mesa","AZ","85205","MARICOPA","Restaurant Meals Program","","","USDA","Maricopa (County, 2022)"
"Papa Johns #2605","4840 N 83rd Ave","Ste 2","Phoenix","AZ","85033","MARICOPA","Restaurant Meals Program","","","USDA","Maricopa (County, 2022)"
"Papa Johns #2767","4980 S Alma School Rd","Ste 5","Chandler","AZ","85248","MARICOPA","Restaurant Meals Program","","","USDA","Maricopa (County, 2022)"
"Papa Johns #2772","10745 E Apache Trl","","Apache Junction","AZ","85120","MARICOPA","Restaurant Meals Program","","","USDA","Maricopa (County, 2022)"
"Papa Johns #2803","4645 E Broadway Rd","Ste 106","Phoenix","AZ","85040","MARICOPA","Restaurant Meals Program","","","USDA","Maricopa (County, 2022)"
"Papa Johns #2864","11300 E Via Linda","Ste C","Scottsdale","AZ","85259","MARICOPA","Restaurant Meals Program","","","USDA","Maricopa (County, 2022)"
"Papa Johns #2967","5930 W McDowell Rd","","Phoenix","AZ","85035","MARICOPA","Restaurant Meals Program","","","USDA","Maricopa (County, 2022)"
"Papa Johns #3327","21803 S Ellsworth Rd","","Queen Creek","AZ","85142","MARICOPA","Restaurant Meals Program","","","USDA","Maricopa (County, 2022)"
"Papa Johns #3421","3076 E Chandler Heights Rd","Ste 111","Gilbert","AZ","85298","MARICOPA","Restaurant Meals Program","","","USDA","Maricopa (County, 2022)"
"Papa Johns #3549","25101 N Lake Pleasant Pkwy","","Peoria","AZ","85383","MARICOPA","Restaurant Meals Program","","","USDA","Maricopa (County, 2022)"
"Papa Johns #3672","5045 W Baseline Rd","Ste 130","Laveen","AZ","85339","MARICOPA","Restaurant Meals Program","","","USDA","Maricopa (County, 2022)"
"Papa Johns #4388","4815 E Carefree Hwy","Ste C128","Cave Creek","AZ","85331","MARICOPA","Restaurant Meals Program","","","USDA","Maricopa (County, 2022)"
"Papa Johns #5331","23359 N Pima Rd","","Scottsdale","AZ","85255","MARICOPA","Restaurant Meals Program","","","USDA","Maricopa (County, 2022)"
"Papa Murphy's AZ002","15557 W Bell Rd","Ste 407","Surprise","AZ","85374","MARICOPA","Specialty Store","","","USDA","Maricopa (County, 2022)"
"Papa Murphy's AZ008","1809 N Dysart Rd","Ste 108","Avondale","AZ","85392","MARICOPA","Specialty Store","","","USDA","Maricopa (County, 2022)"
"Papa Murphy's AZ011","3230 E Union Hills Dr","","Phoenix","AZ","85050","MARICOPA","Specialty Store","","","USDA","Maricopa (County, 2022)"
"Papa Murphy's AZ026","3550 E Southern Ave","","Mesa","AZ","85204","MARICOPA","Specialty Store","","","USDA","Maricopa (County, 2022)"
"Papa Murphy's AZ034","15570 W Van Buren St","","Goodyear","AZ","85338","MARICOPA","Specialty Store","","","USDA","Maricopa (County, 2022)"
"Papa Murphy's AZ035","13525 N Fountain Hills Blvd","Ste 103","Fountain Hills","AZ","85268","MARICOPA","Specialty Store","","","USDA","Maricopa (County, 2022)"
"Papa Murphy's AZ042","1242 E McKellips Rd","","Mesa","AZ","85203","MARICOPA","Specialty Store","","","USDA","Maricopa (County, 2022)"
"Papa Murphy's AZ047","9015 W Union Hills Dr","Ste 102","Peoria","AZ","85382","MARICOPA","Specialty Store","","","USDA","Maricopa (County, 2022)"
"Papa Murphy's AZ049","1955 W Baseline Rd","Ste 105","Mesa","AZ","85202","MARICOPA","Specialty Store","","","USDA","Maricopa (County, 2022)"
"Papa Murphy's AZ058","23706 S Power Rd","Ste 108","Queen Creek","AZ","85142","MARICOPA","Specialty Store","","","USDA","Maricopa (County, 2022)"
"Papa Murphy's AZ071","1075 E Riggs Rd","","Chandler","AZ","85249","MARICOPA","Specialty Store","","","USDA","Maricopa (County, 2022)"
"Papa Murphy's AZ080","9980 W Happy Valley Rd","Ste 1130","Peoria","AZ","85383","MARICOPA","Specialty Store","","","USDA","Maricopa (County, 2022)"
"Papa Murphy's AZ089","8257 E Guadalupe Rd","","Mesa","AZ","85212","MARICOPA","Specialty Store","","","USDA","Maricopa (County, 2022)"
"Papa Murphy's AZ097","2748 S Signal Butte Rd","","Mesa","AZ","85209","MARICOPA","Specialty Store","","","USDA","Maricopa (County, 2022)"
"Papa Murphy's AZ098","10659 Grand Ave","Ste A12","Sun City","AZ","85351","MARICOPA","Specialty Store","","","USDA","Maricopa (County, 2022)"
"Papa Murphy's Pizza AZ003","1385 E Warner Rd","Ste 104","Gilbert","AZ","85296","MARICOPA","Specialty Store","","","USDA","Maricopa (County, 2022)"
"Papa Murphy's Pizza AZ004","3900 W Ray Rd","Ste 7","Chandler","AZ","85226","MARICOPA","Specialty Store","","","USDA","Maricopa (County, 2022)"
"Papa Murphy's Pizza AZ010","29455 N Cave Creek Rd","Ste 142","Cave Creek","AZ","85331","MARICOPA","Specialty Store","","","USDA","Maricopa (County, 2022)"
"Papa Murphy's Pizza AZ067","8912 E Via Linda","Ste 115","Scottsdale","AZ","85258","MARICOPA","Specialty Store","","","USDA","Maricopa (County, 2022)"
"Papa Murphys AZ052","7465 W Cactus Rd","Ste 101","Peoria","AZ","85381","MARICOPA","Specialty Store","","","USDA","Maricopa (County, 2022)"
"Papa Murphys AZ081","2920 N Power Rd","Ste 103","Mesa","AZ","85215","MARICOPA","Specialty Store","","","USDA","Maricopa (County, 2022)"
"Paradise Liquor  Mini Mart","722 W Southern Ave","","Phoenix","AZ","85041","MARICOPA","Convenience Store","","","USDA","Maricopa (County, 2022)"
"Park West Market","9744 W. Northern Ave","","Peoria","AZ","85345","MARICOPA","Farmers and Markets","","","USDA","Maricopa (County, 2022)"
"Pataq Group Llc","8520 W Peoria Ave","","Peoria","AZ","85345","MARICOPA","Convenience Store","","","USDA","Maricopa (County, 2022)"
"Patrick Dollar Store LLC","6409 W Glendale Ave","Ste F","Glendale","AZ","85301","MARICOPA","Convenience Store","","","USDA","Maricopa (County, 2022)"
"Payless Market","405 S Arizona Ave","","Chandler","AZ","85225","MARICOPA","Convenience Store","","","USDA","Maricopa (County, 2022)"
"Payless Market 2","11021 N 19th Ave","","Phoenix","AZ","85029","MARICOPA","Convenience Store","","","USDA","Maricopa (County, 2022)"
"Pebblestone Market","3399 N Scottsdale Rd","","Scottsdale","AZ","85251","MARICOPA","Convenience Store","","","USDA","Maricopa (County, 2022)"
"Peoria Discount Grocery","8150 W Peoria Ave","","Peoria","AZ","85345","MARICOPA","Grocery Store","","","USDA","Maricopa (County, 2022)"
"Pescaderia  Mariscos Guaymas LLC","5030 W Mcdowell Rd","Ste 35a","Phoenix","AZ","85035","MARICOPA","Specialty Store","","","USDA","Maricopa (County, 2022)"
"Pescaderia El Puerto De Guaymas Llc","4434 W Thomas Rd","Ste 19","Phoenix","AZ","85031","MARICOPA","Other","","","USDA","Maricopa (County, 2022)"
"Pescaderia El Puerto Guaymas 2","1241 E Broadway Rd","Ste 20","Mesa","AZ","85204","MARICOPA","Specialty Store","","","USDA","Maricopa (County, 2022)"
"Pescaderia El Waco 1","2201 N 83rd Ave","Suite 105","Phoenix","AZ","85035","MARICOPA","Specialty Store","","","USDA","Maricopa (County, 2022)"
"Pescaderia Playas De Guaymas","8385 W Grand Ave","","Peoria","AZ","85345","MARICOPA","Grocery Store","","","USDA","Maricopa (County, 2022)"
"Peterson African Market 1","2647 W Bethany Home Rd","","Phoenix","AZ","85017","MARICOPA","Other","","","USDA","Maricopa (County, 2022)"
"Phoenix Meats LLC","5131 W Latham St","","Phoenix","AZ","85043","MARICOPA","Specialty Store","","","USDA","Maricopa (County, 2022)"
"Pilot 1243","3006 S Butterfield Trl","","Gila Bend","AZ","85337","MARICOPA","Convenience Store","","","USDA","Maricopa (County, 2022)"
"Pilot Travel Center 1180","41112 W Indian School Rd","","Tonopah","AZ","85354","MARICOPA","Convenience Store","","","USDA","Maricopa (County, 2022)"
"Pilot Travel Center 459","900 N 99th Ave","","Avondale","AZ","85323","MARICOPA","Convenience Store","","","USDA","Maricopa (County, 2022)"
"Pilot Travel Center 611","6700 W Latham St","","Phoenix","AZ","85043","MARICOPA","Convenience Store","","","USDA","Maricopa (County, 2022)"
"Pizza Hut #26984","1839 W Indian School Rd","","Phoenix","AZ","85015","MARICOPA","Restaurant Meals Program","","","USDA","Maricopa (County, 2022)"
"Pizza Hut #26996","8225 W Indian School Rd","","Phoenix","AZ","85033","MARICOPA","Restaurant Meals Program","","","USDA","Maricopa (County, 2022)"
"Pizza Hut #26997","6601 W Indian School Rd","Ste 4","Phoenix","AZ","85033","MARICOPA","Restaurant Meals Program","","","USDA","Maricopa (County, 2022)"
"Pizza Hut 26994","4322 W Glendale Ave","","Glendale","AZ","85301","MARICOPA","Restaurant Meals Program","","","USDA","Maricopa (County, 2022)"
"Pizza Hut 26995","6650 W Bethany Home Rd","","Glendale","AZ","85301","MARICOPA","Restaurant Meals Program","","","USDA","Maricopa (County, 2022)"
"Pop N' Bottles Liquor","1620 W Buckeye Rd","","Phoenix","AZ","85007","MARICOPA","Convenience Store","","","USDA","Maricopa (County, 2022)"
"Pride Gas And Groceries N/A","1734 E Apache Blvd","","Tempe","AZ","85281","MARICOPA","Convenience Store","","","USDA","Maricopa (County, 2022)"
"Pv Carwash","12621 N Paradise Village Pkwy W","","Phoenix","AZ","85032","MARICOPA","Convenience Store","","","USDA","Maricopa (County, 2022)"
"QUALITY FOOD MARKET","621 N 14th St","","Phoenix","AZ","85006","MARICOPA","Convenience Store","","","USDA","Maricopa (County, 2022)"
"Quick & Easy","805 N McQueen Rd","","Gilbert","AZ","85233","MARICOPA","Convenience Store","","","USDA","Maricopa (County, 2022)"
"Quick & Easy Shell","7602 S McClintock Dr","","Tempe","AZ","85284","MARICOPA","Convenience Store","","","USDA","Maricopa (County, 2022)"
"Quick & Easy Shell Ii","1795 E University Dr","","Tempe","AZ","85281","MARICOPA","Convenience Store","","","USDA","Maricopa (County, 2022)"
"Quick And Easy Food Mart","1650 E Broadway Rd","Ste 1","Mesa","AZ","85204","MARICOPA","Convenience Store","","","USDA","Maricopa (County, 2022)"
"Quick Corner","4435 N 27th Ave","","Phoenix","AZ","85017","MARICOPA","Convenience Store","","","USDA","Maricopa (County, 2022)"
"Quick Corner #2 1","66 S Mesa Dr","","Mesa","AZ","85210","MARICOPA","Convenience Store","","","USDA","Maricopa (County, 2022)"
"Quick Corner 1","1107 N Mesa Dr","","Mesa","AZ","85201","MARICOPA","Convenience Store","","","USDA","Maricopa (County, 2022)"
"Quick Corner Market","5121 W Thomas Rd","","Phoenix","AZ","85031","MARICOPA","Convenience Store","","","USDA","Maricopa (County, 2022)"
"Quick Korner Market","1869 W Southern Ave","","Phoenix","AZ","85041","MARICOPA","Convenience Store","","","USDA","Maricopa (County, 2022)"
"Quick Run","2659 W Guadalupe Rd","","Mesa","AZ","85202","MARICOPA","Convenience Store","","","USDA","Maricopa (County, 2022)"
"Quik Food Mart","921 W Main St","","Avondale","AZ","85323","MARICOPA","Convenience Store","","","USDA","Maricopa (County, 2022)"
"Quik Trip 436","6739 W Happy Valley Rd","","Peoria","AZ","85383","MARICOPA","Convenience Store","","","USDA","Maricopa (County, 2022)"
"Quik Trip 484","9541 W Olive Ave","","Peoria","AZ","85345","MARICOPA","Convenience Store","","","USDA","Maricopa (County, 2022)"
"QuikTrip 0423","13067 W Thomas Rd","","Avondale","AZ","85392","MARICOPA","Convenience Store","","","USDA","Maricopa (County, 2022)"
"QuikTrip 0432","4075 S 32nd St","","Phoenix","AZ","85040","MARICOPA","Convenience Store","","","USDA","Maricopa (County, 2022)"
"QuikTrip 0492","1850 S Miller Rd","","Buckeye","AZ","85326","MARICOPA","Convenience Store","","","USDA","Maricopa (County, 2022)"
"QuikTrip 1400","2150 E University Dr","","Tempe","AZ","85281","MARICOPA","Convenience Store","","","USDA","Maricopa (County, 2022)"
"QuikTrip 1401","575 N Estrella Pkwy","","Goodyear","AZ","85338","MARICOPA","Convenience Store","","","USDA","Maricopa (County, 2022)"
"QuikTrip 1402","4015 E Cottonwood Ln","","Phoenix","AZ","85048","MARICOPA","Convenience Store","","","USDA","Maricopa (County, 2022)"
"QuikTrip 1403","1550 E Baseline Rd","","Phoenix","AZ","85042","MARICOPA","Convenience Store","","","USDA","Maricopa (County, 2022)"
"QuikTrip 1404","3720 S Val Vista Dr","","Gilbert","AZ","85297","MARICOPA","Convenience Store","","","USDA","Maricopa (County, 2022)"
"QuikTrip 1405","3130 E Williams Field Rd","","Gilbert","AZ","85295","MARICOPA","Convenience Store","","","USDA","Maricopa (County, 2022)"
"QuikTrip 1406","2420 E Greenway Rd","","Phoenix","AZ","85032","MARICOPA","Convenience Store","","","USDA","Maricopa (County, 2022)"
"QuikTrip 1407","900 S Watson Rd","","Buckeye","AZ","85326","MARICOPA","Convenience Store","","","USDA","Maricopa (County, 2022)"
"QuikTrip 1408","2250 E Thomas Rd","","Phoenix","AZ","85016","MARICOPA","Convenience Store","","","USDA","Maricopa (County, 2022)"
"QuikTrip 1409","8045 N 51st Ave","","Glendale","AZ","85302","MARICOPA","Convenience Store","","","USDA","Maricopa (County, 2022)"
"QuikTrip 1410","400 N 75th Ave","","Phoenix","AZ","85043","MARICOPA","Convenience Store","","","USDA","Maricopa (County, 2022)"
"QuikTrip 1411","3605 W Glendale Ave","","Phoenix","AZ","85051","MARICOPA","Convenience Store","","","USDA","Maricopa (County, 2022)"
"QuikTrip 1412","1133 E Northern Ave","","Phoenix","AZ","85020","MARICOPA","Convenience Store","","","USDA","Maricopa (County, 2022)"
"QuikTrip 1415","2834 W Bell Rd","","Phoenix","AZ","85053","MARICOPA","Convenience Store","","","USDA","Maricopa (County, 2022)"
"QuikTrip 1416","2255 N 44th St","","Phoenix","AZ","85008","MARICOPA","Convenience Store","","","USDA","Maricopa (County, 2022)"
"QuikTrip 1417","1540 N Bullard Ave","","Goodyear","AZ","85395","MARICOPA","Convenience Store","","","USDA","Maricopa (County, 2022)"
"QuikTrip 1418","8780 E McDowell Rd","","Scottsdale","AZ","85257","MARICOPA","Convenience Store","","","USDA","Maricopa (County, 2022)"
"QuikTrip 1419","1157 N 35th Ave","","Phoenix","AZ","85009","MARICOPA","Convenience Store","","","USDA","Maricopa (County, 2022)"
"QuikTrip 1420","1190 W Elliot Rd","","Tempe","AZ","85284","MARICOPA","Convenience Store","","","USDA","Maricopa (County, 2022)"
"QuikTrip 1422","1956 E Southern Ave","","Mesa","AZ","85204","MARICOPA","Convenience Store","","","USDA","Maricopa (County, 2022)"
"QuikTrip 1423","1201 N 91st Ave","","Tolleson","AZ","85353","MARICOPA","Convenience Store","","","USDA","Maricopa (County, 2022)"
"QuikTrip 1424","150 N Avondale Blvd","","Avondale","AZ","85323","MARICOPA","Convenience Store","","","USDA","Maricopa (County, 2022)"
"QuikTrip 1425","7455 W Peoria Ave","","Peoria","AZ","85345","MARICOPA","Convenience Store","","","USDA","Maricopa (County, 2022)"
"QuikTrip 1426","1550 N 107th Ave","","Avondale","AZ","85392","MARICOPA","Convenience Store","","","USDA","Maricopa (County, 2022)"
"QuikTrip 1427","3547 E Southern Ave","","Mesa","AZ","85204","MARICOPA","Convenience Store","","","USDA","Maricopa (County, 2022)"
"QuikTrip 1428","2840 W Cactus Rd","","Phoenix","AZ","85029","MARICOPA","Convenience Store","","","USDA","Maricopa (County, 2022)"
"QuikTrip 1430","12294 N Prasada Pkwy","","Surprise","AZ","85388","MARICOPA","Convenience Store","","","USDA","Maricopa (County, 2022)"
"QuikTrip 1431","9101 W McDowell Rd","","Tolleson","AZ","85353","MARICOPA","Convenience Store","","","USDA","Maricopa (County, 2022)"
"QuikTrip 1432","5960 W Buckeye Rd","","Phoenix","AZ","85043","MARICOPA","Convenience Store","","","USDA","Maricopa (County, 2022)"
"QuikTrip 1433","5215 S Ellsworth Rd","","Mesa","AZ","85212","MARICOPA","Convenience Store","","","USDA","Maricopa (County, 2022)"
"QuikTrip 1434","7171 S Higley Rd","","Gilbert","AZ","85298","MARICOPA","Convenience Store","","","USDA","Maricopa (County, 2022)"
"QuikTrip 1435","3510 W Happy Valley Rd","","Phoenix","AZ","85085","MARICOPA","Convenience Store","","","USDA","Maricopa (County, 2022)"
"QuikTrip 1437","5850 W Greenway Rd","","Glendale","AZ","85306","MARICOPA","Convenience Store","","","USDA","Maricopa (County, 2022)"
"QuikTrip 1438","9755 W Northern Ave","","Glendale","AZ","85305","MARICOPA","Convenience Store","","","USDA","Maricopa (County, 2022)"
"QuikTrip 1439","9038 E Elliot Rd","","Mesa","AZ","85212","MARICOPA","Convenience Store","","","USDA","Maricopa (County, 2022)"
"QuikTrip 1441","1420 N 24th St","","Phoenix","AZ","85008","MARICOPA","Convenience Store","","","USDA","Maricopa (County, 2022)"
"QuikTrip 1444","8251 W Glendale Ave","","Glendale","AZ","85303","MARICOPA","Convenience Store","","","USDA","Maricopa (County, 2022)"
"QuikTrip 1447","6705 W Baseline Rd","","Laveen","AZ","85339","MARICOPA","Convenience Store","","","USDA","Maricopa (County, 2022)"
"QuikTrip 1523","2000 W Ray Rd","","Chandler","AZ","85224","MARICOPA","Convenience Store","","","USDA","Maricopa (County, 2022)"
"QuikTrip 400","2111 W University Dr","","Tempe","AZ","85281","MARICOPA","Convenience Store","","","USDA","Maricopa (County, 2022)"
"QuikTrip 401","517 W McKellips Rd","","Mesa","AZ","85201","MARICOPA","Convenience Store","","","USDA","Maricopa (County, 2022)"
"QuikTrip 402","1331 S Country Club Dr","","Mesa","AZ","85210","MARICOPA","Convenience Store","","","USDA","Maricopa (County, 2022)"
"QuikTrip 403","17260 W Yuma Rd","","Goodyear","AZ","85338","MARICOPA","Convenience Store","","","USDA","Maricopa (County, 2022)"
"QuikTrip 404","9229 E University Dr","","Mesa","AZ","85207","MARICOPA","Convenience Store","","","USDA","Maricopa (County, 2022)"
"QuikTrip 405","9010 N 19th Ave","","Phoenix","AZ","85021","MARICOPA","Convenience Store","","","USDA","Maricopa (County, 2022)"
"QuikTrip 406","2212 E Bell Rd","","Phoenix","AZ","85022","MARICOPA","Convenience Store","","","USDA","Maricopa (County, 2022)"
"QuikTrip 407","2750 W Thunderbird Rd","","Phoenix","AZ","85053","MARICOPA","Convenience Store","","","USDA","Maricopa (County, 2022)"
"QuikTrip 408","1106 E Broadway Rd","","Tempe","AZ","85282","MARICOPA","Convenience Store","","","USDA","Maricopa (County, 2022)"
"QuikTrip 409","6705 W Buckeye Rd","","Phoenix","AZ","85043","MARICOPA","Convenience Store","","","USDA","Maricopa (County, 2022)"
"QuikTrip 410","14007 W Grand Ave","","Surprise","AZ","85374","MARICOPA","Convenience Store","","","USDA","Maricopa (County, 2022)"
"QuikTrip 411","1707 W Bell Rd","","Phoenix","AZ","85023","MARICOPA","Convenience Store","","","USDA","Maricopa (County, 2022)"
"QuikTrip 412","8004 N 27th Ave","","Phoenix","AZ","85051","MARICOPA","Convenience Store","","","USDA","Maricopa (County, 2022)"
"QuikTrip 413","4255 W Union Hills Dr","","Glendale","AZ","85308","MARICOPA","Convenience Store","","","USDA","Maricopa (County, 2022)"
"QuikTrip 414","847 N Arizona Ave","","Gilbert","AZ","85233","MARICOPA","Convenience Store","","","USDA","Maricopa (County, 2022)"
"QuikTrip 415","16821 W Bell Rd","","Surprise","AZ","85374","MARICOPA","Convenience Store","","","USDA","Maricopa (County, 2022)"
"QuikTrip 416","9020 N 91st Ave","","Peoria","AZ","85345","MARICOPA","Convenience Store","","","USDA","Maricopa (County, 2022)"
"QuikTrip 417","3563 E Main St","","Mesa","AZ","85213","MARICOPA","Convenience Store","","","USDA","Maricopa (County, 2022)"
"QuikTrip 418","2009 W Glendale Ave","","Phoenix","AZ","85021","MARICOPA","Convenience Store","","","USDA","Maricopa (County, 2022)"
"QuikTrip 419R","2026 W Broadway Rd","","Mesa","AZ","85202","MARICOPA","Convenience Store","","","USDA","Maricopa (County, 2022)"
"QuikTrip 420","2450 E Union Hills Dr","","Phoenix","AZ","85050","MARICOPA","Convenience Store","","","USDA","Maricopa (County, 2022)"
"QuikTrip 421","19990 N 19th Ave","","Phoenix","AZ","85027","MARICOPA","Convenience Store","","","USDA","Maricopa (County, 2022)"
"QuikTrip 422","8302 W Buckeye Rd","","Tolleson","AZ","85353","MARICOPA","Convenience Store","","","USDA","Maricopa (County, 2022)"
"QuikTrip 424","25215 N 115th Ave","","Sun City","AZ","85373","MARICOPA","Convenience Store","","","USDA","Maricopa (County, 2022)"
"QuikTrip 425","2941 E Indian School Rd","","Phoenix","AZ","85016","MARICOPA","Convenience Store","","","USDA","Maricopa (County, 2022)"
"QuikTrip 426","19815 N 7th St","","Phoenix","AZ","85024","MARICOPA","Convenience Store","","","USDA","Maricopa (County, 2022)"
"QuikTrip 427","1995 N Arizona Ave","","Chandler","AZ","85225","MARICOPA","Convenience Store","","","USDA","Maricopa (County, 2022)"
"QuikTrip 429","1545 N Scottsdale Rd","","Tempe","AZ","85281","MARICOPA","Convenience Store","","","USDA","Maricopa (County, 2022)"
"QuikTrip 430","6721 W Thunderbird Rd","","Peoria","AZ","85381","MARICOPA","Convenience Store","","","USDA","Maricopa (County, 2022)"
"QuikTrip 431","1939 S Mesa Dr","","Mesa","AZ","85210","MARICOPA","Convenience Store","","","USDA","Maricopa (County, 2022)"
"QuikTrip 433","414 S Stapley Dr","","Mesa","AZ","85204","MARICOPA","Convenience Store","","","USDA","Maricopa (County, 2022)"
"QuikTrip 434","1915 W Southern Ave","","Phoenix","AZ","85041","MARICOPA","Convenience Store","","","USDA","Maricopa (County, 2022)"
"QuikTrip 435","1610 E Highland Ave","","Phoenix","AZ","85016","MARICOPA","Convenience Store","","","USDA","Maricopa (County, 2022)"
"QuikTrip 438","1733 S Greenfield Rd","","Mesa","AZ","85206","MARICOPA","Convenience Store","","","USDA","Maricopa (County, 2022)"
"QuikTrip 439","7522 W Deer Valley Rd","","Peoria","AZ","85382","MARICOPA","Convenience Store","","","USDA","Maricopa (County, 2022)"
"QuikTrip 440","321 W Indian School Rd","","Phoenix","AZ","85013","MARICOPA","Convenience Store","","","USDA","Maricopa (County, 2022)"
"QuikTrip 441","918 E Baseline Rd","","Tempe","AZ","85283","MARICOPA","Convenience Store","","","USDA","Maricopa (County, 2022)"
"QuikTrip 442","2010 S Arizona Ave","","Chandler","AZ","85286","MARICOPA","Convenience Store","","","USDA","Maricopa (County, 2022)"
"QuikTrip 443","4275 W Indian School Rd","","Phoenix","AZ","85019","MARICOPA","Convenience Store","","","USDA","Maricopa (County, 2022)"
"QuikTrip 444","1155 N 51st Ave","","Phoenix","AZ","85043","MARICOPA","Convenience Store","","","USDA","Maricopa (County, 2022)"
"QuikTrip 445","2775 S 51st Ave","","Phoenix","AZ","85043","MARICOPA","Convenience Store","","","USDA","Maricopa (County, 2022)"
"QuikTrip 446","550 N Dysart Rd","","Goodyear","AZ","85338","MARICOPA","Convenience Store","","","USDA","Maricopa (County, 2022)"
"QuikTrip 447","5957 E McDowell Rd","","Mesa","AZ","85215","MARICOPA","Convenience Store","","","USDA","Maricopa (County, 2022)"
"QuikTrip 448","9910 W Camelback Rd","","Glendale","AZ","85307","MARICOPA","Convenience Store","","","USDA","Maricopa (County, 2022)"
"QuikTrip 449","8283 W McDowell Rd","","Phoenix","AZ","85035","MARICOPA","Convenience Store","","","USDA","Maricopa (County, 2022)"
"QuikTrip 450","175 N McQueen Rd","","Chandler","AZ","85225","MARICOPA","Convenience Store","","","USDA","Maricopa (County, 2022)"
"QuikTrip 451","6702 W McDowell Rd","","Phoenix","AZ","85035","MARICOPA","Convenience Store","","","USDA","Maricopa (County, 2022)"
"QuikTrip 452","816 W University Dr","","Mesa","AZ","85201","MARICOPA","Convenience Store","","","USDA","Maricopa (County, 2022)"
"QuikTrip 453","11604 W Olive Ave","","Youngstown","AZ","85363","MARICOPA","Convenience Store","","","USDA","Maricopa (County, 2022)"
"QuikTrip 454","2725 W Peoria Ave","","Phoenix","AZ","85029","MARICOPA","Convenience Store","","","USDA","Maricopa (County, 2022)"
"QuikTrip 456","5082 NW Grand Ave","","Glendale","AZ","85301","MARICOPA","Convenience Store","","","USDA","Maricopa (County, 2022)"
"QuikTrip 457","339 N Power Rd","","Mesa","AZ","85205","MARICOPA","Convenience Store","","","USDA","Maricopa (County, 2022)"
"QuikTrip 458","2836 N 27th Ave","","Phoenix","AZ","85009","MARICOPA","Convenience Store","","","USDA","Maricopa (County, 2022)"
"QuikTrip 459","1141 S Crismon Rd","","Mesa","AZ","85208","MARICOPA","Convenience Store","","","USDA","Maricopa (County, 2022)"
"QuikTrip 460","2195 E Southern Ave","","Tempe","AZ","85282","MARICOPA","Convenience Store","","","USDA","Maricopa (County, 2022)"
"QuikTrip 461","2535 W Camelback Rd","","Phoenix","AZ","85017","MARICOPA","Convenience Store","","","USDA","Maricopa (County, 2022)"
"QuikTrip 463","4725 E Baseline Rd","","Phoenix","AZ","85042","MARICOPA","Convenience Store","","","USDA","Maricopa (County, 2022)"
"QuikTrip 465","23550 N 23rd Ave","","Phoenix","AZ","85027","MARICOPA","Convenience Store","","","USDA","Maricopa (County, 2022)"
"QuikTrip 467","3875 S Priest Dr","","Tempe","AZ","85282","MARICOPA","Convenience Store","","","USDA","Maricopa (County, 2022)"
"QuikTrip 468","11309 Grand Ave","","Youngtown","AZ","85363","MARICOPA","Convenience Store","","","USDA","Maricopa (County, 2022)"
"QuikTrip 469","2761 E Baseline Rd","","Gilbert","AZ","85234","MARICOPA","Convenience Store","","","USDA","Maricopa (County, 2022)"
"QuikTrip 470","6702 W Glendale Ave","","Glendale","AZ","85303","MARICOPA","Convenience Store","","","USDA","Maricopa (County, 2022)"
"QuikTrip 471","297 N 99th Ave","","Tolleson","AZ","85353","MARICOPA","Convenience Store","","","USDA","Maricopa (County, 2022)"
"QuikTrip 472","8293 W Lake Pleasant Pkwy","","Peoria","AZ","85382","MARICOPA","Convenience Store","","","USDA","Maricopa (County, 2022)"
"QuikTrip 473","2975 S Gilber Rd","","Chandler","AZ","85286","MARICOPA","Convenience Store","","","USDA","Maricopa (County, 2022)"
"QuikTrip 474","22185 S Ellsworth Loop Rd","","Queen Creek","AZ","85142","MARICOPA","Convenience Store","","","USDA","Maricopa (County, 2022)"
"QuikTrip 476","4011 E Greenway Rd","","Phoenix","AZ","85032","MARICOPA","Convenience Store","","","USDA","Maricopa (County, 2022)"
"QuikTrip 477","3806 W Greenway Rd","","Phoenix","AZ","85053","MARICOPA","Convenience Store","","","USDA","Maricopa (County, 2022)"
"QuikTrip 478","5545 S Power Rd","","Mesa","AZ","85212","MARICOPA","Convenience Store","","","USDA","Maricopa (County, 2022)"
"QuikTrip 479","8233 N 7th St","","Phoenix","AZ","85020","MARICOPA","Convenience Store","","","USDA","Maricopa (County, 2022)"
"QuikTrip 481","3855 N 75th Ave","","Phoenix","AZ","85033","MARICOPA","Convenience Store","","","USDA","Maricopa (County, 2022)"
"QuikTrip 485","2019 E Cactus Rd","","Phoenix","AZ","85022","MARICOPA","Convenience Store","","","USDA","Maricopa (County, 2022)"
"QuikTrip 486","726 S Gilbert Rd","","Gilbert","AZ","85296","MARICOPA","Convenience Store","","","USDA","Maricopa (County, 2022)"
"QuikTrip 487","9120 W Indian School Rd","","Phoenix","AZ","85037","MARICOPA","Convenience Store","","","USDA","Maricopa (County, 2022)"
"QuikTrip 488","4949 N 51st Ave","","Phoenix","AZ","85031","MARICOPA","Convenience Store","","","USDA","Maricopa (County, 2022)"
"QuikTrip 490R","8870 W Thunderbird Rd","","Peoria","AZ","85381","MARICOPA","Convenience Store","","","USDA","Maricopa (County, 2022)"
"QuikTrip 493","3445 W Baseline Rd","","Laveen","AZ","85339","MARICOPA","Convenience Store","","","USDA","Maricopa (County, 2022)"
"QuikTrip 494","11420 W Bell Rd","","Surprise","AZ","85378","MARICOPA","Convenience Store","","","USDA","Maricopa (County, 2022)"
"QuikTrip 496","2657 S Power Rd","","Mesa","AZ","85209","MARICOPA","Convenience Store","","","USDA","Maricopa (County, 2022)"
"QuikTrip 497R","21050 N Cave Creek Rd","","Phoenix","AZ","85024","MARICOPA","Convenience Store","","","USDA","Maricopa (County, 2022)"
"Quikfill","8296 W Camelback Rd","","Glendale","AZ","85303","MARICOPA","Convenience Store","","","USDA","Maricopa (County, 2022)"
"Qwik Stop","16551 N Dysart Rd","Ste 123","Surprise","AZ","85378","MARICOPA","Convenience Store","","","USDA","Maricopa (County, 2022)"
"R & G Mini Mart","12239 NW Grand Ave","","El Mirage","AZ","85335","MARICOPA","Convenience Store","","","USDA","Maricopa (County, 2022)"
"RALLY'S HAMBURBERS 4085","343 W McKELLIPS RD","","MESA","AZ","85201","MARICOPA","Restaurant Meals Program","","","USDA","Maricopa (County, 2022)"
"RALLY'S HAMBURGERS   4087","1410 W UNIVERSITY DRIVE","","TEMPE","AZ","85281","MARICOPA","Restaurant Meals Program","","","USDA","Maricopa (County, 2022)"
"RALLY'S HAMBURGERS   4209","1345 W CAMELBACK RD","","PHOENIX","AZ","85013","MARICOPA","Restaurant Meals Program","","","USDA","Maricopa (County, 2022)"
"ROADRUNNER PARK FARMERS MARKET","3502 E Cactus Rd","","Phoenix","AZ","85032","MARICOPA","Farmers and Markets","","","USDA","Maricopa (County, 2022)"
"Rainbow Donuts Hv LLC","5045 W Thomas Rd","Ste 101","Phoenix","AZ","85031","MARICOPA","Restaurant Meals Program","","","USDA","Maricopa (County, 2022)"
"Raithu Bazaar","3130 E Union Hills Dr","Ste 104","Phoenix","AZ","85050","MARICOPA","Other","","","USDA","Maricopa (County, 2022)"
"Rajash LLC dba Subway 7300","1911 W Main St","Ste 1","Mesa","AZ","85201","MARICOPA","Restaurant Meals Program","","","USDA","Maricopa (County, 2022)"
"Rally's # 4345","1935 W Northern Ave","","Phoenix","AZ","85021","MARICOPA","Restaurant Meals Program","","","USDA","Maricopa (County, 2022)"
"Rally's # 4374","617 W Bell Rd","","Phoenix","AZ","85023","MARICOPA","Restaurant Meals Program","","","USDA","Maricopa (County, 2022)"
"Rally's #4327","403 N Greenfield Rd","","Mesa","AZ","85205","MARICOPA","Restaurant Meals Program","","","USDA","Maricopa (County, 2022)"
"Rally's 4346","7890 W Thomas Rd","","Phoenix","AZ","85033","MARICOPA","Restaurant Meals Program","","","USDA","Maricopa (County, 2022)"
"Rally's 4387","12239 W Thunderbird Rd","","El Mirage","AZ","85335","MARICOPA","Restaurant Meals Program","","","USDA","Maricopa (County, 2022)"
"Ray Quick Mart","797 E Ray Rd","","Gilbert","AZ","85296","MARICOPA","Convenience Store","","","USDA","Maricopa (County, 2022)"
"Reemo Gas","3502 W Cactus Rd","","Phoenix","AZ","85029","MARICOPA","Convenience Store","","","USDA","Maricopa (County, 2022)"
"Reggie's Barbecue","730 S 15th Ave","Suite C","Phoenix","AZ","85007","MARICOPA","Restaurant Meals Program","","","USDA","Maricopa (County, 2022)"
"Rehoboth African Market","2909 S Dobson Rd","Ste 14","Mesa","AZ","85202","MARICOPA","Other","","","USDA","Maricopa (County, 2022)"
"Rest & Market Monarcas Llc","602 W Baseline Rd","","Phoenix","AZ","85041","MARICOPA","Grocery Store","","","USDA","Maricopa (County, 2022)"
"Rio Valley Market","315 S 515th Ave","","Tonopah","AZ","85354","MARICOPA","Grocery Store","","","USDA","Maricopa (County, 2022)"
"Rk Super","1231 S Mesa Dr","","Mesa","AZ","85210","MARICOPA","Convenience Store","","","USDA","Maricopa (County, 2022)"
"Rollins Family Market","1090 W 5th St","","Tempe","AZ","85281","MARICOPA","Grocery Store","","","USDA","Maricopa (County, 2022)"
"Rover Farm Fresh","1300 E Watson Dr","","Tempe","AZ","85283","MARICOPA","Farmers and Markets","","Pinnacle Prevention Corporation","USDA","Maricopa (County, 2022)"
"Rozi Food Market","10643 N 43rd Ave","","Phoenix","AZ","85029","MARICOPA","Grocery Store","","","USDA","Maricopa (County, 2022)"
"Rucker Rest Holdings LLC dba Jack in The Box 138","141 N Arizona Ave","","Chandler","AZ","85224","MARICOPA","Restaurant Meals Program","","","USDA","Maricopa (County, 2022)"
"Runway Rest LLC dba Subway 18603","23425 N 39th Drive","Ste 108","Glendale","AZ","85310","MARICOPA","Restaurant Meals Program","","","USDA","Maricopa (County, 2022)"
"Runway Rest LLC dba Subway 6792","805 W Baseline","Ste 3","Tempe","AZ","85283","MARICOPA","Restaurant Meals Program","","","USDA","Maricopa (County, 2022)"
"S & G Petroleum Llc","8461 E Broadway Rd","","Mesa","AZ","85208","MARICOPA","Convenience Store","","","USDA","Maricopa (County, 2022)"
"S & O Caribbean Grocery","13060 N Cave Creek Rd","","Phoenix","AZ","85022","MARICOPA","Grocery Store","","","USDA","Maricopa (County, 2022)"
"S&S Wickenburg Llc","1115 W Wickenburg Way","","Wickenburg","AZ","85390","MARICOPA","Convenience Store","","","USDA","Maricopa (County, 2022)"
"S&j Produce","462 N Alma School Rd","","Mesa","AZ","85201","MARICOPA","Specialty Store","","","USDA","Maricopa (County, 2022)"
"SAFEWAY  1201","4005 E Chandler Blvd","","Phoenix","AZ","85048","MARICOPA","Supermarket","","","USDA","Maricopa (County, 2022)"
"SAFEWAY  1487","926 E Broadway Rd","","Tempe","AZ","85282","MARICOPA","Supermarket","","","USDA","Maricopa (County, 2022)"
"SAFEWAY  1491","7920 E Chaparral Rd","","Scottsdale","AZ","85250","MARICOPA","Supermarket","","","USDA","Maricopa (County, 2022)"
"SAFEWAY  1510","20205 N 67th Ave","","Glendale","AZ","85308","MARICOPA","Supermarket","","","USDA","Maricopa (County, 2022)"
"SAFEWAY  1515","810 E Glendale Ave","","Phoenix","AZ","85020","MARICOPA","Supermarket","","","USDA","Maricopa (County, 2022)"
"SAFEWAY  1534","90 S Val Vista Dr","","Gilbert","AZ","85296","MARICOPA","Supermarket","","","USDA","Maricopa (County, 2022)"
"SAFEWAY  1535","1515 E Elliot Rd","","Tempe","AZ","85284","MARICOPA","Supermarket","","","USDA","Maricopa (County, 2022)"
"SAFEWAY  1543","29834 N Cave Creek Rd","","Cave Creek","AZ","85331","MARICOPA","Supermarket","","","USDA","Maricopa (County, 2022)"
"SAFEWAY  1549","14696 N Frank Lloyd Wright Blvd","","Scottsdale","AZ","85260","MARICOPA","Supermarket","","","USDA","Maricopa (County, 2022)"
"SAFEWAY  1566","4970 S Alma School Rd","","Chandler","AZ","85248","MARICOPA","Supermarket","","","USDA","Maricopa (County, 2022)"
"SAFEWAY  1584","1999 W Wickenburg Way","","Wickenburg","AZ","85390","MARICOPA","Supermarket","","","USDA","Maricopa (County, 2022)"
"SAFEWAY  1591","6202 S 16th St","","Phoenix","AZ","85042","MARICOPA","Supermarket","","","USDA","Maricopa (County, 2022)"
"SAFEWAY  1604","1159 W Chandler Blvd","","Chandler","AZ","85224","MARICOPA","Supermarket","","","USDA","Maricopa (County, 2022)"
"SAFEWAY  1605","1060 E Ray Rd","","Chandler","AZ","85225","MARICOPA","Supermarket","","","USDA","Maricopa (County, 2022)"
"SAFEWAY  1637","3622 E Southern Ave","","Mesa","AZ","85206","MARICOPA","Supermarket","","","USDA","Maricopa (County, 2022)"
"SAFEWAY  1654","4811 N 83rd Ave","","Phoenix","AZ","85033","MARICOPA","Supermarket","","","USDA","Maricopa (County, 2022)"
"SAFEWAY  1662","10641 W Olive Ave","","Peoria","AZ","85345","MARICOPA","Supermarket","","","USDA","Maricopa (County, 2022)"
"SAFEWAY  1663","20901 N Pima Rd","","Scottsdale","AZ","85255","MARICOPA","Supermarket","","","USDA","Maricopa (County, 2022)"
"SAFEWAY  1717","1902 W Main St","","Mesa","AZ","85201","MARICOPA","Supermarket","","","USDA","Maricopa (County, 2022)"
"SAFEWAY  174","520 W Osborn Rd","","Phoenix","AZ","85013","MARICOPA","Supermarket","","","USDA","Maricopa (County, 2022)"
"SAFEWAY  1748","5137 E Baseline Rd","","Gilbert","AZ","85234","MARICOPA","Supermarket","","","USDA","Maricopa (County, 2022)"
"SAFEWAY  1750","6501 E Greenway Pkwy Bldg 4","","Scottsdale","AZ","85254","MARICOPA","Supermarket","","","USDA","Maricopa (County, 2022)"
"SAFEWAY  1819","18495 E Queen Creek Rd","","Queen Creek","AZ","85142","MARICOPA","Supermarket","","","USDA","Maricopa (County, 2022)"
"SAFEWAY  1841","12320 N 83rd Ave","","Peoria","AZ","85381","MARICOPA","Supermarket","","","USDA","Maricopa (County, 2022)"
"SAFEWAY  1849","32551 N Scottsdale Rd","","Scottsdale","AZ","85266","MARICOPA","Supermarket","","","USDA","Maricopa (County, 2022)"
"SAFEWAY  1979","13440 N 7th St","","Phoenix","AZ","85022","MARICOPA","Supermarket","","","USDA","Maricopa (County, 2022)"
"SAFEWAY  1980","1334 W Chandler Blvd","","Phoenix","AZ","85048","MARICOPA","Supermarket","","","USDA","Maricopa (County, 2022)"
"SAFEWAY  240","3450 W Bell Rd","","Phoenix","AZ","85053","MARICOPA","Supermarket","","","USDA","Maricopa (County, 2022)"
"SAFEWAY  247","1225 W Guadalupe Rd","","Mesa","AZ","85202","MARICOPA","Supermarket","","","USDA","Maricopa (County, 2022)"
"SAFEWAY  2618","440 N Estrella Pkwy","","Goodyear","AZ","85338","MARICOPA","Supermarket","","","USDA","Maricopa (County, 2022)"
"SAFEWAY  2644","1855 N Power Rd","","Mesa","AZ","85205","MARICOPA","Supermarket","","","USDA","Maricopa (County, 2022)"
"SAFEWAY  2651","340 E McDowell Rd","","Phoenix","AZ","85004","MARICOPA","Supermarket","","","USDA","Maricopa (County, 2022)"
"SAFEWAY  413","550 E Bell Rd","","Phoenix","AZ","85022","MARICOPA","Supermarket","","","USDA","Maricopa (County, 2022)"
"SAFEWAY  752","4747 E Elliot Rd","","Phoenix","AZ","85044","MARICOPA","Supermarket","","","USDA","Maricopa (County, 2022)"
"SAFEWAY 1253","23565 N Scottsdale Rd","","Scottsdale","AZ","85255","MARICOPA","Supermarket","","","USDA","Maricopa (County, 2022)"
"SAFEWAY 1291","13733 N Fountain Hills Blvd","","Fountain Hills","AZ","85268","MARICOPA","Supermarket","","","USDA","Maricopa (County, 2022)"
"SAFEWAY 1511","14175 W Indian School Rd Ste B1","","Goodyear","AZ","85395","MARICOPA","Supermarket","","","USDA","Maricopa (County, 2022)"
"SAFEWAY 1997","17049 W Bell Rd","","Surprise","AZ","85374","MARICOPA","Supermarket","","","USDA","Maricopa (County, 2022)"
"SAFEWAY 2032","10773 N Scottsdale Rd","","Scottsdale","AZ","85254","MARICOPA","Supermarket","","","USDA","Maricopa (County, 2022)"
"SAFEWAY 2042","3132 E Camelback Rd","","Phoenix","AZ","85016","MARICOPA","Supermarket","","","USDA","Maricopa (County, 2022)"
"SAFEWAY 2054","13503 W Camino del Sol","","Sun City West","AZ","85375","MARICOPA","Supermarket","","","USDA","Maricopa (County, 2022)"
"SAFEWAY 236","10926 W Bell Rd","","Sun City","AZ","85351","MARICOPA","Supermarket","","","USDA","Maricopa (County, 2022)"
"SAFEWAY 2699","13828 W Waddell Rd","","Surprise","AZ","85379","MARICOPA","Supermarket","","","USDA","Maricopa (County, 2022)"
"SAFEWAY 2716","4750 E Indian School Rd","","Phoenix","AZ","85018","MARICOPA","Supermarket","","","USDA","Maricopa (County, 2022)"
"SIMON XPRESS LLC HUNGRY HOWIE'S 1849","6736 E Baseline Rd","","Mesa","AZ","85206","MARICOPA","Restaurant Meals Program","","","USDA","Maricopa (County, 2022)"
"SIMON XPRESS PIZZA LLC HUNGRY HOWIES 1845","3220 WEST BETHANY HOME ROAD","","PHOENIX","AZ","85017","MARICOPA","Restaurant Meals Program","","","USDA","Maricopa (County, 2022)"
"SMART & FINAL 491","2742 E Indian School Rd","","Phoenix","AZ","85016","MARICOPA","Super Store","","","USDA","Maricopa (County, 2022)"
"SMART & FINAL 499","1450 N 43rd Ave","","Phoenix","AZ","85009","MARICOPA","Super Store","","","USDA","Maricopa (County, 2022)"
"STAR FOOD STORE","8849 N 12th St","","Phoenix","AZ","85020","MARICOPA","Convenience Store","","","USDA","Maricopa (County, 2022)"
"SUBWAY","5862 N 43rd Ave","","Glendale","AZ","85301","MARICOPA","Restaurant Meals Program","","","USDA","Maricopa (County, 2022)"
"SUBWAY 13541","4340 E INDIAN SCHOOL ROAD","#7","PHOENIX","AZ","85018","MARICOPA","Restaurant Meals Program","","","USDA","Maricopa (County, 2022)"
"SUBWAY 1473","2835 N 16th Street  Suite 5","","Phoenix","AZ","85006","MARICOPA","Restaurant Meals Program","","","USDA","Maricopa (County, 2022)"
"SUBWAY 23480","8345 W Glendale Ave","Ste 101","Glendale","AZ","85305","MARICOPA","Restaurant Meals Program","","","USDA","Maricopa (County, 2022)"
"SUBWAY 27050","3555 W. Van Buren St.  # 106","","Phoenix","AZ","85009","MARICOPA","Restaurant Meals Program","","","USDA","Maricopa (County, 2022)"
"SUBWAY 29013","1610 N 36th Street  #B101","","Phoenix","AZ","85008","MARICOPA","Restaurant Meals Program","","","USDA","Maricopa (County, 2022)"
"SUBWAY 39477","1616 N 24th Street  Suite C","","Phoenix","AZ","85008","MARICOPA","Restaurant Meals Program","","","USDA","Maricopa (County, 2022)"
"SUBWAY 52490","1152 N Power Rd","Ste 101","Mesa","AZ","85205","MARICOPA","Restaurant Meals Program","","","USDA","Maricopa (County, 2022)"
"SUBWAY 64313","4450 E McDowell Rd  Suite 115","","Phoenix","AZ","85008","MARICOPA","Restaurant Meals Program","","","USDA","Maricopa (County, 2022)"
"SUPER CARNICERIA LOS PINOS 2","4832 N 27th Ave","","Phoenix","AZ","85017","MARICOPA","Supermarket","","","USDA","Maricopa (County, 2022)"
"SUPER CARNICERIA Y PESCADERIA","58 N Country Club Dr","","Mesa","AZ","85201","MARICOPA","Convenience Store","","","USDA","Maricopa (County, 2022)"
"SUPER MERCADO Y CARNICERIA MICHOACAN","3549 W Thomas Rd","Ste 104","Phoenix","AZ","85019","MARICOPA","Grocery Store","","","USDA","Maricopa (County, 2022)"
"Sabrina Mini Market Inc","5058 E Mcdowell Rd","","Phoenix","AZ","85008","MARICOPA","Grocery Store","","","USDA","Maricopa (County, 2022)"
"Safeway 2097","4747 E Greenway Rd","","Phoenix","AZ","85032","MARICOPA","Supermarket","","","USDA","Maricopa (County, 2022)"
"Safeway 2709","5035 W Baseline Rd","","Laveen","AZ","85339","MARICOPA","Supermarket","","","USDA","Maricopa (County, 2022)"
"Safeway 2799","28455 N Vistancia Blvd","","Peoria","AZ","85383","MARICOPA","Supermarket","","","USDA","Maricopa (County, 2022)"
"Safeway 2821","3800 W Happy Valley Rd","","Phoenix","AZ","85310","MARICOPA","Supermarket","","","USDA","Maricopa (County, 2022)"
"Safeway 2922","4316 S Signal Butte Road","","Mesa","AZ","85212","MARICOPA","Supermarket","","","USDA","Maricopa (County, 2022)"
"Safeway 3151","9890 S Estrella Pkwy","","Goodyear","AZ","85338","MARICOPA","Supermarket","","","USDA","Maricopa (County, 2022)"
"Safeway 3334","3655 W Anthem Way","","Anthem","AZ","85086","MARICOPA","Supermarket","","","USDA","Maricopa (County, 2022)"
"Safeway 48","17230 W Peoria Avenue","","Surprise","AZ","85388","MARICOPA","Supermarket","","","USDA","Maricopa (County, 2022)"
"Safeway 72","8010 W Happy Valley Road","","Peoria","AZ","85383","MARICOPA","Supermarket","","","USDA","Maricopa (County, 2022)"
"Safeway Express 5830","1730 N Cotton Ln","","Surprise","AZ","85388","MARICOPA","Convenience Store","","","USDA","Maricopa (County, 2022)"
"Safeway Express 5831","7970 W Happy Valley Rd","","Peoria","AZ","85383","MARICOPA","Supermarket","","","USDA","Maricopa (County, 2022)"
"Saffron Indian Grocery N Kitchen 1","15050 N Northsight Blvd","Ste 101","Scottsdale","AZ","85260","MARICOPA","Grocery Store","","","USDA","Maricopa (County, 2022)"
"Sam's Club 4732","18501 N 83rd Ave","","Glendale","AZ","85308","MARICOPA","Super Store","","","USDA","Maricopa (County, 2022)"
"Sam's Club 4829","2621 S Market St","","Gilbert","AZ","85295","MARICOPA","Super Store","","","USDA","Maricopa (County, 2022)"
"Sam's Club 4830","1459 N Dysart Rd","","Avondale","AZ","85323","MARICOPA","Super Store","","","USDA","Maricopa (County, 2022)"
"Sam's Club 4955","16573 W Bell Rd","","Surprise","AZ","85374","MARICOPA","Super Store","","","USDA","Maricopa (County, 2022)"
"Sam's Club 4956","2080 E Rio Salado Pkwy","","Tempe","AZ","85288","MARICOPA","Super Store","","","USDA","Maricopa (County, 2022)"
"Sam's Club 6213","700 N 54th St","","Chandler","AZ","85226","MARICOPA","Super Store","","","USDA","Maricopa (County, 2022)"
"Sam's Club 6605","1225 N Gilbert Rd","","Gilbert","AZ","85234","MARICOPA","Super Store","","","USDA","Maricopa (County, 2022)"
"Sam's Club 6606","8340 W McDowell Rd","","Phoenix","AZ","85037","MARICOPA","Super Store","","","USDA","Maricopa (County, 2022)"
"Sam's Club 6608","1525 W Bell Rd","","Phoenix","AZ","85023","MARICOPA","Super Store","","","USDA","Maricopa (County, 2022)"
"Sandhu Chevron","1155 S Higley Rd","","Mesa","AZ","85206","MARICOPA","Convenience Store","","","USDA","Maricopa (County, 2022)"
"Sandhu Chevron","1570 S Gilbert Rd","","Gilbert","AZ","85296","MARICOPA","Convenience Store","","","USDA","Maricopa (County, 2022)"
"Sandhu Chevron 2","808 E Baseline Rd","","Tempe","AZ","85283","MARICOPA","Convenience Store","","","USDA","Maricopa (County, 2022)"
"Sara Market","1610 N 36th St","Ste B-104","Phoenix","AZ","85008","MARICOPA","Grocery Store","","","USDA","Maricopa (County, 2022)"
"Saratoga Market 1","1460 E Bell Rd","","Phoenix","AZ","85022","MARICOPA","Convenience Store","","","USDA","Maricopa (County, 2022)"
"Sauce and Loaded Wings","8024 N 51st Ave","","Glendale","AZ","85302","MARICOPA","Restaurant Meals Program","","","USDA","Maricopa (County, 2022)"
"Seeto Gyros","818 W Broadway Rd","Ste 101-102","Phoenix","AZ","85282","MARICOPA","Restaurant Meals Program","","","USDA","Maricopa (County, 2022)"
"Seoul Market","8935 N 43rd Ave","","Phoenix","AZ","85051","MARICOPA","Other","","","USDA","Maricopa (County, 2022)"
"Seven A Market 1","730 E Brown Rd","Ste 112","Mesa","AZ","85203","MARICOPA","Convenience Store","","","USDA","Maricopa (County, 2022)"
"Shamrock FSW Mesa 552","1120 S Country Club Dr","Ste 105","Mesa","AZ","85210","MARICOPA","Super Store","","","USDA","Maricopa (County, 2022)"
"Shamrock Foodservice Warehouse 550","2430 W Indian School Rd","","Phoenix","AZ","85015","MARICOPA","Super Store","","","USDA","Maricopa (County, 2022)"
"Sharks Market","15221 N 32nd St","","Phoenix","AZ","85032","MARICOPA","Convenience Store","","","USDA","Maricopa (County, 2022)"
"Shell","315 W Bell Rd","","Phoenix","AZ","85023","MARICOPA","Convenience Store","","","USDA","Maricopa (County, 2022)"
"Shell 115","12170 N El Mirage Rd","","El Mirage","AZ","85335","MARICOPA","Convenience Store","","","USDA","Maricopa (County, 2022)"
"Shell 20","942 E Pima Rd","","Gila Bend","AZ","85337","MARICOPA","Convenience Store","","","USDA","Maricopa (County, 2022)"
"Shell 22","26602 W US Highway 85","","Buckeye","AZ","85326","MARICOPA","Convenience Store","","","USDA","Maricopa (County, 2022)"
"Shell 24","5904 W Greenway Rd","","Glendale","AZ","85306","MARICOPA","Convenience Store","","","USDA","Maricopa (County, 2022)"
"Shell 26","1380 N Scottsdale Rd","","Tempe","AZ","85281","MARICOPA","Convenience Store","","","USDA","Maricopa (County, 2022)"
"Shell 30","31120 N. Us Hwy 60","","Wittman","AZ","85361","MARICOPA","Convenience Store","","","USDA","Maricopa (County, 2022)"
"Shell 31","6705 W Bethany Home Rd","","Glendale","AZ","85303","MARICOPA","Convenience Store","","","USDA","Maricopa (County, 2022)"
"Shell 34","24805 N Lake Pleasant Pkwy","","Peoria","AZ","85383","MARICOPA","Convenience Store","","","USDA","Maricopa (County, 2022)"
"Shell 70","1515 E Buckeye Rd","","Phoenix","AZ","85034","MARICOPA","Convenience Store","","","USDA","Maricopa (County, 2022)"
"Shell 76","756 W Southern Ave","","Mesa","AZ","85210","MARICOPA","Convenience Store","","","USDA","Maricopa (County, 2022)"
"Shell 81","808 S Priest Dr","","Tempe","AZ","85281","MARICOPA","Convenience Store","","","USDA","Maricopa (County, 2022)"
"Shell 91","9060 W Northern Ave","","Glendale","AZ","85305","MARICOPA","Convenience Store","","","USDA","Maricopa (County, 2022)"
"Shergill Arco AMPM 82468","7502 W Indian School Rd","","Phoenix","AZ","85033","MARICOPA","Convenience Store","","","USDA","Maricopa (County, 2022)"
"Shop Kwik","323 N Gilbert Rd","","Mesa","AZ","85203","MARICOPA","Convenience Store","","","USDA","Maricopa (County, 2022)"
"Shop N'1 Llc","3455 W Glendale Ave","","Phoenix","AZ","85051","MARICOPA","Convenience Store","","","USDA","Maricopa (County, 2022)"
"Shop N1","480 W Warner Rd","","Tempe","AZ","85284","MARICOPA","Convenience Store","","","USDA","Maricopa (County, 2022)"
"Shureim Halal Market Llc","2916 E McDowell Rd","Unit 3","Phoenix","AZ","85008","MARICOPA","Grocery Store","","","USDA","Maricopa (County, 2022)"
"Shwe Mitharsu Asian Mart","7110 N 35th Ave","","Phoenix","AZ","85051","MARICOPA","Grocery Store","","","USDA","Maricopa (County, 2022)"
"Simon Stores Corporation","6730 W Cactus Rd","","Peoria","AZ","85381","MARICOPA","Convenience Store","","","USDA","Maricopa (County, 2022)"
"Simon Xpress Pizza DBA Hungry Howie's # 1804","4625 E Thomas Rd","","Phoenix","AZ","85018","MARICOPA","Restaurant Meals Program","","","USDA","Maricopa (County, 2022)"
"Simon Xpress Pizza DBA Hungry Howie's # 1806","2934 N Hayden Rd","","Scottsdale","AZ","85251","MARICOPA","Restaurant Meals Program","","","USDA","Maricopa (County, 2022)"
"Simon Xpress Pizza DBA Hungry Howie's # 1807","5026 W Cactus Rd","","Glendale","AZ","85304","MARICOPA","Restaurant Meals Program","","","USDA","Maricopa (County, 2022)"
"Simon Xpress Pizza DBA Hungry Howie's # 1808","17035 N 67th Ave","Ste 1","Glendale","AZ","85308","MARICOPA","Restaurant Meals Program","","","USDA","Maricopa (County, 2022)"
"Simon Xpress Pizza DBA Hungry Howie's # 1809","2050 W Guadalupe Rd","Ste 6","Mesa","AZ","85202","MARICOPA","Restaurant Meals Program","","","USDA","Maricopa (County, 2022)"
"Simon Xpress Pizza DBA Hungry Howie's # 1811","14291 W Grand Ave","Ste 115","Surprise","AZ","85374","MARICOPA","Restaurant Meals Program","","","USDA","Maricopa (County, 2022)"
"Simon Xpress Pizza DBA Hungry Howie's # 1813","3614 E Southern Ave","Ste 104","Mesa","AZ","85206","MARICOPA","Restaurant Meals Program","","","USDA","Maricopa (County, 2022)"
"Simon Xpress Pizza DBA Hungry Howie's # 1818","8345 W Thunderbird Rd","Unit 110","Peoria","AZ","85381","MARICOPA","Restaurant Meals Program","","","USDA","Maricopa (County, 2022)"
"Simon Xpress Pizza DBA Hungry Howie's # 1823","3126 S Higley Rd","Ste 108","Gilbert","AZ","85295","MARICOPA","Restaurant Meals Program","","","USDA","Maricopa (County, 2022)"
"Simon Xpress Pizza DBA Hungry Howie's # 1824","12725 W Indian School Rd","Ste B102","Avondale","AZ","85392","MARICOPA","Restaurant Meals Program","","","USDA","Maricopa (County, 2022)"
"Simon Xpress Pizza DBA Hungry Howie's # 1826","1116 S Crismon Road","Suite 101","Mesa","AZ","85208","MARICOPA","Restaurant Meals Program","","","USDA","Maricopa (County, 2022)"
"Skyline Liquor & Foods","415 S Higley Rd","Ste 101","Mesa","AZ","85206","MARICOPA","Convenience Store","","","USDA","Maricopa (County, 2022)"
"Skyline Market #1","8718 E Main St","","Mesa","AZ","85207","MARICOPA","Convenience Store","","","USDA","Maricopa (County, 2022)"
"Smackin' Wings","1430 N 32nd St","","Phoenix","AZ","85008","MARICOPA","Restaurant Meals Program","","","USDA","Maricopa (County, 2022)"
"Smart & Final 720","3434 W Greenway Rd","","Phoenix","AZ","85053","MARICOPA","Super Store","","","USDA","Maricopa (County, 2022)"
"Smart & Final 721","13823 N Tatum Blvd","","Phoenix","AZ","85032","MARICOPA","Super Store","","","USDA","Maricopa (County, 2022)"
"Smart & Final 730","750 N Gilbert Rd","","Gilbert","AZ","85234","MARICOPA","Super Store","","","USDA","Maricopa (County, 2022)"
"Smokey Booze","5270 N 59th Ave","Ste 7","Glendale","AZ","85301","MARICOPA","Convenience Store","","","USDA","Maricopa (County, 2022)"
"Snack Shack","8027 Black Canyon Hwy","","Phoenix","AZ","85395","MARICOPA","Convenience Store","","","USDA","Maricopa (County, 2022)"
"Snappy  Convenience Store Llc","702 E Roeser Rd","","Phoenix","AZ","85040","MARICOPA","Convenience Store","","","USDA","Maricopa (County, 2022)"
"Snax Sinclair","304 N Hayden Rd","","Scottsdale","AZ","85257","MARICOPA","Convenience Store","","","USDA","Maricopa (County, 2022)"
"Sng Liquor Llc","5928 W Glendale Ave","","Glendale","AZ","85301","MARICOPA","Convenience Store","","","USDA","Maricopa (County, 2022)"
"Sohana Five Llc","2341 W Bethany Home Rd","","Phoenix","AZ","85015","MARICOPA","Convenience Store","","","USDA","Maricopa (County, 2022)"
"Sonya Market","111 S Dobson Rd","Suite 111","Mesa","AZ","85202","MARICOPA","Other","","","USDA","Maricopa (County, 2022)"
"Soon's Market","5201 S 15th Ave","","Phoenix","AZ","85041","MARICOPA","Convenience Store","","","USDA","Maricopa (County, 2022)"
"South Central Nutrition LLC","6064 S Central Ave","","Phoenix","AZ","85042","MARICOPA","Restaurant Meals Program","","","USDA","Maricopa (County, 2022)"
"Southern Belle Louisiana Cajun Spices And Foods 2","1717 W Southern Ave","Ste 104","Phoenix","AZ","85041","MARICOPA","Grocery Store","","","USDA","Maricopa (County, 2022)"
"Spaces Of Opportunity Farmers Market","1200 W Vineyard Rd","","Phoenix","AZ","85041","MARICOPA","Farmers and Markets","","","USDA","Maricopa (County, 2022)"
"Speedway #3","1943 E Oak St","","Phoenix","AZ","85006","MARICOPA","Convenience Store","","","USDA","Maricopa (County, 2022)"
"Speedy Market n/a","1510 S Country Club Dr","","Mesa","AZ","85210","MARICOPA","Convenience Store","","","USDA","Maricopa (County, 2022)"
"Speedy Stop","5033 S 16th St","","Phoenix","AZ","85040","MARICOPA","Convenience Store","","","USDA","Maricopa (County, 2022)"
"Speedy Street Tacos Corp","15 N 40th St","","Phoenix","AZ","85034","MARICOPA","Restaurant Meals Program","","","USDA","Maricopa (County, 2022)"
"Sprouts Farmers Market 1","1959 W Ray Rd","","Chandler","AZ","85224","MARICOPA","Supermarket","","","USDA","Maricopa (County, 2022)"
"Sprouts Farmers Market 10","1668 N Higley Rd","","Gilbert","AZ","85234","MARICOPA","Supermarket","","","USDA","Maricopa (County, 2022)"
"Sprouts Farmers Market 10","5225 E Southern Ave","","Mesa","AZ","85206","MARICOPA","Supermarket","","","USDA","Maricopa (County, 2022)"
"Sprouts Farmers Market 12","13759 W Bell Rd","","Surprise","AZ","85374","MARICOPA","Supermarket","","","USDA","Maricopa (County, 2022)"
"Sprouts Farmers Market 13","1813 N Dysart Rd","","Avondale","AZ","85392","MARICOPA","Supermarket","","","USDA","Maricopa (County, 2022)"
"Sprouts Farmers Market 14","2582 S Val Vista Dr","","Gilbert","AZ","85295","MARICOPA","Supermarket","","","USDA","Maricopa (County, 2022)"
"Sprouts Farmers Market 15","2855 S Alma School Rd","","Chandler","AZ","85286","MARICOPA","Supermarket","","","USDA","Maricopa (County, 2022)"
"Sprouts Farmers Market 16","4735 E Ray Rd","Unit A001","Phoenix","AZ","85044","MARICOPA","Supermarket","","","USDA","Maricopa (County, 2022)"
"Sprouts Farmers Market 17","1625 E Glendale Ave","","Phoenix","AZ","85020","MARICOPA","Supermarket","","","USDA","Maricopa (County, 2022)"
"Sprouts Farmers Market 18","245 E Bell Rd Ste 15","","Phoenix","AZ","85022","MARICOPA","Supermarket","","","USDA","Maricopa (County, 2022)"
"Sprouts Farmers Market 19","4402 N Miller Rd","","Scottsdale","AZ","85251","MARICOPA","Supermarket","","","USDA","Maricopa (County, 2022)"
"Sprouts Farmers Market 2","9301 E Shea Blvd","Ste 132","Scottsdale","AZ","85260","MARICOPA","Supermarket","","","USDA","Maricopa (County, 2022)"
"Sprouts Farmers Market 20","1706 E Southern Ave","","Tempe","AZ","85282","MARICOPA","Supermarket","","","USDA","Maricopa (County, 2022)"
"Sprouts Farmers Market 27","6760 W Deer Valley Rd","","Glendale","AZ","85310","MARICOPA","Supermarket","","","USDA","Maricopa (County, 2022)"
"Sprouts Farmers Market 29","23269 N Scottsdale Rd","","Scottsdale","AZ","85255","MARICOPA","Supermarket","","","USDA","Maricopa (County, 2022)"
"Sprouts Farmers Market 30","5455 E High St","Ste 107","Phoenix","AZ","85054","MARICOPA","Supermarket","","","USDA","Maricopa (County, 2022)"
"Sprouts Farmers Market 31","10134 W Happy Valley Rd","","Peoria","AZ","85383","MARICOPA","Supermarket","","","USDA","Maricopa (County, 2022)"
"Sprouts Farmers Market 32","21181 S Ellsworth Loop Rd","","Queen Creek","AZ","85142","MARICOPA","Supermarket","","","USDA","Maricopa (County, 2022)"
"Sprouts Farmers Market 33","4065 S Gilbert Rd","","Chandler","AZ","85249","MARICOPA","Supermarket","","","USDA","Maricopa (County, 2022)"
"Sprouts Farmers Market 34","2060 E Baseline Rd","","Mesa","AZ","85204","MARICOPA","Supermarket","","","USDA","Maricopa (County, 2022)"
"Sprouts Farmers Market 37","5918 E Longbow Pkwy","","Mesa","AZ","85215","MARICOPA","Supermarket","","","USDA","Maricopa (County, 2022)"
"Sprouts Farmers Market 38","931 E Elliot Rd","Ste 110","Tempe","AZ","85284","MARICOPA","Supermarket","","","USDA","Maricopa (County, 2022)"
"Sprouts Farmers Market 39","8787 N Scottsdale Rd","Ste 124","Scottsdale","AZ","85253","MARICOPA","Supermarket","","","USDA","Maricopa (County, 2022)"
"Sprouts Farmers Market 4","12415 N Tatum Blvd","","Phoenix","AZ","85032","MARICOPA","Supermarket","","","USDA","Maricopa (County, 2022)"
"Sprouts Farmers Market 40","7700 S 59th Avenue","","LaVeen","AZ","85339","MARICOPA","Supermarket","","","USDA","Maricopa (County, 2022)"
"Sprouts Farmers Market 41","3320 N 7th Ave","","Phoenix","AZ","85013","MARICOPA","Supermarket","","","USDA","Maricopa (County, 2022)"
"Sprouts Farmers Market 43","1240 S. Signal Butte Rd.","","Mesa","AZ","85209","MARICOPA","Supermarket","","","USDA","Maricopa (County, 2022)"
"Sprouts Farmers Market 44","5355 E. Carefree Hwy","Building A","Cave Creek","AZ","85331","MARICOPA","Supermarket","","","USDA","Maricopa (County, 2022)"
"Sprouts Farmers Market 46","13650 N Prasada Pkwy","","Surprise","AZ","85388","MARICOPA","Supermarket","","","USDA","Maricopa (County, 2022)"
"Sprouts Farmers Market 49","9824 W. McDowell Rd","","Phoenix","AZ","85037","MARICOPA","Supermarket","","","USDA","Maricopa (County, 2022)"
"Sprouts Farmers Market 5","1933 E Brown Rd","","Mesa","AZ","85203","MARICOPA","Supermarket","","","USDA","Maricopa (County, 2022)"
"Sprouts Farmers Market 51","34750 N North Valley Pkwy","","Phoenix","AZ","85086","MARICOPA","Supermarket","","","USDA","Maricopa (County, 2022)"
"Sprouts Farmers Market 6","8375 W Thunderbird Rd","","Peoria","AZ","85381","MARICOPA","Supermarket","","","USDA","Maricopa (County, 2022)"
"Sprouts Farmers Market 7","8040 N 19th Ave","","Phoenix","AZ","85021","MARICOPA","Supermarket","","","USDA","Maricopa (County, 2022)"
"Sprouts Farmers Market 8","2824 E Indian School Rd","Ste 126","Phoenix","AZ","85016","MARICOPA","Supermarket","","","USDA","Maricopa (County, 2022)"
"Sprouts Farmers Market 9","4201 W Thunderbird Rd","","Phoenix","AZ","85053","MARICOPA","Supermarket","","","USDA","Maricopa (County, 2022)"
"Stadium Chevron 210140","9031 W Northern Ave","","Glendale","AZ","85305","MARICOPA","Convenience Store","","","USDA","Maricopa (County, 2022)"
"Stapley Station","357 N Stapley Dr","","Mesa","AZ","85203","MARICOPA","Convenience Store","","","USDA","Maricopa (County, 2022)"
"Star K 5591","2308 Grand Ave","","Phoenix","AZ","85009","MARICOPA","Convenience Store","","","USDA","Maricopa (County, 2022)"
"Star K 76","6701 W Indian School Rd","","Phoenix","AZ","85033","MARICOPA","Convenience Store","","","USDA","Maricopa (County, 2022)"
"Star K Mobil 2","6653 W McDowell Rd","","Phoenix","AZ","85035","MARICOPA","Convenience Store","","","USDA","Maricopa (County, 2022)"
"Star Mini Mart Beer & Wine","11817 W Thunderbird Rd","","El Mirage","AZ","85335","MARICOPA","Convenience Store","","","USDA","Maricopa (County, 2022)"
"Star Stop Fast Go","3533 N 43rd Ave","","Phoenix","AZ","85031","MARICOPA","Convenience Store","","","USDA","Maricopa (County, 2022)"
"Starcorp LLC dba Carls Jr 1101453","9360 W Northern Ave","","Peoria","AZ","85345","MARICOPA","Restaurant Meals Program","","","USDA","Maricopa (County, 2022)"
"Starcorp LLC dba Carls Jr 7094","5105 W Thunderbird Rd","","Glendale","AZ","85306","MARICOPA","Restaurant Meals Program","","","USDA","Maricopa (County, 2022)"
"Starcorp LLC dba Carls Jr 7503","4916 E Chandler Blvd","","Phoenix","AZ","85048","MARICOPA","Restaurant Meals Program","","","USDA","Maricopa (County, 2022)"
"Starcorp LLC dba Carls Jr 7560","7610 W Thomas Rd","","Phoenix","AZ","85033","MARICOPA","Restaurant Meals Program","","","USDA","Maricopa (County, 2022)"
"Starcorp LLC dba Carls Jr 7567","4311 W Camelback Rd","","Phoenix","AZ","85031","MARICOPA","Restaurant Meals Program","","","USDA","Maricopa (County, 2022)"
"Starcorp LLC dba Carls Jr 7570","4515 E McKellips Rd","","Mesa","AZ","85215","MARICOPA","Restaurant Meals Program","","","USDA","Maricopa (County, 2022)"
"Starcorp LLC dba Carls Jr 7571","2501 W Happy Valley Rd","","Phoenix","AZ","85085","MARICOPA","Restaurant Meals Program","","","USDA","Maricopa (County, 2022)"
"Starcorp LLC dba Carls Jr 7602","2750 W Thomas Rd","","Phoenix","AZ","85017","MARICOPA","Restaurant Meals Program","","","USDA","Maricopa (County, 2022)"
"Starcorp LLC dba Carls Jr 7610","5040 W Baseline Rd","","Laveen","AZ","85339","MARICOPA","Restaurant Meals Program","","","USDA","Maricopa (County, 2022)"
"Starcorp LLC dba Carls Jr 7621","12110 N 75th Ave","","Peoria","AZ","85345","MARICOPA","Restaurant Meals Program","","","USDA","Maricopa (County, 2022)"
"Starcorp LLC dba Carls Jr 7672","85 E Germann Rd","","Gilbert","AZ","85297","MARICOPA","Restaurant Meals Program","","","USDA","Maricopa (County, 2022)"
"Starcorp LLC dba Carls Jr 7674","2002 N Country Club Dr","","Mesa","AZ","85201","MARICOPA","Restaurant Meals Program","","","USDA","Maricopa (County, 2022)"
"Starcorp LLC dba Carls Jr 7762","1753 W Bethany Home Rd","","Phoenix","AZ","85015","MARICOPA","Restaurant Meals Program","","","USDA","Maricopa (County, 2022)"
"Starcorp LLC dba Carls Jr 7771","1015 N Dobson Rd","","Mesa","AZ","85201","MARICOPA","Restaurant Meals Program","","","USDA","Maricopa (County, 2022)"
"Starcorp LLC dba Carls Jr 7784","5378 S Power Rd","","Gilbert","AZ","85295","MARICOPA","Restaurant Meals Program","","","USDA","Maricopa (County, 2022)"
"Starcorp LLC dba Carls Jr 7785","416 S Watson Rd","","Buckeye","AZ","85326","MARICOPA","Restaurant Meals Program","","","USDA","Maricopa (County, 2022)"
"Starcorp LLC dba Carls Jr 8101","830 E Pima St","","Gila Bend","AZ","85337","MARICOPA","Restaurant Meals Program","","","USDA","Maricopa (County, 2022)"
"Starcorp LLC dba Carls Jr 826","1352 S Gilbert","","Mesa","AZ","85202","MARICOPA","Restaurant Meals Program","","","USDA","Maricopa (County, 2022)"
"Starcorp LLC dba Carls Jr 8357","6706 N 95th Ave","","Glendale","AZ","85305","MARICOPA","Restaurant Meals Program","","","USDA","Maricopa (County, 2022)"
"Starcorp LLC dba Carls Jr 836","2342 E Thomas Rd","","Phoenix","AZ","85016","MARICOPA","Restaurant Meals Program","","","USDA","Maricopa (County, 2022)"
"Starcorp LLC dba Carls Jr 8377","1083 S Cotton Lane","","Good Year","AZ","85338","MARICOPA","Restaurant Meals Program","","","USDA","Maricopa (County, 2022)"
"Starcorp LLC dba Carls Jr 839","1202 N 51st Ave","","Phoenix","AZ","85043","MARICOPA","Restaurant Meals Program","","","USDA","Maricopa (County, 2022)"
"Starcorp LLC dba Carls Jr 8469","1210 N Scottsdale Rd","","Tempe","AZ","85281","MARICOPA","Restaurant Meals Program","","","USDA","Maricopa (County, 2022)"
"Stop & Shop 1","3345 N 16th St","","Phoenix","AZ","85016","MARICOPA","Convenience Store","","","USDA","Maricopa (County, 2022)"
"Stop In Market","5710 N 67th Ave","","Glendale","AZ","85301","MARICOPA","Convenience Store","","","USDA","Maricopa (County, 2022)"
"Stop N Shop Mart 1","3441 W Cactus Rd","","Phoenix","AZ","85029","MARICOPA","Convenience Store","","","USDA","Maricopa (County, 2022)"
"Subway","14455 W Grand Ave","Ste 100","Surprise","AZ","85374","MARICOPA","Restaurant Meals Program","","","USDA","Maricopa (County, 2022)"
"Subway","15423 W Waddell Rd","Ste 105","Surprise","AZ","85379","MARICOPA","Restaurant Meals Program","","","USDA","Maricopa (County, 2022)"
"Subway","17019 W Greenway Rd","Ste 113","Surprise","AZ","85388","MARICOPA","Restaurant Meals Program","","","USDA","Maricopa (County, 2022)"
"Subway","1840 W Southern Ave","","Mesa","AZ","85202","MARICOPA","Restaurant Meals Program","","","USDA","Maricopa (County, 2022)"
"Subway","21055 E Rittenhouse Rd","","Queen Creek","AZ","85142","MARICOPA","Restaurant Meals Program","","","USDA","Maricopa (County, 2022)"
"Subway","3460 W Chandler Blvd","","Chandler","AZ","85226","MARICOPA","Restaurant Meals Program","","","USDA","Maricopa (County, 2022)"
"Subway","4435 W Anthem Way","","Anthem","AZ","85086","MARICOPA","Restaurant Meals Program","","","USDA","Maricopa (County, 2022)"
"Subway","4539 E Thomas Rd","Ste 101","Phoenix","AZ","85018","MARICOPA","Restaurant Meals Program","","","USDA","Maricopa (County, 2022)"
"Subway","5808 W Camelback Rd","","Glendale","AZ","85301","MARICOPA","Restaurant Meals Program","","","USDA","Maricopa (County, 2022)"
"Subway","6030 N 67th Ave","","Glendale","AZ","85301","MARICOPA","Restaurant Meals Program","","","USDA","Maricopa (County, 2022)"
"Subway","8490 S Power Rd","Ste 108","Gilbert","AZ","85297","MARICOPA","Restaurant Meals Program","","","USDA","Maricopa (County, 2022)"
"Subway","9602 N Metro Pkwy W","","Phoenix","AZ","85051","MARICOPA","Restaurant Meals Program","","","USDA","Maricopa (County, 2022)"
"Subway","9666 E Riggs Rd","Ste 146","Sun Lakes","AZ","85248","MARICOPA","Restaurant Meals Program","","","USDA","Maricopa (County, 2022)"
"Subway # 20286","3125 S Alma School Rd","Ste 5","Chandler","AZ","85248","MARICOPA","Restaurant Meals Program","","","USDA","Maricopa (County, 2022)"
"Subway # 22363","15475 N Greenway Hayden Loop","Ste B21","Scottsdale","AZ","85260","MARICOPA","Restaurant Meals Program","","","USDA","Maricopa (County, 2022)"
"Subway #10780","4810 East Ray Rd","Space A1","Phoenix","AZ","85044","MARICOPA","Restaurant Meals Program","","","USDA","Maricopa (County, 2022)"
"Subway #10923","5020 N 35th Ave","Ste 102","Phoenix","AZ","85017","MARICOPA","Restaurant Meals Program","","","USDA","Maricopa (County, 2022)"
"Subway #14449","610 E Baseline Rd","Suite C2","Chandler","AZ","85042","MARICOPA","Restaurant Meals Program","","","USDA","Maricopa (County, 2022)"
"Subway #20555","2316 W Bethany Home Rd","Ste 113","Phoenix","AZ","85015","MARICOPA","Restaurant Meals Program","","","USDA","Maricopa (County, 2022)"
"Subway #21128","4811 N 16th St","","Phoenix","AZ","85016","MARICOPA","Restaurant Meals Program","","","USDA","Maricopa (County, 2022)"
"Subway #22340","6501 E Greenway Pkwy","Ste 105","Scottsdale","AZ","85254","MARICOPA","Restaurant Meals Program","","","USDA","Maricopa (County, 2022)"
"Subway #2346","3425 W Thunderbird Rd","Ste 14","Phoenix","AZ","85053","MARICOPA","Restaurant Meals Program","","","USDA","Maricopa (County, 2022)"
"Subway #25762","1989 W Elliot Rd","Ste 11","Chandler","AZ","85224","MARICOPA","Restaurant Meals Program","","","USDA","Maricopa (County, 2022)"
"Subway #27034","2815 W Peoria Ave","Ste 114","Phoenix","AZ","85029","MARICOPA","Restaurant Meals Program","","","USDA","Maricopa (County, 2022)"
"Subway #27036","8877 N 107th Ave","Ste 308","Peoria","AZ","85345","MARICOPA","Restaurant Meals Program","","","USDA","Maricopa (County, 2022)"
"Subway #27057","9015 E Via Linda","Ste 109","Scottsdale","AZ","85258","MARICOPA","Restaurant Meals Program","","","USDA","Maricopa (County, 2022)"
"Subway #27190","11435 W Buckeye Rd","Ste A109","Avondale","AZ","85323","MARICOPA","Restaurant Meals Program","","","USDA","Maricopa (County, 2022)"
"Subway #28667","9151 W Peoria Ave","Suite 205","Peoria","AZ","85345","MARICOPA","Restaurant Meals Program","","","USDA","Maricopa (County, 2022)"
"Subway #31152","2775 W Thomas Rd","","Phoenix","AZ","85017","MARICOPA","Restaurant Meals Program","","","USDA","Maricopa (County, 2022)"
"Subway #31645","7510 W Thomas Rd","Suite 104","Phoenix","AZ","85033","MARICOPA","Restaurant Meals Program","","","USDA","Maricopa (County, 2022)"
"Subway #33469","2160 E Baseline Rd","Ste 126","Phoenix","AZ","85042","MARICOPA","Restaurant Meals Program","","","USDA","Maricopa (County, 2022)"
"Subway #33719","2735 S 99th Ave","Suite G105","Tolleson","AZ","85353","MARICOPA","Restaurant Meals Program","","","USDA","Maricopa (County, 2022)"
"Subway #34210","1510 S Watson Rd","Ste 106","Buckeye","AZ","85326","MARICOPA","Restaurant Meals Program","","","USDA","Maricopa (County, 2022)"
"Subway #3478","5932 W Bell Rd","Ste D104","Glendale","AZ","85308","MARICOPA","Restaurant Meals Program","","","USDA","Maricopa (County, 2022)"
"Subway #36448","6150 S 35th Ave","","Phoenix","AZ","85041","MARICOPA","Restaurant Meals Program","","","USDA","Maricopa (County, 2022)"
"Subway #36543","10500 W Bell Rd","Ste 12","Sun City","AZ","85373","MARICOPA","Restaurant Meals Program","","","USDA","Maricopa (County, 2022)"
"Subway #36754","808 S Priest","","Tempe","AZ","85281","MARICOPA","Restaurant Meals Program","","","USDA","Maricopa (County, 2022)"
"Subway #40373","1229 E McKellips Rd","Ste 104","Mesa","AZ","85203","MARICOPA","Restaurant Meals Program","","","USDA","Maricopa (County, 2022)"
"Subway #40441","7908 E Chaparral Rd","Ste B104","Scottsdale","AZ","85250","MARICOPA","Restaurant Meals Program","","","USDA","Maricopa (County, 2022)"
"Subway #42416","5290 S Power Rd","","Gilbert","AZ","85295","MARICOPA","Restaurant Meals Program","","","USDA","Maricopa (County, 2022)"
"Subway #43107","1610 N 75th Ave","Suite 106","Phoenix","AZ","85035","MARICOPA","Restaurant Meals Program","","","USDA","Maricopa (County, 2022)"
"Subway #43792","3424 W Southern Ave","Ste 171","Phoenix","AZ","85041","MARICOPA","Restaurant Meals Program","","","USDA","Maricopa (County, 2022)"
"Subway #51988","4200 S Arizona Ave","Ste 4","Chandler","AZ","85248","MARICOPA","Restaurant Meals Program","","","USDA","Maricopa (County, 2022)"
"Subway #52923","28471 N Vistancia Blvd","Ste 101","Peoria","AZ","85383","MARICOPA","Restaurant Meals Program","","","USDA","Maricopa (County, 2022)"
"Subway #52924","21172 S Ellsworth Loop Rd","Ste 100","Queen Creek","AZ","85142","MARICOPA","Restaurant Meals Program","","","USDA","Maricopa (County, 2022)"
"Subway #533","1106 N Gilbert Rd","Ste 4","Mesa","AZ","85203","MARICOPA","Restaurant Meals Program","","","USDA","Maricopa (County, 2022)"
"Subway #57430","4005 E Southern Ave","","Phoenix","AZ","85042","MARICOPA","Restaurant Meals Program","","","USDA","Maricopa (County, 2022)"
"Subway #57431","1515 E Buckeye Rd","","Phoenix","AZ","85034","MARICOPA","Restaurant Meals Program","","","USDA","Maricopa (County, 2022)"
"Subway #59613","6466 S Higley Rd","Ste 104","Gilbert","AZ","85298","MARICOPA","Restaurant Meals Program","","","USDA","Maricopa (County, 2022)"
"Subway #67834","2975 E Ocotillo Rd","Ste 7","Chandler","AZ","85249","MARICOPA","Restaurant Meals Program","","","USDA","Maricopa (County, 2022)"
"Subway #7016","322 E Brown Rd","Ste 105","Mesa","AZ","85201","MARICOPA","Restaurant Meals Program","","","USDA","Maricopa (County, 2022)"
"Subway #993","8987 W Olive Ave","Ste 132","Peoria","AZ","85345","MARICOPA","Restaurant Meals Program","","","USDA","Maricopa (County, 2022)"
"Subway 10469","3210 W Bell Rd","Ste 100","Phoenix","AZ","85053","MARICOPA","Restaurant Meals Program","","","USDA","Maricopa (County, 2022)"
"Subway 10740","5555 North 7th st","Ste 124","Phoenix","AZ","85014","MARICOPA","Restaurant Meals Program","","","USDA","Maricopa (County, 2022)"
"Subway 10996","8248 W Deer Valley Rd","Ste A 106","Peoria","AZ","85382","MARICOPA","Restaurant Meals Program","","","USDA","Maricopa (County, 2022)"
"Subway 12331","6825 N 16th St","Ste A6","Phoenix","AZ","85016","MARICOPA","Restaurant Meals Program","","","USDA","Maricopa (County, 2022)"
"Subway 12346","161 W Main St.","","Mesa","AZ","85201","MARICOPA","Restaurant Meals Program","","","USDA","Maricopa (County, 2022)"
"Subway 12499","1320 W Elliot Rd","Ste 109","Tempe","AZ","85284","MARICOPA","Restaurant Meals Program","","","USDA","Maricopa (County, 2022)"
"Subway 12741","3226 E Shea Blvd","Ste C2","Phoenix","AZ","85028","MARICOPA","Restaurant Meals Program","","","USDA","Maricopa (County, 2022)"
"Subway 12847","13771 Fountain Hills Blvd","Ste 113","Fountain Hills","AZ","85268","MARICOPA","Restaurant Meals Program","","","USDA","Maricopa (County, 2022)"
"Subway 1618","5217 S Central Ave","Ste B2","Phoenix","AZ","85040","MARICOPA","Restaurant Meals Program","","","USDA","Maricopa (County, 2022)"
"Subway 16523","4939 W Ray Rd","Ste 8","Chandler","AZ","85226","MARICOPA","Restaurant Meals Program","","","USDA","Maricopa (County, 2022)"
"Subway 22363","3655 W Anthem Way","Ste C105","Anthem","AZ","85086","MARICOPA","Restaurant Meals Program","","","USDA","Maricopa (County, 2022)"
"Subway 23279","1561 N Cooper Rd","","Gilbert","AZ","85233","MARICOPA","Restaurant Meals Program","","","USDA","Maricopa (County, 2022)"
"Subway 2337","18631 N 19th Ave","Ste 101","Phoenix","AZ","85027","MARICOPA","Restaurant Meals Program","","","USDA","Maricopa (County, 2022)"
"Subway 2384","1221 S Gilbert Rd","Ste 25","Mesa","AZ","85204","MARICOPA","Restaurant Meals Program","","","USDA","Maricopa (County, 2022)"
"Subway 24754","6805 N 19th Ave","Ste 125","Phoenix","AZ","85015","MARICOPA","Restaurant Meals Program","","","USDA","Maricopa (County, 2022)"
"Subway 25726","8345 W Thunderbird Rd","Ste B-113","Peoria","AZ","85381","MARICOPA","Restaurant Meals Program","","","USDA","Maricopa (County, 2022)"
"Subway 25800","6635 W Happy Valley Rd","Ste A102","Glendale","AZ","85310","MARICOPA","Restaurant Meals Program","","","USDA","Maricopa (County, 2022)"
"Subway 25806","5707 W Northern Ave","Ste 103","Glendale","AZ","85301","MARICOPA","Restaurant Meals Program","","","USDA","Maricopa (County, 2022)"
"Subway 25887","3120 W Carefree Hwy","Ste B-9","Phoenix","AZ","85086","MARICOPA","Restaurant Meals Program","","","USDA","Maricopa (County, 2022)"
"Subway 27035","15475 N Greenway Hayden Loop","Ste B 21","Scottsdale","AZ","85260","MARICOPA","Restaurant Meals Program","","","USDA","Maricopa (County, 2022)"
"Subway 27186","2700 W Baseline Rd","Ste 131","Tempe","AZ","85283","MARICOPA","Restaurant Meals Program","","","USDA","Maricopa (County, 2022)"
"Subway 27187","742 E Glendale Ave","Ste 21-112","Phoenix","AZ","85020","MARICOPA","Restaurant Meals Program","","","USDA","Maricopa (County, 2022)"
"Subway 27188","4326 E Cactus Rd","Unit C01","Phoenix","AZ","85032","MARICOPA","Restaurant Meals Program","","","USDA","Maricopa (County, 2022)"
"Subway 28756","17037 N 43rd Ave","Ste A9","Glendale","AZ","85308","MARICOPA","Restaurant Meals Program","","","USDA","Maricopa (County, 2022)"
"Subway 28817","16841 E Shea Blvd","Ste 1-102","Fountain Hills","AZ","85268","MARICOPA","Restaurant Meals Program","","","USDA","Maricopa (County, 2022)"
"Subway 28818","5930 W McDowell Rd","Ste 107","Phoenix","AZ","85035","MARICOPA","Restaurant Meals Program","","","USDA","Maricopa (County, 2022)"
"Subway 29724","3317 S Higley Rd","Ste 108","Gilbert","AZ","85297","MARICOPA","Restaurant Meals Program","","","USDA","Maricopa (County, 2022)"
"Subway 30077","21655 N Lake Pleasant Pkwy","Walmart #3896","Peoria","AZ","85382","MARICOPA","Restaurant Meals Program","","","USDA","Maricopa (County, 2022)"
"Subway 31796","2330 W Happy Valley Rd","Ste 1025","Phoenix","AZ","85085","MARICOPA","Restaurant Meals Program","","","USDA","Maricopa (County, 2022)"
"Subway 33382","13954 W. Waddell Rd.  #115","","Surprise","AZ","85379","MARICOPA","Restaurant Meals Program","","","USDA","Maricopa (County, 2022)"
"Subway 34155","2020 W Baseline Rd","Ste C166","Phoenix","AZ","85041","MARICOPA","Restaurant Meals Program","","","USDA","Maricopa (County, 2022)"
"Subway 37538","3550 E Southern Ave","Ste 101","Mesa","AZ","85204","MARICOPA","Restaurant Meals Program","","","USDA","Maricopa (County, 2022)"
"Subway 50388","4915 N. Pima Road","","Scottsdale","AZ","85251","MARICOPA","Restaurant Meals Program","","","USDA","Maricopa (County, 2022)"
"Subway 51449","1849 E Guadalupe Rd","Ste C101 PAD","Tempe","AZ","85283","MARICOPA","Restaurant Meals Program","","","USDA","Maricopa (County, 2022)"
"Subway 5562","1501 N 43rd Ave","Ste 4","Phoenix","AZ","85009","MARICOPA","Restaurant Meals Program","","","USDA","Maricopa (County, 2022)"
"Subway 6676","13853 N 19th Ave","Ste A","Phoenix","AZ","85023","MARICOPA","Restaurant Meals Program","","","USDA","Maricopa (County, 2022)"
"Subway 6792","805 West Baseline Rd","Ste 3","Tempe","AZ","85283","MARICOPA","Restaurant Meals Program","","","USDA","Maricopa (County, 2022)"
"Summer Market Llc","13815 N 7th St","","Phoenix","AZ","85022","MARICOPA","Grocery Store","","","USDA","Maricopa (County, 2022)"
"Sun Stop","1212 E Apache Blvd","Ste 101","Tempe","AZ","85281","MARICOPA","Convenience Store","","","USDA","Maricopa (County, 2022)"
"Sunoco Gas Station","3502 W Dunlap Ave","","Phoenix","AZ","85051","MARICOPA","Convenience Store","","","USDA","Maricopa (County, 2022)"
"Sunset Market","17235 N 19th Ave","","Phoenix","AZ","85023","MARICOPA","Convenience Store","","","USDA","Maricopa (County, 2022)"
"Sunshine Market","2302 N 12th St","","Phoenix","AZ","85006","MARICOPA","Convenience Store","","","USDA","Maricopa (County, 2022)"
"Super Carniceria El Gran Gallito","6311 W Maryland Ave","","Glendale","AZ","85301","MARICOPA","Grocery Store","","","USDA","Maricopa (County, 2022)"
"Super Carniceria La Guera 1","5950 W McDowell Rd","Ste 107","Phoenix","AZ","85035","MARICOPA","Grocery Store","","","USDA","Maricopa (County, 2022)"
"Super Carniceria La Pradera Ranch","6811 W Peoria Ave","Ste 103","Peoria","AZ","85345","MARICOPA","Grocery Store","","","USDA","Maricopa (County, 2022)"
"Super Carniceria Las Cuatro Milpa","6639 W McDowell Rd","","Phoenix","AZ","85035","MARICOPA","Grocery Store","","","USDA","Maricopa (County, 2022)"
"Super Carniceria Los Alamos #2","10730 W Lower Buckeye Rd","","Avondale","AZ","85323","MARICOPA","Grocery Store","","","USDA","Maricopa (County, 2022)"
"Super Carniceria Los Pinos 3 Inc","2903 E Mcdowell Rd","","Phoenix","AZ","85008","MARICOPA","Grocery Store","","","USDA","Maricopa (County, 2022)"
"Super Carniceria Uruapan","5821 N 67th Ave","Ste 112","Glendale","AZ","85301","MARICOPA","Grocery Store","","","USDA","Maricopa (County, 2022)"
"Super Carniceria Uruapan 3","11926 W Thunderbird Rd","","El Mirage","AZ","85335","MARICOPA","Other","","","USDA","Maricopa (County, 2022)"
"Super Dollar & Discount L L C","1340 E Broadway Rd","Ste 1","Mesa","AZ","85204","MARICOPA","Convenience Store","","","USDA","Maricopa (County, 2022)"
"Super Plus Chevron","4356 E University Dr","","Mesa","AZ","85205","MARICOPA","Convenience Store","","","USDA","Maricopa (County, 2022)"
"Super Sam","9201 S 7th Ave","","Phoenix","AZ","85041","MARICOPA","Convenience Store","","","USDA","Maricopa (County, 2022)"
"Super Stop Liquor N/A","321 W McKellips Rd","","Mesa","AZ","85201","MARICOPA","Convenience Store","","","USDA","Maricopa (County, 2022)"
"Supercarniceria La Hereford 2","8931 N 7th St","","Phoenix","AZ","85020","MARICOPA","Grocery Store","","","USDA","Maricopa (County, 2022)"
"Superstition Ranch Market 1","4755 E Main St","","Mesa","AZ","85205","MARICOPA","Super Store","GusNIP","Pinnacle Prevention Corp.","USDA","Maricopa (County, 2022)"
"Superstition Ranch Market 2","7 N 114th St","","Apache Junction","AZ","85120","MARICOPA","Supermarket","GusNIP","Pinnacle Prevention Corp.","USDA","Maricopa (County, 2022)"
"T & B Stores Llc 2015","2015 W University Dr","","Mesa","AZ","85201","MARICOPA","Convenience Store","","","USDA","Maricopa (County, 2022)"
"T Bird Mini Market","12550 W Thunderbird Rd","Ste 101","El Mirage","AZ","85335","MARICOPA","Convenience Store","","","USDA","Maricopa (County, 2022)"
"T and B Stores LLC","2180 E Broadway Rd","","Tempe","AZ","85282","MARICOPA","Convenience Store","","","USDA","Maricopa (County, 2022)"
"T and Y Hawaiian BBQ","6756 W Camelback Rd","","Glendale","AZ","85303","MARICOPA","Restaurant Meals Program","","","USDA","Maricopa (County, 2022)"
"T&Y Hawaiian BBQ","1380 N Litchfield Rd","Ste K4","Goodyear","AZ","85395","MARICOPA","Restaurant Meals Program","","","USDA","Maricopa (County, 2022)"
"T's Liquor & Convenience","1301 E University Dr","","Tempe","AZ","85281","MARICOPA","Convenience Store","","","USDA","Maricopa (County, 2022)"
"TA Tonopah 225","I-10  Exit 103","","Tonopah","AZ","85354","MARICOPA","Convenience Store","","","USDA","Maricopa (County, 2022)"
"Blue Sky Farm Store","4762 N 189th Ave","","Litchfield Park","AZ","85340","MARICOPA","Farmers and Markets","","Pinnacle Prevention Corporation","USDA","Maricopa (County, 2022)"
"Brian's Discount Market 1","13648 N 19th Ave","","Phoenix","AZ","85029","MARICOPA","Convenience Store","","","USDA","Maricopa (County, 2022)"
"Broadway Liquor","405 E Broadway Rd","","Mesa","AZ","85204","MARICOPA","Convenience Store","","","USDA","Maricopa (County, 2022)"
"Brothers Market","12801 W Bell Rd","Ste 109","Surprise","AZ","85378","MARICOPA","Convenience Store","","","USDA","Maricopa (County, 2022)"
"Bruger King #1638","2755 W Peoria Ave","","Phoenix","AZ","85029","MARICOPA","Restaurant Meals Program","","","USDA","Maricopa (County, 2022)"
"Bubba's Drive-Thru","15445 N Greasewood St","","Surprise","AZ","85378","MARICOPA","Convenience Store","","","USDA","Maricopa (County, 2022)"
"Burger King  #5208","6698 W Peoria Ave","","Glendale","AZ","85304","MARICOPA","Restaurant Meals Program","","","USDA","Maricopa (County, 2022)"
"Burger King # 10964","9119 W Peoria Ave","","Peoria","AZ","85345","MARICOPA","Restaurant Meals Program","","","USDA","Maricopa (County, 2022)"
"Burger King # 11894","7490 W Glendale Ave","","Glendale","AZ","85303","MARICOPA","Restaurant Meals Program","","","USDA","Maricopa (County, 2022)"
"Burger King # 13344","14535 W Grand Ave","","Surprise","AZ","85374","MARICOPA","Restaurant Meals Program","","","USDA","Maricopa (County, 2022)"
"Burger King # 13920","8425 W Thunderbird Rd","","Peoria","AZ","85381","MARICOPA","Restaurant Meals Program","","","USDA","Maricopa (County, 2022)"
"Burger King # 15219","7545 W Lower Buckeye Rd","","Phoenix","AZ","85043","MARICOPA","Restaurant Meals Program","","","USDA","Maricopa (County, 2022)"
"Burger King # 16060","3490 N Litchfield Rd","","Goodyear","AZ","85395","MARICOPA","Restaurant Meals Program","","","USDA","Maricopa (County, 2022)"
"Burger King # 16208","350 N 67th Ave","","Phoenix","AZ","85043","MARICOPA","Restaurant Meals Program","","","USDA","Maricopa (County, 2022)"
"Burger King # 16422","5055 W Southern Ave","","Laveen","AZ","85339","MARICOPA","Restaurant Meals Program","","","USDA","Maricopa (County, 2022)"
"Burger King # 16506","12280 W Olive Ave","","El Mirage","AZ","85335","MARICOPA","Restaurant Meals Program","","","USDA","Maricopa (County, 2022)"
"Burger King # 16867","21551 N Lake Pleasant Pkwy","","Peoria","AZ","85382","MARICOPA","Restaurant Meals Program","","","USDA","Maricopa (County, 2022)"
"Burger King # 17086","3840 W Happy Valley Rd","","Glendale","AZ","85310","MARICOPA","Restaurant Meals Program","","","USDA","Maricopa (County, 2022)"
"Burger King # 21281","16364 W Yuma Rd","","Goodyear","AZ","85338","MARICOPA","Restaurant Meals Program","","","USDA","Maricopa (County, 2022)"
"Burger King # 22135","15250 W McDowell Rd","","Goodyear","AZ","85395","MARICOPA","Restaurant Meals Program","","","USDA","Maricopa (County, 2022)"
"Burger King # 23173","1375 E Bell Rd","","Phoenix","AZ","85022","MARICOPA","Restaurant Meals Program","","","USDA","Maricopa (County, 2022)"
"Burger King # 23211","13775 N Dysart Rd","","El Mirage","AZ","85335","MARICOPA","Restaurant Meals Program","","","USDA","Maricopa (County, 2022)"
"Burger King # 23224","2865 E Ocotillo Rd","","Chandler","AZ","85249","MARICOPA","Restaurant Meals Program","","","USDA","Maricopa (County, 2022)"
"Burger King # 23225","14719 W Cactus Rd","","Surprise","AZ","85379","MARICOPA","Restaurant Meals Program","","","USDA","Maricopa (County, 2022)"
"Burger King # 23606","9920 W Van Buren St","","Avondale","AZ","85323","MARICOPA","Restaurant Meals Program","","","USDA","Maricopa (County, 2022)"
"Burger King # 23607","10726 E Guadalupe Rd","","Mesa","AZ","85212","MARICOPA","Restaurant Meals Program","","","USDA","Maricopa (County, 2022)"
"Burger King # 24145","33100 N North Valley Pkwy","","Phoenix","AZ","85085","MARICOPA","Restaurant Meals Program","","","USDA","Maricopa (County, 2022)"
"Burger King # 24447","15475 W Greenway Rd","","Surprise","AZ","85374","MARICOPA","Restaurant Meals Program","","","USDA","Maricopa (County, 2022)"
"Burger King # 25011","222 N Cooper Rd","","Chandler","AZ","85225","MARICOPA","Restaurant Meals Program","","","USDA","Maricopa (County, 2022)"
"Burger King # 25016","2337 E Quail Ave","","Phoenix","AZ","85024","MARICOPA","Restaurant Meals Program","","","USDA","Maricopa (County, 2022)"
"Burger King # 25466","19590 W Indian School Rd","","Buckeye","AZ","85396","MARICOPA","Restaurant Meals Program","","","USDA","Maricopa (County, 2022)"
"Burger King # 25474","1315 S Watson Rd","","Buckeye","AZ","85326","MARICOPA","Restaurant Meals Program","","","USDA","Maricopa (County, 2022)"
"Burger King # 25499","5120 W Bell Rd","","Glendale","AZ","85308","MARICOPA","Restaurant Meals Program","","","USDA","Maricopa (County, 2022)"
"Burger King # 25513","1615 W Bell Rd","","Phoenix","AZ","85023","MARICOPA","Restaurant Meals Program","","","USDA","Maricopa (County, 2022)"
"Burger King # 25542","10243 Grand Ave","","Sun City","AZ","85351","MARICOPA","Restaurant Meals Program","","","USDA","Maricopa (County, 2022)"
"Burger King # 25984","8355 E Guadalupe Rd","","Mesa","AZ","85212","MARICOPA","Restaurant Meals Program","","","USDA","Maricopa (County, 2022)"
"Burger King # 26679","7405 W Indian School Rd","","Phoenix","AZ","85033","MARICOPA","Restaurant Meals Program","","","USDA","Maricopa (County, 2022)"
"Burger King # 27774","20035 N 35th Ave","","Phoenix","AZ","85027","MARICOPA","Restaurant Meals Program","","","USDA","Maricopa (County, 2022)"
"Burger King # 27775","4073 E Williams Field Rd","","Gilbert","AZ","85295","MARICOPA","Restaurant Meals Program","","","USDA","Maricopa (County, 2022)"
"Burger King # 4833","2972 N Alma School Rd","","Chandler","AZ","85224","MARICOPA","Restaurant Meals Program","","","USDA","Maricopa (County, 2022)"
"Burger King # 5160","3521 W Van Buren St","","Phoenix","AZ","85009","MARICOPA","Restaurant Meals Program","","","USDA","Maricopa (County, 2022)"
"Burger King # 5749","4302 W Indian School Rd","","Phoenix","AZ","85031","MARICOPA","Restaurant Meals Program","","","USDA","Maricopa (County, 2022)"
"Burger King # 6249","394 N. Litchfield Rd.","","Avondale","AZ","85323","MARICOPA","Restaurant Meals Program","","","USDA","Maricopa (County, 2022)"
"Burger King # 8850","13725 N. Fountain Hills Blvd","","Fountain Hills","AZ","85268","MARICOPA","Restaurant Meals Program","","","USDA","Maricopa (County, 2022)"
"Burger King # 9136","501 W Pima St","","Gila Bend","AZ","85337","MARICOPA","Restaurant Meals Program","","","USDA","Maricopa (County, 2022)"
"Burger King # 9984","1552 S Miller Rd","","Buckeye","AZ","85326","MARICOPA","Restaurant Meals Program","","","USDA","Maricopa (County, 2022)"
"Burger King #11523","1990 W Ray Rd","","Chandler","AZ","85224","MARICOPA","Restaurant Meals Program","","","USDA","Maricopa (County, 2022)"
"Burger King #14749","9680 W Camelback Rd","","Glendale","AZ","85305","MARICOPA","Restaurant Meals Program","","","USDA","Maricopa (County, 2022)"
"Burger King #14956","11445 W Buckeye Rd","","Avondale","AZ","85323","MARICOPA","Restaurant Meals Program","","","USDA","Maricopa (County, 2022)"
"Burger King #15518","5840 W Camelback Rd","","Glendale","AZ","85301","MARICOPA","Restaurant Meals Program","","","USDA","Maricopa (County, 2022)"
"Burger King #22449","16790 W Waddell Rd","","Surprise","AZ","85388","MARICOPA","Restaurant Meals Program","","","USDA","Maricopa (County, 2022)"
"Burger King #23617","520 E Wickenburg Way","","Wickenburg","AZ","85390","MARICOPA","Restaurant Meals Program","","","USDA","Maricopa (County, 2022)"
"Burger King #24194","20039 N 19th Ave","","Phoenix","AZ","85027","MARICOPA","Restaurant Meals Program","","","USDA","Maricopa (County, 2022)"
"Burger King #25002","12309 W Camelback Rd","","Litchfield Park","AZ","85340","MARICOPA","Restaurant Meals Program","","","USDA","Maricopa (County, 2022)"
"Burger King #29445","24953 S Ellsworth Rd","","Queen Creek","AZ","85142","MARICOPA","Restaurant Meals Program","","","USDA","Maricopa (County, 2022)"
"Burger King #3065","1001 N Arizona Ave","","Chandler","AZ","85225","MARICOPA","Restaurant Meals Program","","","USDA","Maricopa (County, 2022)"
"Burger King #3200","5090 W Olive Ave","","Glendale","AZ","85302","MARICOPA","Restaurant Meals Program","","","USDA","Maricopa (County, 2022)"
"Burger King #32270","12213 N 32nd St","","Phoenix","AZ","85032","MARICOPA","Restaurant Meals Program","","","USDA","Maricopa (County, 2022)"
"Burger King #3973","5841 W Thunderbird Rd","","Glendale","AZ","85306","MARICOPA","Restaurant Meals Program","","","USDA","Maricopa (County, 2022)"
"Burger King #4032","2318 W Northern Ave","","Phoenix","AZ","85021","MARICOPA","Restaurant Meals Program","","","USDA","Maricopa (County, 2022)"
"Burger King #4081","11020 N Tatum Blvd","#103","Phoenix","AZ","85028","MARICOPA","Restaurant Meals Program","","","USDA","Maricopa (County, 2022)"
"Burger King #4477","2708 E University Dr","","Mesa","AZ","85213","MARICOPA","Restaurant Meals Program","","","USDA","Maricopa (County, 2022)"
"Burger King #4667","13635 N 35th Ave","","Phoenix","AZ","85029","MARICOPA","Restaurant Meals Program","","","USDA","Maricopa (County, 2022)"
"Burger King #5915","12601 W Bell Rd","","Surprise","AZ","85375","MARICOPA","Restaurant Meals Program","","","USDA","Maricopa (County, 2022)"
"Burger King #9242","20197 N 67th Ave","","Glendale","AZ","85308","MARICOPA","Restaurant Meals Program","","","USDA","Maricopa (County, 2022)"
"Burger King #9465","1610 N 83rd Ave","","Phoenix","AZ","85035","MARICOPA","Restaurant Meals Program","","","USDA","Maricopa (County, 2022)"
"Burger King #9638","4979 W Ray Rd","","Chandler","AZ","85226","MARICOPA","Restaurant Meals Program","","","USDA","Maricopa (County, 2022)"
"Burger King #9732","9668 E Riggs Rd","","Sun Lakes","AZ","85248","MARICOPA","Restaurant Meals Program","","","USDA","Maricopa (County, 2022)"
"Burger King 10259","5 E Southern Ave","","Tempe","AZ","85282","MARICOPA","Restaurant Meals Program","","","USDA","Maricopa (County, 2022)"
"Burger King 14177","1945 S Alma School Rd","","Chandler","AZ","85286","MARICOPA","Restaurant Meals Program","","","USDA","Maricopa (County, 2022)"
"Burger King 14670","2024 E Southern Ave","","Mesa","AZ","85204","MARICOPA","Restaurant Meals Program","","","USDA","Maricopa (County, 2022)"
"Burger King 15588","2011 S McClintock Dr","","Tempe","AZ","85282","MARICOPA","Restaurant Meals Program","","","USDA","Maricopa (County, 2022)"
"Burger King 17145","1201 W Main St","","Mesa","AZ","85201","MARICOPA","Restaurant Meals Program","","","USDA","Maricopa (County, 2022)"
"Burger King 20345","9802 N 7th St","","Phoenix","AZ","85020","MARICOPA","Restaurant Meals Program","","","USDA","Maricopa (County, 2022)"
"Burger King 20501","15355 N Northsight Blvd","","Scottsdale","AZ","85260","MARICOPA","Restaurant Meals Program","","","USDA","Maricopa (County, 2022)"
"Burger King 2051","1545 E Buckeye Rd","","Phoenix","AZ","85034","MARICOPA","Restaurant Meals Program","","","USDA","Maricopa (County, 2022)"
"Burger King 24904","2834 N 44th St","","Phoenix","AZ","85008","MARICOPA","Restaurant Meals Program","","","USDA","Maricopa (County, 2022)"
"Burger King 27430","7302 S Ellsworth Rd","","Mesa","AZ","85212","MARICOPA","Restaurant Meals Program","","","USDA","Maricopa (County, 2022)"
"Burger King 27571","175 N. 44th St.","","Phoenix","AZ","85008","MARICOPA","Restaurant Meals Program","","","USDA","Maricopa (County, 2022)"
"Burger King 28485","2337 E. Southern Ave.","","Phoenix","AZ","85040","MARICOPA","Restaurant Meals Program","","","USDA","Maricopa (County, 2022)"
"Burger King 28649","4403 E. Broadway Rd.","","Mesa","AZ","85206","MARICOPA","Restaurant Meals Program","","","USDA","Maricopa (County, 2022)"
"Burger King 28956","9240 E Cadence Pkwy","","Mesa","AZ","85212","MARICOPA","Restaurant Meals Program","","","USDA","Maricopa (County, 2022)"
"Burger King 3634","6402 S Rural Rd","","Tempe","AZ","85283","MARICOPA","Restaurant Meals Program","","","USDA","Maricopa (County, 2022)"
"Burger King 4704","1440 S Country Club Dr","","Mesa","AZ","85210","MARICOPA","Restaurant Meals Program","","","USDA","Maricopa (County, 2022)"
"Burger King 7043","4805 E Warner Rd","","Phoenix","AZ","85044","MARICOPA","Restaurant Meals Program","","","USDA","Maricopa (County, 2022)"
"Burger King 9867","665 E Baseline Rd","","Phoenix","AZ","85042","MARICOPA","Restaurant Meals Program","","","USDA","Maricopa (County, 2022)"
"Burger Shoppe Menuke LLC","151 N 27th Ave","","Phoenix","AZ","85009","MARICOPA","Restaurant Meals Program","","","USDA","Maricopa (County, 2022)"
"Burgershoppe B","3423 W Thomas Rd","","Phoenix","AZ","85017","MARICOPA","Restaurant Meals Program","","","USDA","Maricopa (County, 2022)"
"Burma Asia Market Llc 2","3525 W Northern Ave","","Phoenix","AZ","85051","MARICOPA","Grocery Store","","","USDA","Maricopa (County, 2022)"
"Bushe African Market","5949 West Northern Ave","Suite 107","Glendale","AZ","85301","MARICOPA","Convenience Store","","","USDA","Maricopa (County, 2022)"
"Buster's Market","603 N 15th Ave","","Phoenix","AZ","85007","MARICOPA","Convenience Store","","","USDA","Maricopa (County, 2022)"
"Butcher & Farmer Market","224 E Monroe Ave","","Buckeye","AZ","85326","MARICOPA","Other","","","USDA","Maricopa (County, 2022)"
"Butcher Bob's Inc","11663 W Bell Rd","Ste 2","Surprise","AZ","85374","MARICOPA","Specialty Store","","","USDA","Maricopa (County, 2022)"
"Buzz In Buzz Out 1","1501 W Indian School Rd","","Phoenix","AZ","85015","MARICOPA","Convenience Store","","","USDA","Maricopa (County, 2022)"
"By the Bucket","3424 W Southern Ave","Ste 174","Phoenix","AZ","85041","MARICOPA","Restaurant Meals Program","","","USDA","Maricopa (County, 2022)"
"By the Bucket North Phoenix","18409 N Cave Creek Rd","","Phoenix","AZ","85032","MARICOPA","Restaurant Meals Program","","","USDA","Maricopa (County, 2022)"
"C.m.t.g Inc","6108 W Northern Ave","","Glendale","AZ","85301","MARICOPA","Convenience Store","","","USDA","Maricopa (County, 2022)"
"CACTUS FOOD MART","8040 E Thomas Rd","","Scottsdale","AZ","85251","MARICOPA","Convenience Store","","","USDA","Maricopa (County, 2022)"
"CARL'S JR. #907","13290 N Prasada Pkwy","","Surprise","AZ","85388","MARICOPA","Restaurant Meals Program","","","USDA","Maricopa (County, 2022)"
"CARNICERIA DEL PUEBLO","2644 E Greenway Pkwy","","Phoenix","AZ","85032","MARICOPA","Grocery Store","","","USDA","Maricopa (County, 2022)"
"CARNICERIA EL CAMINO","3205 W McDowell Rd","","Phoenix","AZ","85009","MARICOPA","Other","","","USDA","Maricopa (County, 2022)"
"CARNICERIA EL RANCHO #6","7607 E McDowell Rd","Ste 122","Scottsdale","AZ","85257","MARICOPA","Grocery Store","","","USDA","Maricopa (County, 2022)"
"CARNICERIA SONORA 3","8287 W Washington St","","Peoria","AZ","85345","MARICOPA","Grocery Store","","","USDA","Maricopa (County, 2022)"
"CIRCLE K 2709163","2020 W Warner Rd","","Chandler","AZ","85224","MARICOPA","Convenience Store","","","USDA","Maricopa (County, 2022)"
"CIRCLE K 2709528","1550 N PEBBLE CREEK PKWY","","GOODYEAR","AZ","85338","MARICOPA","Convenience Store","","","USDA","Maricopa (County, 2022)"
"CIRCLE K 2709537","1900 N Scottsdale","","Tempe","AZ","85281","MARICOPA","Convenience Store","","","USDA","Maricopa (County, 2022)"
"CIRCLE K 2709538","9230 E. University Dr","","Mesa","AZ","85207","MARICOPA","Convenience Store","","","USDA","Maricopa (County, 2022)"
"CIRCLE K 2709541","2775 S 75th Ave","","Phoenix","AZ","85043","MARICOPA","Convenience Store","","","USDA","Maricopa (County, 2022)"
"CIRCLE K 2709542","10725 W Northern Ave","","Glendale","AZ","85307","MARICOPA","Convenience Store","","","USDA","Maricopa (County, 2022)"
"CIRCLE K 2709549","18501 E Riggs Rd","","Queen Creek","AZ","85142","MARICOPA","Convenience Store","","","USDA","Maricopa (County, 2022)"
"CIRCLE K 2709550","1650 E Germann Road","","Gilbert","AZ","85297","MARICOPA","Convenience Store","","","USDA","Maricopa (County, 2022)"
"CIRCLE K 2709556","5150 W Buckeye Rd","","Phoenix","AZ","85043","MARICOPA","Convenience Store","","","USDA","Maricopa (County, 2022)"
"CIRCLE K 2709557","824 W Broadway Rd","","Mesa","AZ","85210","MARICOPA","Convenience Store","","","USDA","Maricopa (County, 2022)"
"CIRCLE K 2709560","23024 E Riggs Rd","","Queen Creek","AZ","85142","MARICOPA","Convenience Store","","","USDA","Maricopa (County, 2022)"
"CIRCLE K 2709576","16934 W Wadell Rd","","Surprise","AZ","85388","MARICOPA","Convenience Store","","","USDA","Maricopa (County, 2022)"
"CIRCLE K 2709580","2440 W Bethany Home Rd","","Phoenix","AZ","85015","MARICOPA","Convenience Store","","","USDA","Maricopa (County, 2022)"
"CIRCLE SEVEN MART","415 E McKellips Rd","","Mesa","AZ","85203","MARICOPA","Convenience Store","","","USDA","Maricopa (County, 2022)"
"CK Food Mart","1949 E Osborn Rd","","Phoenix","AZ","85016","MARICOPA","Convenience Store","","","USDA","Maricopa (County, 2022)"
"CST  Corner Store 2741628","1111 N 67th Ave","","Phoenix","AZ","85043","MARICOPA","Convenience Store","","","USDA","Maricopa (County, 2022)"
"CST Corner Store 2741676","809 N Dobson Rd","","Mesa","AZ","85201","MARICOPA","Convenience Store","","","USDA","Maricopa (County, 2022)"
"CVS 10529","7111 E Bell Rd","","Scottsdale","AZ","85254","MARICOPA","Other","","","USDA","Maricopa (County, 2022)"
"CVS 10616","7547 E Southern Ave","","Mesa","AZ","85209","MARICOPA","Other","","","USDA","Maricopa (County, 2022)"
"CVS PHARMACY #10229 10229","280 N Avondale Blvd","","Avondale","AZ","85323","MARICOPA","Other","","","USDA","Maricopa (County, 2022)"
"CVS Pharmacy 10007","6045 N Scottsdale Rd","","Scottsdale","AZ","85253","MARICOPA","Other","","","USDA","Maricopa (County, 2022)"
"CVS Pharmacy 10150","28635 N Valley Pkwy","","Phoenix","AZ","85085","MARICOPA","Other","","","USDA","Maricopa (County, 2022)"
"CVS Pharmacy 10615","5450 W Happy Valley Rd","","Phoenix","AZ","85308","MARICOPA","Other","","","USDA","Maricopa (County, 2022)"
"CVS Pharmacy 10928","909 E Apache Blvd","","Tempe","AZ","85281","MARICOPA","Other","","","USDA","Maricopa (County, 2022)"
"CVS Pharmacy 17","18591 N 59th Ave","","Glendale","AZ","85308","MARICOPA","Other","","","USDA","Maricopa (County, 2022)"
"CVS Pharmacy 1716","21087 W Main St","","Buckeye","AZ","85396","MARICOPA","Other","","","USDA","Maricopa (County, 2022)"
"CVS Pharmacy 1719","7587 S Power Rd","","Queen Creek","AZ","85142","MARICOPA","Other","","","USDA","Maricopa (County, 2022)"
"CVS Pharmacy 1720","21200 E Ocotillo Rd","","Queen Creek","AZ","85142","MARICOPA","Other","","","USDA","Maricopa (County, 2022)"
"CVS Pharmacy 1743","13870 W Greenway Rd","","Surprise","AZ","85374","MARICOPA","Other","","","USDA","Maricopa (County, 2022)"
"CVS Pharmacy 1744","6650 W Lower Buckeye Rd","","Phoenix","AZ","85043","MARICOPA","Other","","","USDA","Maricopa (County, 2022)"
"CVS Pharmacy 193","4990 S Arizona Ave","","Chandler","AZ","85248","MARICOPA","Other","","","USDA","Maricopa (County, 2022)"
"CVS Pharmacy 2372","3975 E Thunderbird Rd","","Phoenix","AZ","85032","MARICOPA","Other","","","USDA","Maricopa (County, 2022)"
"CVS Pharmacy 2963","711 E Indian School Rd","","Phoenix","AZ","85014","MARICOPA","Other","","","USDA","Maricopa (County, 2022)"
"CVS Pharmacy 3143","990 E Warner Rd","","Chandler","AZ","85225","MARICOPA","Other","","","USDA","Maricopa (County, 2022)"
"CVS Pharmacy 3264","3210 E Union Hills Dr","","Phoenix","AZ","85050","MARICOPA","Other","","","USDA","Maricopa (County, 2022)"
"CVS Pharmacy 3268","765 S Lindsay Rd","","Gilbert","AZ","85296","MARICOPA","Other","","","USDA","Maricopa (County, 2022)"
"CVS Pharmacy 3272","2371 E Guadalupe Rd","","Gilbert","AZ","85234","MARICOPA","Other","","","USDA","Maricopa (County, 2022)"
"CVS Pharmacy 33","1750 E Broadway Rd","","Tempe","AZ","85282","MARICOPA","Other","","","USDA","Maricopa (County, 2022)"
"CVS Pharmacy 3383","7550 S 19th Ave","","Phoenix","AZ","85041","MARICOPA","Other","","","USDA","Maricopa (County, 2022)"
"CVS Pharmacy 3436","2809 S Sossaman Rd","","Mesa","AZ","85212","MARICOPA","Other","","","USDA","Maricopa (County, 2022)"
"CVS Pharmacy 3491","9546 E Riggs Rd","","Sun Lakes","AZ","85248","MARICOPA","Other","","","USDA","Maricopa (County, 2022)"
"CVS Pharmacy 3500","1625 N 44th St","","Phoenix","AZ","85008","MARICOPA","Other","","","USDA","Maricopa (County, 2022)"
"CVS Pharmacy 3625","8245 W Thomas Rd","","Phoenix","AZ","85033","MARICOPA","Other","","","USDA","Maricopa (County, 2022)"
"CVS Pharmacy 3745","10727 W Olive Ave","","Peoria","AZ","85345","MARICOPA","Other","","","USDA","Maricopa (County, 2022)"
"CVS Pharmacy 3749","2840 N Dysart Rd","","Goodyear","AZ","85395","MARICOPA","Other","","","USDA","Maricopa (County, 2022)"
"CVS Pharmacy 3967","3990 W Ray Rd","","Chandler","AZ","85226","MARICOPA","Other","","","USDA","Maricopa (County, 2022)"
"CVS Pharmacy 4795","6015 E Brown Rd","","Mesa","AZ","85205","MARICOPA","Other","","","USDA","Maricopa (County, 2022)"
"CVS Pharmacy 5026","1212 S Greenfield Rd","","Mesa","AZ","85204","MARICOPA","Other","","","USDA","Maricopa (County, 2022)"
"CVS Pharmacy 5029","9230 E Broadway Rd","","Mesa","AZ","85208","MARICOPA","Other","","","USDA","Maricopa (County, 2022)"
"CVS Pharmacy 5038","2010 S Dobson Rd","","Chandler","AZ","85248","MARICOPA","Other","","","USDA","Maricopa (County, 2022)"
"CVS Pharmacy 52","4657 E Chandler Blvd","","Phoenix","AZ","85048","MARICOPA","Other","","","USDA","Maricopa (County, 2022)"
"CVS Pharmacy 5303","9152 E Brown Rd","","Mesa","AZ","85207","MARICOPA","Other","","","USDA","Maricopa (County, 2022)"
"CVS Pharmacy 5315","2005 N Dobson Rd","","Chandler","AZ","85224","MARICOPA","Other","","","USDA","Maricopa (County, 2022)"
"CVS Pharmacy 5530","15300 N Cotton Ln","","Surprise","AZ","85374","MARICOPA","Other","","","USDA","Maricopa (County, 2022)"
"CVS Pharmacy 5778","4040 N 19th Ave","","Phoenix","AZ","85015","MARICOPA","Other","","","USDA","Maricopa (County, 2022)"
"CVS Pharmacy 5779","360 N Val Vista Dr","","Mesa","AZ","85213","MARICOPA","Other","","","USDA","Maricopa (County, 2022)"
"CVS Pharmacy 5791","4890 N Litchfield Rd","","Litchfield Park","AZ","85340","MARICOPA","Other","","","USDA","Maricopa (County, 2022)"
"CVS Pharmacy 5812","5954 E McDowell Rd","","Mesa","AZ","85215","MARICOPA","Other","","","USDA","Maricopa (County, 2022)"
"CVS Pharmacy 5814","9950 E Guadalupe Rd","","Mesa","AZ","85212","MARICOPA","Other","","","USDA","Maricopa (County, 2022)"
"CVS Pharmacy 5849","990 E Pecos Rd","","Chandler","AZ","85225","MARICOPA","Other","","","USDA","Maricopa (County, 2022)"
"CVS Pharmacy 5891","3170 S Higley Rd","","Gilbert","AZ","85236","MARICOPA","Other","","","USDA","Maricopa (County, 2022)"
"CVS Pharmacy 5892","5050 W Baseline Rd","","Laveen","AZ","85041","MARICOPA","Other","","","USDA","Maricopa (County, 2022)"
"CVS Pharmacy 5950","855 E Elliot Rd","","Tempe","AZ","85284","MARICOPA","Other","","","USDA","Maricopa (County, 2022)"
"CVS Pharmacy 6718","5835 W Indian School Rd","","Phoenix","AZ","85031","MARICOPA","Other","","","USDA","Maricopa (County, 2022)"
"CVS Pharmacy 69","8332 W Thunderbird Rd","","Peoria","AZ","85381","MARICOPA","Other","","","USDA","Maricopa (County, 2022)"
"CVS Pharmacy 7","9901B W Thunderbird Blvd","","Sun City","AZ","85351","MARICOPA","Other","","","USDA","Maricopa (County, 2022)"
"CVS Pharmacy 7075","2995 E Chandler Heights Rd","","Chandler","AZ","85249","MARICOPA","Other","","","USDA","Maricopa (County, 2022)"
"CVS Pharmacy 7115","7530 W Cactus Rd","","Peoria","AZ","85381","MARICOPA","Other","","","USDA","Maricopa (County, 2022)"
"CVS Pharmacy 7116","1855 W Thunderbird Rd","","Phoenix","AZ","85023","MARICOPA","Other","","","USDA","Maricopa (County, 2022)"
"CVS Pharmacy 7262","18460 N 7th St","","Phoenix","AZ","85022","MARICOPA","Other","","","USDA","Maricopa (County, 2022)"
"CVS Pharmacy 7263","10707 W Camelback Rd","","Phoenix","AZ","85037","MARICOPA","Other","","","USDA","Maricopa (County, 2022)"
"CVS Pharmacy 7839","32331 N Scottsdale Rd","","Scottsdale","AZ","85262","MARICOPA","Other","","","USDA","Maricopa (County, 2022)"
"CVS Pharmacy 7845","7552 E Indian School Rd","","Scottsdale","AZ","85251","MARICOPA","Other","","","USDA","Maricopa (County, 2022)"
"CVS Pharmacy 7849","1015 E Ray Rd","","Chandler","AZ","85225","MARICOPA","Other","","","USDA","Maricopa (County, 2022)"
"CVS Pharmacy 7852","28138 N Tatum Blvd","","Cave Creek","AZ","85331","MARICOPA","Other","","","USDA","Maricopa (County, 2022)"
"CVS Pharmacy 7860","1615 E Baseline Rd","","Phoenix","AZ","85042","MARICOPA","Other","","","USDA","Maricopa (County, 2022)"
"CVS Pharmacy 7862","10160 Bell Rd East","","Scottsdale","AZ","85255","MARICOPA","Other","","","USDA","Maricopa (County, 2022)"
"CVS Pharmacy 8365","2428 S Val Vista Dr","","Gilbert","AZ","85296","MARICOPA","Other","","","USDA","Maricopa (County, 2022)"
"CVS Pharmacy 8366","1610 E Camelback Rd","","Phoenix","AZ","85016","MARICOPA","Other","","","USDA","Maricopa (County, 2022)"
"CVS Pharmacy 8914","50 W Jefferson St","","Phoenix","AZ","85003","MARICOPA","Other","","","USDA","Maricopa (County, 2022)"
"CVS Pharmacy 8952","24865 N Lake Pleasant Pkwy","","Peoria","AZ","85383","MARICOPA","Other","","","USDA","Maricopa (County, 2022)"
"CVS Pharmacy 8983","5125 W Olive Ave","","Glendale","AZ","85302","MARICOPA","Other","","","USDA","Maricopa (County, 2022)"
"CVS Pharmacy 9202","4742 E Indian School Rd","","Phoenix","AZ","85018","MARICOPA","Other","","","USDA","Maricopa (County, 2022)"
"CVS Pharmacy 9205","802 S Mill Ave","","Tempe","AZ","85281","MARICOPA","Other","","","USDA","Maricopa (County, 2022)"
"CVS Pharmacy 9210","10653 N Scottsdale Rd","","Scottsdale","AZ","85254","MARICOPA","Other","","","USDA","Maricopa (County, 2022)"
"CVS Pharmacy 9213","305 E Brown Rd","","Mesa","AZ","85201","MARICOPA","Other","","","USDA","Maricopa (County, 2022)"
"CVS Pharmacy 9217","10720 W Bell Rd","","Sun City","AZ","85351","MARICOPA","Other","","","USDA","Maricopa (County, 2022)"
"CVS Pharmacy 9218","1137 S Dobson Rd","#10","Mesa","AZ","85202","MARICOPA","Other","","","USDA","Maricopa (County, 2022)"
"CVS Pharmacy 9222","4275 W Thomas Rd","","Phoenix","AZ","85009","MARICOPA","Other","","","USDA","Maricopa (County, 2022)"
"CVS Pharmacy 9225","2406 E Thomas Rd","","Phoenix","AZ","85016","MARICOPA","Other","","","USDA","Maricopa (County, 2022)"
"CVS Pharmacy 9230","19602 N R H Johnson Blvd","","Sun City West","AZ","85375","MARICOPA","Other","","","USDA","Maricopa (County, 2022)"
"CVS Pharmacy 9237","9856 W Peoria Ave","","Peoria","AZ","85345","MARICOPA","Other","","","USDA","Maricopa (County, 2022)"
"CVS Pharmacy 9245","12409 N Tatum Blvd","","Phoenix","AZ","85032","MARICOPA","Other","","","USDA","Maricopa (County, 2022)"
"CVS Pharmacy 9252","14672 N Frank Lloyd Wright Blvd","","Scottsdale","AZ","85260","MARICOPA","Other","","","USDA","Maricopa (County, 2022)"
"CVS Pharmacy 9256","3560 W Peoria Ave","","Phoenix","AZ","85029","MARICOPA","Other","","","USDA","Maricopa (County, 2022)"
"CVS Pharmacy 9264","23215 N Pima Rd","","Scottsdale","AZ","85255","MARICOPA","Other","","","USDA","Maricopa (County, 2022)"
"CVS Pharmacy 9270","2033 W Wickenburg Way","","Wickenburg","AZ","85390","MARICOPA","Other","","","USDA","Maricopa (County, 2022)"
"CVS Pharmacy 9279","16545 E Palisades Blvd","","Fountain Hills","AZ","85268","MARICOPA","Other","","","USDA","Maricopa (County, 2022)"
"CVS Pharmacy 9283","180 N Dobson Rd","","Chandler","AZ","85224","MARICOPA","Other","","","USDA","Maricopa (County, 2022)"
"CVS Pharmacy 9290","4430 E Ray Rd","","Phoenix","AZ","85044","MARICOPA","Other","","","USDA","Maricopa (County, 2022)"
"CVS Pharmacy 9294","9172 W Union Hills Dr","","Peoria","AZ","85382","MARICOPA","Other","","","USDA","Maricopa (County, 2022)"
"CVS Pharmacy 9297","6002 N 7th St","","Phoenix","AZ","85014","MARICOPA","Other","","","USDA","Maricopa (County, 2022)"
"CVS Pharmacy 9306","19505 N Sunrise Blvd","","Surprise","AZ","85374","MARICOPA","Other","","","USDA","Maricopa (County, 2022)"
"CVS Pharmacy 9314","3440 W Glendale Ave","","Phoenix","AZ","85051","MARICOPA","Other","","","USDA","Maricopa (County, 2022)"
"CVS Pharmacy 9328","7901 E Thomas Rd","","Scottsdale","AZ","85251","MARICOPA","Other","","","USDA","Maricopa (County, 2022)"
"CVS Pharmacy 9339","21001 N Tatum Blvd","Ste 82","Phoenix","AZ","85050","MARICOPA","Other","","","USDA","Maricopa (County, 2022)"
"CVS Pharmacy 9340","3610 W Anthem Way","","Anthem","AZ","85086","MARICOPA","Other","","","USDA","Maricopa (County, 2022)"
"CVS Pharmacy 9347","1525 N Central Ave","","Phoenix","AZ","85004","MARICOPA","Other","","","USDA","Maricopa (County, 2022)"
"CVS Pharmacy CVS11478","3502 W Camelback Rd","","Phoenix","AZ","85019","MARICOPA","Other","","","USDA","Maricopa (County, 2022)"
"CVS/PHARMACY 10920","3933 E Camelback Rd","SUITE 220","Phoenix","AZ","85018","MARICOPA","Other","","","USDA","Maricopa (County, 2022)"
"Cactus International Mart","12450 N 35th Ave","Ste 1","Phoenix","AZ","85029","MARICOPA","Grocery Store","","","USDA","Maricopa (County, 2022)"
"Cal Inc 82556","20838 N 19th Ave","","Phoenix","AZ","85027","MARICOPA","Convenience Store","","","USDA","Maricopa (County, 2022)"
"Calitacos Restaurant","9820 W Lower Buckeye Rd","#103-104","Tolleson","AZ","85353","MARICOPA","Restaurant Meals Program","","","USDA","Maricopa (County, 2022)"
"Calitacos Restaurant 3","626 Monroe Ave","","Buckeye","AZ","85326","MARICOPA","Restaurant Meals Program","","","USDA","Maricopa (County, 2022)"
"CamelBack Market No","4805 N 27th Ave","","Phoenix","AZ","85017","MARICOPA","Convenience Store","","","USDA","Maricopa (County, 2022)"
"Campus Point Chevron","825 E Apache Blvd","","Tempe","AZ","85281","MARICOPA","Convenience Store","","","USDA","Maricopa (County, 2022)"
"Caribbean Oasis","2958 N 16th St","","Phoenix","AZ","85016","MARICOPA","Grocery Store","","","USDA","Maricopa (County, 2022)"
"Carioca Shell 3","16520 W Greenway Rd","","Surprise","AZ","85388","MARICOPA","Convenience Store","","","USDA","Maricopa (County, 2022)"
"Carioca Shell 305","15470 W Cactus Rd","","Surprise","AZ","85379","MARICOPA","Convenience Store","","","USDA","Maricopa (County, 2022)"
"Carioca Shell 368","6710 W Broadway Rd","","Phoenix","AZ","85043","MARICOPA","Convenience Store","","","USDA","Maricopa (County, 2022)"
"Carioca Shell 39","19491 N Canyon Springs Blvd","","Buckeye","AZ","85396","MARICOPA","Convenience Store","","","USDA","Maricopa (County, 2022)"
"Carioca Shell 4","15112 W Camelback Rd","","Litchfield Park","AZ","85340","MARICOPA","Convenience Store","","","USDA","Maricopa (County, 2022)"
"Carioca Shell 52","3906 W New River Rd","","New River","AZ","85087","MARICOPA","Convenience Store","","","USDA","Maricopa (County, 2022)"
"Carioca Shell 6","9170 S 51st Ave","","Laveen village","AZ","85339","MARICOPA","Convenience Store","","","USDA","Maricopa (County, 2022)"
"Carioca Shell 67","6675 W. Lower Buckeye Rd.","","Phoenix","AZ","85043","MARICOPA","Convenience Store","","","USDA","Maricopa (County, 2022)"
"Carioca Shell 78","3444 S 40th St","","Phoenix","AZ","85040","MARICOPA","Convenience Store","","","USDA","Maricopa (County, 2022)"
"Carioca Shell 88","8810 S Hardy Dr","","Tempe","AZ","85284","MARICOPA","Convenience Store","","","USDA","Maricopa (County, 2022)"
"Carioca Shell 99","34951 N Lake Pleasant Pkwy","","Peoria","AZ","85383","MARICOPA","Convenience Store","","","USDA","Maricopa (County, 2022)"
"Carl's Jr 1087","2343 E Bell Rd","","Phoenix","AZ","85022","MARICOPA","Restaurant Meals Program","","","USDA","Maricopa (County, 2022)"
"Carl's Jr. #1100828","1440 W Southern Ave","","Mesa","AZ","85202","MARICOPA","Restaurant Meals Program","","","USDA","Maricopa (County, 2022)"
"Carl's Jr. #1100829","1519 W baseline Rd","","Guadalupe","AZ","85283","MARICOPA","Restaurant Meals Program","","","USDA","Maricopa (County, 2022)"
"Carl's Jr. #1101482","1850 S Country Club Rd","","Mesa","AZ","85210","MARICOPA","Restaurant Meals Program","","","USDA","Maricopa (County, 2022)"
"Carl's Jr. #1102032","21064 E Ocotillo","","Queen Creek","AZ","85142","MARICOPA","Restaurant Meals Program","","","USDA","Maricopa (County, 2022)"
"Carl's Jr. #1103100","13025 W Camelback Rd","","Litchfield Park","AZ","85340","MARICOPA","Restaurant Meals Program","","","USDA","Maricopa (County, 2022)"
"Carl's Jr. #1537","5775 W. Northern Ave","","Glendale","AZ","85301","MARICOPA","Restaurant Meals Program","","","USDA","Maricopa (County, 2022)"
"Carl's Jr. 1101968","13335 W Grand Ave","","Surprise","AZ","85374","MARICOPA","Restaurant Meals Program","","","USDA","Maricopa (County, 2022)"
"Carl's Jr.# 1101078","3470 W Bell Rd","","Phoenix","AZ","85053","MARICOPA","Restaurant Meals Program","","","USDA","Maricopa (County, 2022)"
"Carniceria Agave LLC","3525 W Southern Ave","Ste 144","Phoenix","AZ","85041","MARICOPA","Convenience Store","","","USDA","Maricopa (County, 2022)"
"Carniceria Del Pacifico","2911 N 36th St","","Phoenix","AZ","85018","MARICOPA","Grocery Store","","","USDA","Maricopa (County, 2022)"
"Carniceria Del Rancho","7246 E Main St","Ste 1","Mesa","AZ","85207","MARICOPA","Grocery Store","","","USDA","Maricopa (County, 2022)"
"Carniceria El Bronco","6305 W McDowell Rd","Ste 5","Phoenix","AZ","85035","MARICOPA","Grocery Store","","","USDA","Maricopa (County, 2022)"
"Carniceria El Charro","810 N 91st Ave","","Tolleson","AZ","85353","MARICOPA","Supermarket","","","USDA","Maricopa (County, 2022)"
"Carniceria El Herradero LLC","492 W Ray Rd","","Chandler","AZ","85225","MARICOPA","Convenience Store","","","USDA","Maricopa (County, 2022)"
"Carniceria El Oaxaqueno","12005 NW Grand Ave","","El Mirage","AZ","85335","MARICOPA","Grocery Store","","","USDA","Maricopa (County, 2022)"
"Carniceria El Potrero","624 W Broadway Rd","Ste 205","Mesa","AZ","85210","MARICOPA","Grocery Store","","","USDA","Maricopa (County, 2022)"
"Carniceria El Potrero","731 S Arizona Ave","","Chandler","AZ","85225","MARICOPA","Grocery Store","","","USDA","Maricopa (County, 2022)"
"Carniceria El Rancho Grande Llc","4227 S Central Ave","","Phoenix","AZ","85040","MARICOPA","Supermarket","","","USDA","Maricopa (County, 2022)"
"Carniceria El Tapatio","4362 W Olive Ave","","Glendale","AZ","85302","MARICOPA","Grocery Store","","","USDA","Maricopa (County, 2022)"
"Carniceria Kino","9241 N 6th St","Ste 5","Phoenix","AZ","85020","MARICOPA","Convenience Store","","","USDA","Maricopa (County, 2022)"
"Carniceria La Constancia","1109 E Main St","Ste 103","Mesa","AZ","85203","MARICOPA","Grocery Store","","","USDA","Maricopa (County, 2022)"
"Carniceria La Hacienda","7215 W Indian School Rd","","Phoenix","AZ","85033","MARICOPA","Grocery Store","","","USDA","Maricopa (County, 2022)"
"Carniceria La Herradura","10720 W Indian School Rd","Ste 58","Phoenix","AZ","85037","MARICOPA","Grocery Store","","","USDA","Maricopa (County, 2022)"
"Carniceria La Tapatia Llc","517 W Western Ave","","Avondale","AZ","85323","MARICOPA","Grocery Store","","","USDA","Maricopa (County, 2022)"
"Carniceria Los Reyes","1603 N 16th St","","Phoenix","AZ","85006","MARICOPA","Grocery Store","","","USDA","Maricopa (County, 2022)"
"Carniceria Los Reyes 3 Llc 3","1925 W Camelback Rd","","Phoenix","AZ","85015","MARICOPA","Grocery Store","","","USDA","Maricopa (County, 2022)"
"Carniceria Los Vaqueros 1","6440 W Van Buren St","","Phoenix","AZ","85043","MARICOPA","Grocery Store","","","USDA","Maricopa (County, 2022)"
"Carniceria Mana","8240 W Lower Buckeye Rd","Ste 108","Phoenix","AZ","85043","MARICOPA","Grocery Store","","","USDA","Maricopa (County, 2022)"
"Carniceria Mexico LLC","4450 S 19th Ave","","Phoenix","AZ","85041","MARICOPA","Other","","","USDA","Maricopa (County, 2022)"
"Carniceria Mi Guadalajara","7355 W Indian School Rd","","Phoenix","AZ","85033","MARICOPA","Grocery Store","","","USDA","Maricopa (County, 2022)"
"Carniceria Mocsin Llc","12450 N 35th Ave","Suite 85","Phoenix","AZ","85029","MARICOPA","Convenience Store","","","USDA","Maricopa (County, 2022)"
"Carniceria Mr Muuu","8914 N 91st Ave","Ste 130","Peoria","AZ","85345","MARICOPA","Grocery Store","","","USDA","Maricopa (County, 2022)"
"Carniceria Mr. Muuu","1628 E Southern Ave","","Phoenix","AZ","85040","MARICOPA","Other","","","USDA","Maricopa (County, 2022)"
"Carniceria Novillo","1619 N 59th Ave","Ste 4","Phoenix","AZ","85035","MARICOPA","Supermarket","","","USDA","Maricopa (County, 2022)"
"Carniceria Ponderosa","2340 E Union Hills Dr","","Phoenix","AZ","85024","MARICOPA","Convenience Store","","","USDA","Maricopa (County, 2022)"
"Carniceria Ponderosa 2","3510 W Bell Rd","","Glendale","AZ","85308","MARICOPA","Grocery Store","","","USDA","Maricopa (County, 2022)"
"Carniceria Ponderosa 3","1909 W Thunderbird Rd","","Phoenix","AZ","85023","MARICOPA","Grocery Store","","","USDA","Maricopa (County, 2022)"
"Carniceria Rancho Alegre","4340 W Mcdowell Rd","Ste 2","Phoenix","AZ","85035","MARICOPA","Grocery Store","","","USDA","Maricopa (County, 2022)"
"Carniceria Sahuayo LLC","12465 NW Grand Ave","","El Mirage","AZ","85335","MARICOPA","Grocery Store","","","USDA","Maricopa (County, 2022)"
"Carniceria Sonora","3135 S 48th St","Ste 107","Tempe","AZ","85282","MARICOPA","Convenience Store","","","USDA","Maricopa (County, 2022)"
"Carniceria Tres Potrillos","1133 S 33rd Ave","","Phoenix","AZ","85009","MARICOPA","Grocery Store","","","USDA","Maricopa (County, 2022)"
"Carniceria Uruapan Llc","7011 N 55th Ave","","Glendale","AZ","85301","MARICOPA","Grocery Store","","","USDA","Maricopa (County, 2022)"
"Carniceria Y Panaderia La Estrella","819 E Broadway Rd","","Mesa","AZ","85204","MARICOPA","Grocery Store","","","USDA","Maricopa (County, 2022)"
"Carniceria Y Taqueria Sinaloa","1834 N 35th Ave","","Phoenix","AZ","85009","MARICOPA","Grocery Store","","","USDA","Maricopa (County, 2022)"
"Carniceria Y Taqueria Sinaloa #3 LLC","3650 W Camelback","#11 - #14","Phoenix","AZ","85019","MARICOPA","Grocery Store","","","USDA","Maricopa (County, 2022)"
"Carniceria Y Taqueria Sinaloa II","10953 W Buckeye Rd","","Cashion","AZ","85329","MARICOPA","Grocery Store","","","USDA","Maricopa (County, 2022)"
"Carniceria Zamora LLC","6256 N 43rd Ave Suite 1","","Glendale","AZ","85306","MARICOPA","Supermarket","","","USDA","Maricopa (County, 2022)"
"Caspian Food Market","17040 N Scottsdale Rd","Ste 108","Scottsdale","AZ","85255","MARICOPA","Grocery Store","","","USDA","Maricopa (County, 2022)"
"Cave Creek Mini Mart","17027 N Cave Creek Rd","","Phoenix","AZ","85032","MARICOPA","Convenience Store","","","USDA","Maricopa (County, 2022)"
"Cell Repair & Smoke-Vape Shop","4831 N 15th Ave","","Phoenix","AZ","85015","MARICOPA","Convenience Store","","","USDA","Maricopa (County, 2022)"
"Central Food Mart","8941 N Central Ave","","Phoenix","AZ","85020","MARICOPA","Convenience Store","","","USDA","Maricopa (County, 2022)"
"Central Orange Food Store","8843 N Central Ave","","Phoenix","AZ","85020","MARICOPA","Convenience Store","","","USDA","Maricopa (County, 2022)"
"Chandler Grocery LLC","1315 S Arizona Ave","","Chandler","AZ","85286","MARICOPA","Grocery Store","","","USDA","Maricopa (County, 2022)"
"Chandler Height AM PM 42722","5050 S Arizona Ave","","Chandler","AZ","85248","MARICOPA","Convenience Store","","","USDA","Maricopa (County, 2022)"
"Chavelas Water Ice-cream Burgers","5630 W Camelback Rd","Ste 120R","Glendale","AZ","85301","MARICOPA","Restaurant Meals Program","","","USDA","Maricopa (County, 2022)"
"Chavelas Water and Ice Cream Eatery","5630 W Camelback Rd  Unit #1","","Glendale","AZ","85301","MARICOPA","Restaurant Meals Program","","","USDA","Maricopa (County, 2022)"
"Chevron","3210 E Thomas Rd","","Phoenix","AZ","85018","MARICOPA","Convenience Store","","","USDA","Maricopa (County, 2022)"
"Chevron 355145","6705 W Bell Rd","","Glendale","AZ","85308","MARICOPA","Convenience Store","","","USDA","Maricopa (County, 2022)"
"Chevron Extramile","2309 E University Dr","","Tempe","AZ","85288","MARICOPA","Convenience Store","","","USDA","Maricopa (County, 2022)"
"Chevron Food Mart 211637","5060 W Bell Rd","Ste B","Glendale","AZ","85308","MARICOPA","Convenience Store","","","USDA","Maricopa (County, 2022)"
"Chevron Food Mart 96856","1901 W Bell Rd","","Phoenix","AZ","85023","MARICOPA","Convenience Store","","","USDA","Maricopa (County, 2022)"
"Chevron Gas","6930 E Thomas Rd","","Scottsdale","AZ","85251","MARICOPA","Convenience Store","","","USDA","Maricopa (County, 2022)"
"Churchs Chicken 7235","1840 West Peoria Ave.","","Phoenix","AZ","85029","MARICOPA","Restaurant Meals Program","","","USDA","Maricopa (County, 2022)"
"Cindy's Mini Market 1","12865 W Grand Ave","","Surprise","AZ","85374","MARICOPA","Convenience Store","","","USDA","Maricopa (County, 2022)"
"Circle K 2700014","1001 N 16th St","","Phoenix","AZ","85006","MARICOPA","Convenience Store","","","USDA","Maricopa (County, 2022)"
"Circle K 2700041","6002 NW Grand Ave","","Glendale","AZ","85301","MARICOPA","Convenience Store","","","USDA","Maricopa (County, 2022)"
"Circle K 2700052","8617 N 27th Ave","","Phoenix","AZ","85051","MARICOPA","Convenience Store","","","USDA","Maricopa (County, 2022)"
"Circle K 2700074","6322 N 12th St","","Phoenix","AZ","85014","MARICOPA","Convenience Store","","","USDA","Maricopa (County, 2022)"
"Circle K 2700079","3050 N 68th St","","Scottsdale","AZ","85251","MARICOPA","Convenience Store","","","USDA","Maricopa (County, 2022)"
"Circle K 2700085","1154 W 8th St","","Mesa","AZ","85201","MARICOPA","Convenience Store","","","USDA","Maricopa (County, 2022)"
"Circle K 2700103","801 S Country Club Dr","","Mesa","AZ","85210","MARICOPA","Convenience Store","","","USDA","Maricopa (County, 2022)"
"Circle K 2700114","614 W Roosevelt St","","Phoenix","AZ","85003","MARICOPA","Convenience Store","","","USDA","Maricopa (County, 2022)"
"Circle K 2700127","4440 N Miller Rd","","Scottsdale","AZ","85251","MARICOPA","Convenience Store","","","USDA","Maricopa (County, 2022)"
"Circle K 2700243","11125 W BUCKEYE","","CASHION","AZ","85329","MARICOPA","Convenience Store","","","USDA","Maricopa (County, 2022)"
"Circle K 2700248","6901 E Indian School Rd","","Scottsdale","AZ","85251","MARICOPA","Convenience Store","","","USDA","Maricopa (County, 2022)"
"Circle K 2700401","11 E McKellips Rd","","Mesa","AZ","85201","MARICOPA","Convenience Store","","","USDA","Maricopa (County, 2022)"
"Circle K 2700412","503 N Gilbert Rd","","Gilbert","AZ","85234","MARICOPA","Convenience Store","","","USDA","Maricopa (County, 2022)"
"Circle K 2700598","5050 W Thunderbird Rd","","Glendale","AZ","85306","MARICOPA","Convenience Store","","","USDA","Maricopa (County, 2022)"
"Circle K 2700693","5850 S 19th Ave","","Phoenix","AZ","85041","MARICOPA","Convenience Store","","","USDA","Maricopa (County, 2022)"
"Circle K 2700720","2359 E Beardsley Rd","","Phoenix","AZ","85024","MARICOPA","Convenience Store","","","USDA","Maricopa (County, 2022)"
"Circle K 2700787","939 W Baseline Rd","","Tempe","AZ","85283","MARICOPA","Convenience Store","","","USDA","Maricopa (County, 2022)"
"Circle K 2700820","307 E US Highway 85","","Buckeye","AZ","85326","MARICOPA","Convenience Store","","","USDA","Maricopa (County, 2022)"
"Circle K 2700822","3 E Main St","","Avondale","AZ","85323","MARICOPA","Convenience Store","","","USDA","Maricopa (County, 2022)"
"Circle K 2700849","9615 E University Dr","","Mesa","AZ","85207","MARICOPA","Convenience Store","","","USDA","Maricopa (County, 2022)"
"Circle K 2700905","498 S Arizona Ave","","Chandler","AZ","85225","MARICOPA","Convenience Store","","","USDA","Maricopa (County, 2022)"
"Circle K 2701054","18610 N 107th Ave","","Sun City","AZ","85373","MARICOPA","Convenience Store","","","USDA","Maricopa (County, 2022)"
"Circle K 2701065","9049 W Peoria Ave","","Peoria","AZ","85345","MARICOPA","Convenience Store","","","USDA","Maricopa (County, 2022)"
"Circle K 2701130","11450 W Southern Ave","","Tolleson","AZ","85353","MARICOPA","Convenience Store","","","USDA","Maricopa (County, 2022)"
"Circle K 2701149","1955 W University Dr","","Mesa","AZ","85201","MARICOPA","Convenience Store","","","USDA","Maricopa (County, 2022)"
"Circle K 2701184","12707 W Grand Ave","","Surprise","AZ","85374","MARICOPA","Convenience Store","","","USDA","Maricopa (County, 2022)"
"Circle K 2701198","721 N 195th Ave","","Buckeye","AZ","85326","MARICOPA","Convenience Store","","","USDA","Maricopa (County, 2022)"
"Circle K 2701200","2702 W Glendale Ave","","Phoenix","AZ","85051","MARICOPA","Convenience Store","","","USDA","Maricopa (County, 2022)"
"Circle K 2701202","2005 N BUSH HWY","","MESA","AZ","85205","MARICOPA","Convenience Store","","","USDA","Maricopa (County, 2022)"
"Circle K 2701216","3955 E Broadway Rd","","Phoenix","AZ","85040","MARICOPA","Convenience Store","","","USDA","Maricopa (County, 2022)"
"Circle K 2701225","12301 W Lower Buckeye Rd","","Avondale","AZ","85323","MARICOPA","Convenience Store","","","USDA","Maricopa (County, 2022)"
"Circle K 2701250","330 E Broadway Rd","","Mesa","AZ","85210","MARICOPA","Convenience Store","","","USDA","Maricopa (County, 2022)"
"Circle K 2701286","104 E Wickenburg Way","","Wickenburg","AZ","85390","MARICOPA","Convenience Store","","","USDA","Maricopa (County, 2022)"
"Circle K 2701343","1550 N Country Club Dr","","Mesa","AZ","85201","MARICOPA","Convenience Store","","","USDA","Maricopa (County, 2022)"
"Circle K 2701344","1002 N 32nd St","","Phoenix","AZ","85008","MARICOPA","Convenience Store","","","USDA","Maricopa (County, 2022)"
"Circle K 2701345","3101 W Northern Ave","","Phoenix","AZ","85051","MARICOPA","Convenience Store","","","USDA","Maricopa (County, 2022)"
"Circle K 2701346","1330 W University Dr","","Tempe","AZ","85281","MARICOPA","Convenience Store","","","USDA","Maricopa (County, 2022)"
"Circle K 2701347","4502 N 19th Ave","","Phoenix","AZ","85015","MARICOPA","Convenience Store","","","USDA","Maricopa (County, 2022)"
"Circle K 2701479","809 E Southern Ave","","Mesa","AZ","85204","MARICOPA","Convenience Store","","","USDA","Maricopa (County, 2022)"
"Circle K 2701502","1323 W Southern Ave","","Tempe","AZ","85282","MARICOPA","Convenience Store","","","USDA","Maricopa (County, 2022)"
"Circle K 2701503","905 E Guadalupe Rd","","Tempe","AZ","85283","MARICOPA","Convenience Store","","","USDA","Maricopa (County, 2022)"
"Circle K 2701541","701 E Bethany Home Rd","","Phoenix","AZ","85014","MARICOPA","Convenience Store","","","USDA","Maricopa (County, 2022)"
"Circle K 2701569","699 E Buckeye Rd","","Phoenix","AZ","85004","MARICOPA","Convenience Store","","","USDA","Maricopa (County, 2022)"
"Circle K 2701570","4401 S 7th Ave","","Phoenix","AZ","85041","MARICOPA","Convenience Store","","","USDA","Maricopa (County, 2022)"
"Circle K 2701572","904 W Broadway Rd","","Tempe","AZ","85282","MARICOPA","Convenience Store","","","USDA","Maricopa (County, 2022)"
"Circle K 2701574","2012 W Southern Ave","","Mesa","AZ","85202","MARICOPA","Convenience Store","","","USDA","Maricopa (County, 2022)"
"Circle K 2701584","2640 W Van Buren St","","Phoenix","AZ","85009","MARICOPA","Convenience Store","","","USDA","Maricopa (County, 2022)"
"Circle K 2701603","1501 W McDowell Rd","","Phoenix","AZ","85007","MARICOPA","Convenience Store","","","USDA","Maricopa (County, 2022)"
"Circle K 2701613","8001 E Thomas Rd","","Scottsdale","AZ","85251","MARICOPA","Convenience Store","","","USDA","Maricopa (County, 2022)"
"Circle K 2701618","6002 N 7th Ave","","Phoenix","AZ","85013","MARICOPA","Convenience Store","","","USDA","Maricopa (County, 2022)"
"Circle K 2701619","2401 E Indian School Rd","","Phoenix","AZ","85016","MARICOPA","Convenience Store","","","USDA","Maricopa (County, 2022)"
"Circle K 2701620","3554 E Indian School Rd","","Phoenix","AZ","85018","MARICOPA","Convenience Store","","","USDA","Maricopa (County, 2022)"
"Circle K 2701621","1406 W Broadway Rd","","Tempe","AZ","85282","MARICOPA","Convenience Store","","","USDA","Maricopa (County, 2022)"
"Circle K 2701622","3404 N 19th Ave","","Phoenix","AZ","85015","MARICOPA","Convenience Store","","","USDA","Maricopa (County, 2022)"
"Circle K 2701636","15 W Southern Ave","","Tempe","AZ","85282","MARICOPA","Convenience Store","","","USDA","Maricopa (County, 2022)"
"Circle K 2701637","2401 E SOUTHERN","","PHOENIX","AZ","85040","MARICOPA","Convenience Store","","","USDA","Maricopa (County, 2022)"
"Circle K 2701646","7510 W Peoria Ave","","Peoria","AZ","85345","MARICOPA","Convenience Store","","","USDA","Maricopa (County, 2022)"
"Circle K 2701662","4402 E Osborn Rd","","Phoenix","AZ","85018","MARICOPA","Convenience Store","","","USDA","Maricopa (County, 2022)"
"Circle K 2701667","2850 N 7th St","","Phoenix","AZ","85006","MARICOPA","Convenience Store","","","USDA","Maricopa (County, 2022)"
"Circle K 2701671","2815 E University Dr","","Mesa","AZ","85213","MARICOPA","Convenience Store","","","USDA","Maricopa (County, 2022)"
"Circle K 2701673","1910 W Deer Valley Rd","","Phoenix","AZ","85027","MARICOPA","Convenience Store","","","USDA","Maricopa (County, 2022)"
"Circle K 2701728","6744 E McDowell Rd","","Scottsdale","AZ","85257","MARICOPA","Convenience Store","","","USDA","Maricopa (County, 2022)"
"Circle K 2701739","7440 S 7th Ave","","Phoenix","AZ","85041","MARICOPA","Convenience Store","","","USDA","Maricopa (County, 2022)"
"Circle K 2701741","5141 N Central Ave","","Phoenix","AZ","85012","MARICOPA","Convenience Store","","","USDA","Maricopa (County, 2022)"
"Circle K 2701750","5049 W Peoria Ave","","Glendale","AZ","85302","MARICOPA","Convenience Store","","","USDA","Maricopa (County, 2022)"
"Circle K 2701752","4343 E Camelback Rd","","Phoenix","AZ","85018","MARICOPA","Convenience Store","","","USDA","Maricopa (County, 2022)"
"Circle K 2701781","1540 E Broadway Rd","","Phoenix","AZ","85040","MARICOPA","Convenience Store","","","USDA","Maricopa (County, 2022)"
"Circle K 2701785","7420 W Cactus Rd","","Peoria","AZ","85381","MARICOPA","Convenience Store","","","USDA","Maricopa (County, 2022)"
"Circle K 2701795","1732 W Van Buren St","","Phoenix","AZ","85007","MARICOPA","Convenience Store","","","USDA","Maricopa (County, 2022)"
"Circle K 2701797","7602 E McKellips Rd","","Scottsdale","AZ","85257","MARICOPA","Convenience Store","","","USDA","Maricopa (County, 2022)"
"Circle K 2701843","10 E Buckeye Rd","","Phoenix","AZ","85004","MARICOPA","Convenience Store","","","USDA","Maricopa (County, 2022)"
"Circle K 2701844","3508 W Baseline Rd","","Laveen","AZ","85339","MARICOPA","Convenience Store","","","USDA","Maricopa (County, 2022)"
"Circle K 2701850","630 E Broadway Rd","","Phoenix","AZ","85040","MARICOPA","Convenience Store","","","USDA","Maricopa (County, 2022)"
"Circle K 2701855","15400 N 7th St","","Phoenix","AZ","85022","MARICOPA","Convenience Store","","","USDA","Maricopa (County, 2022)"
"Circle K 2701859","702 W McDowell Rd","","Phoenix","AZ","85007","MARICOPA","Convenience Store","","","USDA","Maricopa (County, 2022)"
"Circle K 2701908","13843 W Glendale Ave","","Glendale","AZ","85307","MARICOPA","Convenience Store","","","USDA","Maricopa (County, 2022)"
"Circle K 2701918","3151 E Broadway Rd","","Phoenix","AZ","85040","MARICOPA","Convenience Store","","","USDA","Maricopa (County, 2022)"
"Circle K 2701921","3149 E Van Buren St","","Phoenix","AZ","85008","MARICOPA","Convenience Store","","","USDA","Maricopa (County, 2022)"
"Circle K 2701929","4808 E Bell Rd","","Scottsdale","AZ","85254","MARICOPA","Convenience Store","","","USDA","Maricopa (County, 2022)"
"Circle K 2701938","2439 W Union Hills Dr","","Phoenix","AZ","85027","MARICOPA","Convenience Store","","","USDA","Maricopa (County, 2022)"
"Circle K 2701950","9040 S Central Ave","","Phoenix","AZ","85042","MARICOPA","Convenience Store","","","USDA","Maricopa (County, 2022)"
"Circle K 2701954","5907 W Bethany Home Rd","","Glendale","AZ","85301","MARICOPA","Convenience Store","","","USDA","Maricopa (County, 2022)"
"Circle K 2701967","5902 W Bell Rd","","Glendale","AZ","85308","MARICOPA","Convenience Store","","","USDA","Maricopa (County, 2022)"
"Circle K 2701968","4305 S 19th Ave","","Phoenix","AZ","85041","MARICOPA","Convenience Store","","","USDA","Maricopa (County, 2022)"
"Circle K 2701974","2400 E McDowell Rd","","Phoenix","AZ","85008","MARICOPA","Convenience Store","","","USDA","Maricopa (County, 2022)"
"Circle K 2701994","310 N Mesa Dr","","Mesa","AZ","85201","MARICOPA","Convenience Store","","","USDA","Maricopa (County, 2022)"
"Circle K 2701996","3550 E Main St","","Mesa","AZ","85213","MARICOPA","Convenience Store","","","USDA","Maricopa (County, 2022)"
"Circle K 2701998","1834 W Grant St","","Phoenix","AZ","85007","MARICOPA","Convenience Store","","","USDA","Maricopa (County, 2022)"
"Circle K 2702817","2120 N 35th Ave","","Phoenix","AZ","85009","MARICOPA","Convenience Store","","","USDA","Maricopa (County, 2022)"
"Circle K 2702835","3402 N 35th Ave","","Phoenix","AZ","85017","MARICOPA","Convenience Store","","","USDA","Maricopa (County, 2022)"
"Circle K 2702854","1262 W Chandler Blvd","","Chandler","AZ","85224","MARICOPA","Convenience Store","","","USDA","Maricopa (County, 2022)"
"Circle K 2702860","5150 E Van Buren St","","Phoenix","AZ","85008","MARICOPA","Convenience Store","","","USDA","Maricopa (County, 2022)"
"Circle K 2702872","602 N 1st Ave","","Phoenix","AZ","85003","MARICOPA","Convenience Store","","","USDA","Maricopa (County, 2022)"
"Circle K 2702873","3930 E Southern Ave","","Phoenix","AZ","85040","MARICOPA","Convenience Store","","","USDA","Maricopa (County, 2022)"
"Circle K 2702875","9002 N 47th Ave","","Glendale","AZ","85302","MARICOPA","Convenience Store","","","USDA","Maricopa (County, 2022)"
"Circle K 2702885","3618 W Buckeye Rd","","Phoenix","AZ","85009","MARICOPA","Convenience Store","","","USDA","Maricopa (County, 2022)"
"Circle K 2702889","1342 W Thomas Rd","","Phoenix","AZ","85013","MARICOPA","Convenience Store","","","USDA","Maricopa (County, 2022)"
"Circle K 2702890","3543 E Oak St","","Phoenix","AZ","85008","MARICOPA","Convenience Store","","","USDA","Maricopa (County, 2022)"
"Circle K 2702891","5146 E McDowell Rd","","Phoenix","AZ","85008","MARICOPA","Convenience Store","","","USDA","Maricopa (County, 2022)"
"Circle K 2702893","51 E Van Buren St","","Avondale","AZ","85323","MARICOPA","Convenience Store","","","USDA","Maricopa (County, 2022)"
"Circle K 2703365","1959 S Greenfield Rd","","Mesa","AZ","85206","MARICOPA","Convenience Store","","","USDA","Maricopa (County, 2022)"
"Circle K 2703366","1564 E Ray Rd","","Gilbert","AZ","85296","MARICOPA","Convenience Store","","","USDA","Maricopa (County, 2022)"
"Circle K 2703367","8327 W Thunderbird Rd","","Peoria","AZ","85381","MARICOPA","Convenience Store","","","USDA","Maricopa (County, 2022)"
"Circle K 2703372","3077 S Val Vista Dr","","Gilbert","AZ","85295","MARICOPA","Convenience Store","","","USDA","Maricopa (County, 2022)"
"Circle K 2703373","888 S Higley Rd","","Gilbert","AZ","85296","MARICOPA","Convenience Store","","","USDA","Maricopa (County, 2022)"
"Circle K 2703377","3010 S Gilbert Rd","","Chandler","AZ","85286","MARICOPA","Convenience Store","","","USDA","Maricopa (County, 2022)"
"Circle K 2703378","5880 W Camelback Rd","","Glendale","AZ","85301","MARICOPA","Convenience Store","","","USDA","Maricopa (County, 2022)"
"Circle K 2703379","507 W Broadway Rd","","Tempe","AZ","85282","MARICOPA","Convenience Store","","","USDA","Maricopa (County, 2022)"
"Circle K 2703381","1202 N Power Rd","","Mesa","AZ","85205","MARICOPA","Convenience Store","","","USDA","Maricopa (County, 2022)"
"Circle K 2703383","7260 S Power Rd","","Gilbert","AZ","85297","MARICOPA","Convenience Store","","","USDA","Maricopa (County, 2022)"
"Circle K 2703392","8277 W Olive Ave","","Peoria","AZ","85345","MARICOPA","Convenience Store","","","USDA","Maricopa (County, 2022)"
"Circle K 2703393","301 N 43rd Ave","","Phoenix","AZ","85009","MARICOPA","Convenience Store","","","USDA","Maricopa (County, 2022)"
"Circle K 2703395","16247 W Bell Rd","","Surprise","AZ","85374","MARICOPA","Convenience Store","","","USDA","Maricopa (County, 2022)"
"Circle K 2703396","3011 E Bell Rd","","Phoenix","AZ","85032","MARICOPA","Convenience Store","","","USDA","Maricopa (County, 2022)"
"Circle K 2703397","537 W Watson Rd","","Buckeye","AZ","85326","MARICOPA","Convenience Store","","","USDA","Maricopa (County, 2022)"
"Circle K 2703398","5240 S Rural Rd","","Tempe","AZ","85283","MARICOPA","Convenience Store","","","USDA","Maricopa (County, 2022)"
"Circle K 2703399","1122 E Indian School Rd","","Phoenix","AZ","85014","MARICOPA","Convenience Store","","","USDA","Maricopa (County, 2022)"
"Circle K 2703403","1850 W Happy Valley Rd","","Phoenix","AZ","85085","MARICOPA","Convenience Store","","","USDA","Maricopa (County, 2022)"
"Circle K 2703405","2120 W Northern Ave","","Phoenix","AZ","85021","MARICOPA","Convenience Store","","","USDA","Maricopa (County, 2022)"
"Circle K 2703419","5202 E Baseline Rd","","Gilbert","AZ","85234","MARICOPA","Convenience Store","","","USDA","Maricopa (County, 2022)"
"Circle K 2703425","3950 E Baseline Rd","","Phoenix","AZ","85042","MARICOPA","Convenience Store","","","USDA","Maricopa (County, 2022)"
"Circle K 2703441","4303 W Glendale Ave","","Glendale","AZ","85301","MARICOPA","Convenience Store","","","USDA","Maricopa (County, 2022)"
"Circle K 2703445","2990 N Arizona Ave","","Chandler","AZ","85225","MARICOPA","Convenience Store","","","USDA","Maricopa (County, 2022)"
"Circle K 2703447","975 N 7th St","","Phoenix","AZ","85006","MARICOPA","Convenience Store","","","USDA","Maricopa (County, 2022)"
"Circle K 2703448","5155 W Olive Ave","","Glendale","AZ","85302","MARICOPA","Convenience Store","","","USDA","Maricopa (County, 2022)"
"Circle K 2703459","2650 W Camelback Rd","","Phoenix","AZ","85017","MARICOPA","Convenience Store","","","USDA","Maricopa (County, 2022)"
"Circle K 2703461","2840 N 75th Ave","","Phoenix","AZ","85035","MARICOPA","Convenience Store","","","USDA","Maricopa (County, 2022)"
"Circle K 2703462","3155 S Gilbert Rd","","Gilbert","AZ","85295","MARICOPA","Convenience Store","","","USDA","Maricopa (County, 2022)"
"Circle K 2703463","9228 E Guadalupe Rd","","Mesa","AZ","85212","MARICOPA","Convenience Store","","","USDA","Maricopa (County, 2022)"
"Circle K 2703476","415 N Stapley Dr","","Mesa","AZ","85203","MARICOPA","Convenience Store","","","USDA","Maricopa (County, 2022)"
"Circle K 2703477","13051 W Glendale Ave","","Glendale","AZ","85307","MARICOPA","Convenience Store","","","USDA","Maricopa (County, 2022)"
"Circle K 2703478","6761 E Baseline Rd","","Gilbert","AZ","85236","MARICOPA","Convenience Store","","","USDA","Maricopa (County, 2022)"
"Circle K 2703479","710 W Pima St","","Gila Bend","AZ","85337","MARICOPA","Convenience Store","","","USDA","Maricopa (County, 2022)"
"Circle K 2703480","4810 E Warner Rd","","Phoenix","AZ","85044","MARICOPA","Convenience Store","","","USDA","Maricopa (County, 2022)"
"Circle K 2703481","675 W Union Hills Dr","","Phoenix","AZ","85027","MARICOPA","Convenience Store","","","USDA","Maricopa (County, 2022)"
"Circle K 2703487","1875 W Greenway Rd","","Phoenix","AZ","85023","MARICOPA","Convenience Store","","","USDA","Maricopa (County, 2022)"
"Circle K 2703490","3033 S McQueen Rd","","Chandler","AZ","85256","MARICOPA","Convenience Store","","","USDA","Maricopa (County, 2022)"
"Circle K 2703734","3443 W Dunlap Ave","","Phoenix","AZ","85051","MARICOPA","Convenience Store","","","USDA","Maricopa (County, 2022)"
"Circle K 2703735","4301 W Cactus Rd","","Glendale","AZ","85304","MARICOPA","Convenience Store","","","USDA","Maricopa (County, 2022)"
"Circle K 2703740","8955 N 19th Ave","","Phoenix","AZ","85021","MARICOPA","Convenience Store","","","USDA","Maricopa (County, 2022)"
"Circle K 2703743","5350 N 27th Ave","","Phoenix","AZ","85017","MARICOPA","Convenience Store","","","USDA","Maricopa (County, 2022)"
"Circle K 2703744","630 E Missouri Ave","","Phoenix","AZ","85012","MARICOPA","Convenience Store","","","USDA","Maricopa (County, 2022)"
"Circle K 2703745","3410 N Hayden Rd","","Scottsdale","AZ","85251","MARICOPA","Convenience Store","","","USDA","Maricopa (County, 2022)"
"Circle K 2703746","12201 N Cave Creek Rd","","Phoenix","AZ","85022","MARICOPA","Convenience Store","","","USDA","Maricopa (County, 2022)"
"Circle K 2703747","2730 N Scottsdale Rd","","Tempe","AZ","85281","MARICOPA","Convenience Store","","","USDA","Maricopa (County, 2022)"
"Circle K 2704272","3502 W Union Hills Dr","","Glendale","AZ","85308","MARICOPA","Convenience Store","","","USDA","Maricopa (County, 2022)"
"Circle K 2705023","1523 E McDowell Rd","","Phoenix","AZ","85006","MARICOPA","Convenience Store","","","USDA","Maricopa (County, 2022)"
"Circle K 2705027","7140 E Shea Blvd","","Scottsdale","AZ","85254","MARICOPA","Convenience Store","","","USDA","Maricopa (County, 2022)"
"Circle K 2705030","9618 Saguaro Blvd","","Fountain Hills","AZ","85268","MARICOPA","Convenience Store","","","USDA","Maricopa (County, 2022)"
"Circle K 2705032","6950 W Chandler Blvd","","Chandler","AZ","85226","MARICOPA","Convenience Store","","","USDA","Maricopa (County, 2022)"
"Circle K 2705069","4301 W Thomas Rd","","Phoenix","AZ","85031","MARICOPA","Convenience Store","","","USDA","Maricopa (County, 2022)"
"Circle K 2705189","298 N 83rd Ave","","Tolleson","AZ","85353","MARICOPA","Convenience Store","","","USDA","Maricopa (County, 2022)"
"Circle K 2705194","12042 N 32nd St","","Phoenix","AZ","85028","MARICOPA","Convenience Store","","","USDA","Maricopa (County, 2022)"
"Circle K 2705281","6802 E Cave Creek Rd","","Cave Creek","AZ","85331","MARICOPA","Convenience Store","","","USDA","Maricopa (County, 2022)"
"Circle K 2705282","5060 E Warner Rd","","Phoenix","AZ","85044","MARICOPA","Convenience Store","","","USDA","Maricopa (County, 2022)"
"Circle K 2705283","3201 E Chandler Blvd","","Phoenix","AZ","85048","MARICOPA","Convenience Store","","","USDA","Maricopa (County, 2022)"
"Circle K 2705284","410 N Center St","","Mesa","AZ","85201","MARICOPA","Convenience Store","","","USDA","Maricopa (County, 2022)"
"Circle K 2705285","23447 S Power Rd","","Queen Creek","AZ","85142","MARICOPA","Convenience Store","","","USDA","Maricopa (County, 2022)"
"Circle K 2705286","751 N Arizona Ave","","Gilbert","AZ","85233","MARICOPA","Convenience Store","","","USDA","Maricopa (County, 2022)"
"Circle K 2705287","3801 E ELLIOTT RD","","PHOENIX","AZ","85044","MARICOPA","Convenience Store","","","USDA","Maricopa (County, 2022)"
"Circle K 2705290","1501 W Warner Rd","","Tempe","AZ","85284","MARICOPA","Convenience Store","","","USDA","Maricopa (County, 2022)"
"Circle K 2705291","18649 S Arizona Ave","","Chandler","AZ","85286","MARICOPA","Convenience Store","","","USDA","Maricopa (County, 2022)"
"Circle K 2705292","750 E Warner Rd","","Gilbert","AZ","85296","MARICOPA","Convenience Store","","","USDA","Maricopa (County, 2022)"
"Circle K 2705293","16802 E WILLIAMS FIELD RD","","HIGLEY","AZ","85236","MARICOPA","Convenience Store","","","USDA","Maricopa (County, 2022)"
"Circle K 2705294","755 W Warner Rd","","Gilbert","AZ","85233","MARICOPA","Convenience Store","","","USDA","Maricopa (County, 2022)"
"Circle K 2705295","29816 N Tatum Blvd","","Cave Creek","AZ","85331","MARICOPA","Convenience Store","","","USDA","Maricopa (County, 2022)"
"Circle K 2705296","13880 N Frank Lloyd Wright Blvd","","Scottsdale","AZ","85260","MARICOPA","Convenience Store","","","USDA","Maricopa (County, 2022)"
"Circle K 2705298","1250 E Chandler Blvd","","Phoenix","AZ","85048","MARICOPA","Convenience Store","","","USDA","Maricopa (County, 2022)"
"Circle K 2705300","7530 S Priest Dr","","Tempe","AZ","85283","MARICOPA","Convenience Store","","","USDA","Maricopa (County, 2022)"
"Circle K 2705301","6015 S Arizona Ave","","Chandler","AZ","85248","MARICOPA","Convenience Store","","","USDA","Maricopa (County, 2022)"
"Circle K 2705302","6969 W Ray Rd","","Chandler","AZ","85226","MARICOPA","Convenience Store","","","USDA","Maricopa (County, 2022)"
"Circle K 2705303","26290 N Tatum Blvd","","Phoenix","AZ","85050","MARICOPA","Convenience Store","","","USDA","Maricopa (County, 2022)"
"Circle K 2705307","3589 E Baseline Rd","","Gilbert","AZ","85234","MARICOPA","Convenience Store","","","USDA","Maricopa (County, 2022)"
"Circle K 2705308","3435 W Deer Valley Rd","","Phoenix","AZ","85027","MARICOPA","Convenience Store","","","USDA","Maricopa (County, 2022)"
"Circle K 2705316","1189 E Baseline Rd","","Gilbert","AZ","85233","MARICOPA","Convenience Store","","","USDA","Maricopa (County, 2022)"
"Circle K 2705320","4420 E Southern Ave","","Mesa","AZ","85206","MARICOPA","Convenience Store","","","USDA","Maricopa (County, 2022)"
"Circle K 2705322","24838 N 35th Ave","","Phoenix","AZ","85027","MARICOPA","Convenience Store","","","USDA","Maricopa (County, 2022)"
"Circle K 2705325","20202 N 7th Ave","","Phoenix","AZ","85027","MARICOPA","Convenience Store","","","USDA","Maricopa (County, 2022)"
"Circle K 2705400","7351 W Chandler Blvd","","Chandler","AZ","85226","MARICOPA","Convenience Store","","","USDA","Maricopa (County, 2022)"
"Circle K 2705401","417 S Dobson Rd","","Mesa","AZ","85202","MARICOPA","Convenience Store","","","USDA","Maricopa (County, 2022)"
"Circle K 2705405","2515 W Glendale Ave","","Phoenix","AZ","85051","MARICOPA","Convenience Store","","","USDA","Maricopa (County, 2022)"
"Circle K 2705407","4259 W McDowell Rd","","Phoenix","AZ","85009","MARICOPA","Convenience Store","","","USDA","Maricopa (County, 2022)"
"Circle K 2705408","4403 E Van Buren St","","Phoenix","AZ","85008","MARICOPA","Convenience Store","","","USDA","Maricopa (County, 2022)"
"Circle K 2705409","8249 W Indian School Rd","","Phoenix","AZ","85033","MARICOPA","Convenience Store","","","USDA","Maricopa (County, 2022)"
"Circle K 2705410","8890 E Shea Blvd","","Scottsdale","AZ","85260","MARICOPA","Convenience Store","","","USDA","Maricopa (County, 2022)"
"Circle K 2705544","8326 W Union Hills Dr","","Peoria","AZ","85382","MARICOPA","Convenience Store","","","USDA","Maricopa (County, 2022)"
"Circle K 2705545","18422 N Tatum Blvd","","Phoenix","AZ","85032","MARICOPA","Convenience Store","","","USDA","Maricopa (County, 2022)"
"Circle K 2705547","625 W Bell Rd","","Phoenix","AZ","85023","MARICOPA","Convenience Store","","","USDA","Maricopa (County, 2022)"
"Circle K 2705549","4939 E Ray Rd","","Phoenix","AZ","85044","MARICOPA","Convenience Store","","","USDA","Maricopa (County, 2022)"
"Circle K 2705573","8319 W Bell Rd","","Peoria","AZ","85382","MARICOPA","Convenience Store","","","USDA","Maricopa (County, 2022)"
"Circle K 2705576","24831 N 67th Ave","","Glendale","AZ","85310","MARICOPA","Convenience Store","","","USDA","Maricopa (County, 2022)"
"Circle K 2705578","9875 W Camelback Rd","","Phoenix","AZ","85037","MARICOPA","Convenience Store","","","USDA","Maricopa (County, 2022)"
"Circle K 2705598","6210 E Cave Creek Rd","","Cave Creek","AZ","85331","MARICOPA","Convenience Store","","","USDA","Maricopa (County, 2022)"
"Circle K 2705766","6972 N 83rd Ave","","Glendale","AZ","85303","MARICOPA","Convenience Store","","","USDA","Maricopa (County, 2022)"
"Circle K 2705795","6710 W Buckeye Rd","","Phoenix","AZ","85043","MARICOPA","Convenience Store","","","USDA","Maricopa (County, 2022)"
"Circle K 2705914","8325 W Deer Valley Rd","","Peoria","AZ","85382","MARICOPA","Convenience Store","","","USDA","Maricopa (County, 2022)"
"Circle K 2705915","20721 N Scottsdale Rd","","Scottsdale","AZ","85255","MARICOPA","Convenience Store","","","USDA","Maricopa (County, 2022)"
"Circle K 2705954","4815 E Carefree Hwy","","Cave Creek","AZ","85331","MARICOPA","Convenience Store","","","USDA","Maricopa (County, 2022)"
"Circle K 2705973","1405 N Alma School Rd","","Chandler","AZ","85224","MARICOPA","Convenience Store","","","USDA","Maricopa (County, 2022)"
"Circle K 2706285","11339 W Bell Rd","","Surprise","AZ","85378","MARICOPA","Convenience Store","","","USDA","Maricopa (County, 2022)"
"Circle K 2706287","4425 E Main St","","Mesa","AZ","85205","MARICOPA","Convenience Store","","","USDA","Maricopa (County, 2022)"
"Circle K 2706346","1810 S Country Club Dr","","Mesa","AZ","85210","MARICOPA","Convenience Store","","","USDA","Maricopa (County, 2022)"
"Circle K 2706347","8202 E McDowell Rd","","Scottsdale","AZ","85257","MARICOPA","Convenience Store","","","USDA","Maricopa (County, 2022)"
"Circle K 2706348","995 W Elliot Rd","","Tempe","AZ","85284","MARICOPA","Convenience Store","","","USDA","Maricopa (County, 2022)"
"Circle K 2706355","33 S Val Vista Dr","","Gilbert","AZ","85296","MARICOPA","Convenience Store","","","USDA","Maricopa (County, 2022)"
"Circle K 2706356","1203 E Southern Ave","","Mesa","AZ","85204","MARICOPA","Convenience Store","","","USDA","Maricopa (County, 2022)"
"Circle K 2706357","1850 S Stapley Dr","","Mesa","AZ","85204","MARICOPA","Convenience Store","","","USDA","Maricopa (County, 2022)"
"Circle K 2706358","8248 W Thomas Rd","","Phoenix","AZ","85033","MARICOPA","Convenience Store","","","USDA","Maricopa (County, 2022)"
"Circle K 2706359","309 E Osborn Rd","","Phoenix","AZ","85012","MARICOPA","Convenience Store","","","USDA","Maricopa (County, 2022)"
"Circle K 2706360","4410 E Ray Rd","","Phoenix","AZ","85044","MARICOPA","Convenience Store","","","USDA","Maricopa (County, 2022)"
"Circle K 2706361","2760 E Baseline Rd","","Mesa","AZ","85204","MARICOPA","Convenience Store","","","USDA","Maricopa (County, 2022)"
"Circle K 2706362","4950 E Chandler Blvd","","Phoenix","AZ","85048","MARICOPA","Convenience Store","","","USDA","Maricopa (County, 2022)"
"Circle K 2706458","1609 N 91st Ave","","Phoenix","AZ","85037","MARICOPA","Convenience Store","","","USDA","Maricopa (County, 2022)"
"Circle K 2706459","1557 S Val Vista Dr","","Mesa","AZ","85204","MARICOPA","Convenience Store","","","USDA","Maricopa (County, 2022)"
"Circle K 2706460","2174 E University Dr","","Tempe","AZ","85281","MARICOPA","Convenience Store","","","USDA","Maricopa (County, 2022)"
"Circle K 2706461","2808 S Dobson Rd","","Mesa","AZ","85202","MARICOPA","Convenience Store","","","USDA","Maricopa (County, 2022)"
"Circle K 2706468","9476 W Olive Ave","","Peoria","AZ","85345","MARICOPA","Convenience Store","","","USDA","Maricopa (County, 2022)"
"Circle K 2706640","620 E Carefree Hwy","","Phoenix","AZ","85085","MARICOPA","Convenience Store","","","USDA","Maricopa (County, 2022)"
"Circle K 2706641","4353 S Power Rd","","Mesa","AZ","85212","MARICOPA","Convenience Store","","","USDA","Maricopa (County, 2022)"
"Circle K 2706642","4252 S Crismon Rd","","Mesa","AZ","85208","MARICOPA","Convenience Store","","","USDA","Maricopa (County, 2022)"
"Circle K 2706643","19830 N 7th St","","Phoenix","AZ","85024","MARICOPA","Convenience Store","","","USDA","Maricopa (County, 2022)"
"Circle K 2706644","1850 W Union Hills Dr","","Phoenix","AZ","85027","MARICOPA","Convenience Store","","","USDA","Maricopa (County, 2022)"
"Circle K 2706645","1595 N Dysart Rd","","Avondale","AZ","85392","MARICOPA","Convenience Store","","","USDA","Maricopa (County, 2022)"
"Circle K 2706646","1619 W Baseline Rd","","Guadalupe","AZ","85283","MARICOPA","Convenience Store","","","USDA","Maricopa (County, 2022)"
"Circle K 2706647","3449 W Greenway Rd","","Phoenix","AZ","85053","MARICOPA","Convenience Store","","","USDA","Maricopa (County, 2022)"
"Circle K 2706648","2311 W Deer Valley Rd","","Phoenix","AZ","85027","MARICOPA","Convenience Store","","","USDA","Maricopa (County, 2022)"
"Circle K 2706649","1953 E Southern Ave","","Mesa","AZ","85204","MARICOPA","Convenience Store","","","USDA","Maricopa (County, 2022)"
"Circle K 2706651","1010 E Chandler Blvd","","Chandler","AZ","85225","MARICOPA","Convenience Store","","","USDA","Maricopa (County, 2022)"
"Circle K 2706654","15412 N 32nd St","","Phoenix","AZ","85032","MARICOPA","Convenience Store","","","USDA","Maricopa (County, 2022)"
"Circle K 2706655","20207 N 59th Ave","","Glendale","AZ","85308","MARICOPA","Convenience Store","","","USDA","Maricopa (County, 2022)"
"Circle K 2706656","10989 E Dynamite Blvd","Ste 101","Scottsdale","AZ","85262","MARICOPA","Convenience Store","","","USDA","Maricopa (County, 2022)"
"Circle K 2706656","2011 E McKellips Rd","","Mesa","AZ","85213","MARICOPA","Convenience Store","","","USDA","Maricopa (County, 2022)"
"Circle K 2706657","5848 W Olive Ave","","Glendale","AZ","85302","MARICOPA","Convenience Store","","","USDA","Maricopa (County, 2022)"
"Circle K 2706658","5881 W Cactus Rd","","Glendale","AZ","85304","MARICOPA","Convenience Store","","","USDA","Maricopa (County, 2022)"
"Circle K 2706659","6937 N 75th Ave","","Glendale","AZ","85303","MARICOPA","Convenience Store","","","USDA","Maricopa (County, 2022)"
"Circle K 2706660","2005 W Broadway Rd","","Mesa","AZ","85202","MARICOPA","Convenience Store","","","USDA","Maricopa (County, 2022)"
"Circle K 2706661","7546 E Baseline Rd","","Mesa","AZ","85209","MARICOPA","Convenience Store","","","USDA","Maricopa (County, 2022)"
"Circle K 2706662","1146 N 35th Ave","","Phoenix","AZ","85009","MARICOPA","Convenience Store","","","USDA","Maricopa (County, 2022)"
"Circle K 2706663","6349 S McClintock Dr","","Tempe","AZ","85283","MARICOPA","Convenience Store","","","USDA","Maricopa (County, 2022)"
"Circle K 2706664","17125 E Shea Blvd","","Fountain Hills","AZ","85268","MARICOPA","Convenience Store","","","USDA","Maricopa (County, 2022)"
"Circle K 2706671","39414 N Daisy Mountain Dr","","Phoenix","AZ","85086","MARICOPA","Convenience Store","","","USDA","Maricopa (County, 2022)"
"Circle K 2706672","23336 N Lake Pleasant Rd","","Peoria","AZ","85383","MARICOPA","Convenience Store","","","USDA","Maricopa (County, 2022)"
"Circle K 2708512","6005 E McKellips Rd","","Mesa","AZ","85215","MARICOPA","Convenience Store","","","USDA","Maricopa (County, 2022)"
"Circle K 2708518","1901 W Cactus Rd","","Phoenix","AZ","85029","MARICOPA","Convenience Store","","","USDA","Maricopa (County, 2022)"
"Circle K 2708553","1605 E Bell Rd","","Phoenix","AZ","85022","MARICOPA","Convenience Store","","","USDA","Maricopa (County, 2022)"
"Circle K 2708555","4005 E Union Hills Dr","","Phoenix","AZ","85050","MARICOPA","Convenience Store","","","USDA","Maricopa (County, 2022)"
"Circle K 2708556","2702 W Deer Valley Rd","","Phoenix","AZ","85027","MARICOPA","Convenience Store","","","USDA","Maricopa (County, 2022)"
"Circle K 2708557","8001 E McDowell Rd","","Scottsdale","AZ","85257","MARICOPA","Convenience Store","","","USDA","Maricopa (County, 2022)"
"Circle K 2708558","8303 W McDowell Rd","","Tolleson","AZ","85353","MARICOPA","Convenience Store","","","USDA","Maricopa (County, 2022)"
"Circle K 2708591","505 W Guadalupe Rd","","Tempe","AZ","85283","MARICOPA","Convenience Store","","","USDA","Maricopa (County, 2022)"
"Circle K 2708592","2196 E Apache Blvd","","Tempe","AZ","85281","MARICOPA","Convenience Store","","","USDA","Maricopa (County, 2022)"
"Circle K 2708593","21895 S Ellsworth Rd","","Queen Creek","AZ","85142","MARICOPA","Convenience Store","","","USDA","Maricopa (County, 2022)"
"Circle K 2708596","1602 E Washington St","","Phoenix","AZ","85034","MARICOPA","Convenience Store","","","USDA","Maricopa (County, 2022)"
"Circle K 2708597","4849 N 83rd Ave","","Phoenix","AZ","85033","MARICOPA","Convenience Store","","","USDA","Maricopa (County, 2022)"
"Circle K 2708598","15410 N 40th St","","Phoenix","AZ","85032","MARICOPA","Convenience Store","","","USDA","Maricopa (County, 2022)"
"Circle K 2708599","1601 N 67th Ave","","Phoenix","AZ","85035","MARICOPA","Convenience Store","","","USDA","Maricopa (County, 2022)"
"Circle K 2708600","13802 N 40th St","","Phoenix","AZ","85032","MARICOPA","Convenience Store","","","USDA","Maricopa (County, 2022)"
"Circle K 2708651","5849 N 35th Ave","","Phoenix","AZ","85017","MARICOPA","Convenience Store","","","USDA","Maricopa (County, 2022)"
"Circle K 2708652","1502 W Indian School Rd","","Phoenix","AZ","85015","MARICOPA","Convenience Store","","","USDA","Maricopa (County, 2022)"
"Circle K 2708689","2708 W Buckeye Rd","","Phoenix","AZ","85009","MARICOPA","Convenience Store","","","USDA","Maricopa (County, 2022)"
"Circle K 2708692","2524 W Thunderbird Rd","","Phoenix","AZ","85023","MARICOPA","Convenience Store","","","USDA","Maricopa (County, 2022)"
"Circle K 2708696","7424 W McDowell Rd","","Phoenix","AZ","85035","MARICOPA","Convenience Store","","","USDA","Maricopa (County, 2022)"
"Circle K 2708747","3196 E Union Hills Dr","","Phoenix","AZ","85050","MARICOPA","Convenience Store","","","USDA","Maricopa (County, 2022)"
"Circle K 2708749","1145 W Main St","","Mesa","AZ","85201","MARICOPA","Convenience Store","","","USDA","Maricopa (County, 2022)"
"Circle K 2708771","1601 E Indian School Rd","","Phoenix","AZ","85016","MARICOPA","Convenience Store","","","USDA","Maricopa (County, 2022)"
"Circle K 2708774","1802 E University Dr","","Tempe","AZ","85281","MARICOPA","Convenience Store","","","USDA","Maricopa (County, 2022)"
"Circle K 2708776","1544 E Southern Ave","","Phoenix","AZ","85040","MARICOPA","Convenience Store","","","USDA","Maricopa (County, 2022)"
"Circle K 2708827","5850 W Indian School Rd","","Phoenix","AZ","85031","MARICOPA","Convenience Store","","","USDA","Maricopa (County, 2022)"
"Circle K 2708829","2041 W Van Buren St","","Phoenix","AZ","85009","MARICOPA","Convenience Store","","","USDA","Maricopa (County, 2022)"
"Circle K 2708833","6649 W Thomas Rd","","Phoenix","AZ","85033","MARICOPA","Convenience Store","","","USDA","Maricopa (County, 2022)"
"Circle K 2708834","13549 E WILLIAMS FIELD RD","","CHANDLER","AZ","85224","MARICOPA","Convenience Store","","","USDA","Maricopa (County, 2022)"
"Circle K 2708841","966 E Van Buren St","","Phoenix","AZ","85006","MARICOPA","Convenience Store","","","USDA","Maricopa (County, 2022)"
"Circle K 2708870","3501 W Lower Buckeye Rd Lowr","","Phoenix","AZ","85009","MARICOPA","Convenience Store","","","USDA","Maricopa (County, 2022)"
"Circle K 2708872","9110 W Van Buren St","","Tolleson","AZ","85353","MARICOPA","Convenience Store","","","USDA","Maricopa (County, 2022)"
"Circle K 2708875","3402 N 16th St","","Phoenix","AZ","85016","MARICOPA","Convenience Store","","","USDA","Maricopa (County, 2022)"
"Circle K 2709151","13801 N Tatum Blvd","","Phoenix","AZ","85032","MARICOPA","Convenience Store","","","USDA","Maricopa (County, 2022)"
"Circle K 2709152","5105 E Elliot Rd","","Phoenix","AZ","85044","MARICOPA","Convenience Store","","","USDA","Maricopa (County, 2022)"
"Circle K 2709153","1210 S Higley Rd","","Mesa","AZ","85206","MARICOPA","Convenience Store","","","USDA","Maricopa (County, 2022)"
"Circle K 2709154","10712 W Indian School Rd","","Phoenix","AZ","85037","MARICOPA","Convenience Store","","","USDA","Maricopa (County, 2022)"
"Circle K 2709155","8702 W Bell Rd","","Peoria","AZ","85382","MARICOPA","Convenience Store","","","USDA","Maricopa (County, 2022)"
"Circle K 2709160","1015 N Rural Rd","","Chandler","AZ","85226","MARICOPA","Convenience Store","","","USDA","Maricopa (County, 2022)"
"Circle K 2709161","4040 W Chandler Blvd","","Chandler","AZ","85226","MARICOPA","Convenience Store","","","USDA","Maricopa (County, 2022)"
"Circle K 2709162","1995 W Chandler Blvd","","Chandler","AZ","85224","MARICOPA","Convenience Store","","","USDA","Maricopa (County, 2022)"
"Circle K 2709164","4001 E Chandler Blvd","","Phoenix","AZ","85048","MARICOPA","Convenience Store","","","USDA","Maricopa (County, 2022)"
"Circle K 2709165","9848 W Bell Rd","","Sun City","AZ","85351","MARICOPA","Convenience Store","","","USDA","Maricopa (County, 2022)"
"Circle K 2709166","3441 W Union Hills Dr","","Phoenix","AZ","85027","MARICOPA","Convenience Store","","","USDA","Maricopa (County, 2022)"
"Circle K 2709167","9709 N Hayden Rd","","Scottsdale","AZ","85258","MARICOPA","Convenience Store","","","USDA","Maricopa (County, 2022)"
"Circle K 2709168","4801 E Thomas Rd","","Phoenix","AZ","85018","MARICOPA","Convenience Store","","","USDA","Maricopa (County, 2022)"
"Circle K 2709169","4101 N Hayden Rd","","Scottsdale","AZ","85251","MARICOPA","Convenience Store","","","USDA","Maricopa (County, 2022)"
"Circle K 2709170","10200 N Scottsdale Rd","","Paradise Valley","AZ","85253","MARICOPA","Convenience Store","","","USDA","Maricopa (County, 2022)"
"Circle K 2709172","1435 W Baseline Rd","","Tempe","AZ","85283","MARICOPA","Convenience Store","","","USDA","Maricopa (County, 2022)"
"Circle K 2709173","1817 W Baseline Rd","","Mesa","AZ","85202","MARICOPA","Convenience Store","","","USDA","Maricopa (County, 2022)"
"Circle K 2709174","10050 E Mountain View Rd","","Scottsdale","AZ","85258","MARICOPA","Convenience Store","","","USDA","Maricopa (County, 2022)"
"Circle K 2709176","6735 W Peoria Ave","","Peoria","AZ","85345","MARICOPA","Convenience Store","","","USDA","Maricopa (County, 2022)"
"Circle K 2709177","1264 N Litchfield Rd","","Goodyear","AZ","85395","MARICOPA","Convenience Store","","","USDA","Maricopa (County, 2022)"
"Circle K 2709179","1203 S Power Rd","","Mesa","AZ","85206","MARICOPA","Convenience Store","","","USDA","Maricopa (County, 2022)"
"Circle K 2709180","315 N Litchfield Rd","","Goodyear","AZ","85338","MARICOPA","Convenience Store","","","USDA","Maricopa (County, 2022)"
"Circle K 2709180","315 N Litchfield Rd","","Goodyear","AZ","85338","MARICOPA","Convenience Store","","","USDA","Maricopa (County, 2022)"
"Circle K 2709181","20203 N 67th Ave","","Glendale","AZ","85308","MARICOPA","Convenience Store","","","USDA","Maricopa (County, 2022)"
"Circle K 2709182","3989 W Ray Rd","","Chandler","AZ","85226","MARICOPA","Convenience Store","","","USDA","Maricopa (County, 2022)"
"Circle K 2709183","3033 W Queen Creek Rd","","Chandler","AZ","85248","MARICOPA","Convenience Store","","","USDA","Maricopa (County, 2022)"
"Circle K 2709184","15262 N Tatum Blvd","","Phoenix","AZ","85032","MARICOPA","Convenience Store","","","USDA","Maricopa (County, 2022)"
"Circle K 2709186","1595 N Avondale Blvd","","Avondale","AZ","85392","MARICOPA","Convenience Store","","","USDA","Maricopa (County, 2022)"
"Circle K 2709187","295 S Arizona Ave","","Chandler","AZ","85225","MARICOPA","Convenience Store","","","USDA","Maricopa (County, 2022)"
"Circle K 2709189","3502 W Anthem Way","","Anthem","AZ","85086","MARICOPA","Convenience Store","","","USDA","Maricopa (County, 2022)"
"Circle K 2709190","4930 N 91st Ave","","Phoenix","AZ","85037","MARICOPA","Convenience Store","","","USDA","Maricopa (County, 2022)"
"Circle K 2709191","1153 S Signal Butte Rd","","Mesa","AZ","85208","MARICOPA","Convenience Store","","","USDA","Maricopa (County, 2022)"
"Circle K 2709192","4135 W Anthem Way","","Anthem","AZ","85086","MARICOPA","Convenience Store","","","USDA","Maricopa (County, 2022)"
"Circle K 2709193","3140 E Broadway Rd","","Phoenix","AZ","85040","MARICOPA","Convenience Store","","","USDA","Maricopa (County, 2022)"
"Circle K 2709523","9418 N 7th St","","Phoenix","AZ","85020","MARICOPA","Convenience Store","","","USDA","Maricopa (County, 2022)"
"Circle K 2709529","5601 E Bell Rd","","Scottsdale","AZ","85254","MARICOPA","Convenience Store","","","USDA","Maricopa (County, 2022)"
"Circle K 2709545","297 N 107th Ave","","Tolleson","AZ","85353","MARICOPA","Convenience Store","","","USDA","Maricopa (County, 2022)"
"Circle K 2721566","3502 W Peoria Ave","","Phoenix","AZ","85029","MARICOPA","Convenience Store","","","USDA","Maricopa (County, 2022)"
"Circle K 2723452","3030 N Dobson Rd","","Mesa","AZ","85224","MARICOPA","Convenience Store","","","USDA","Maricopa (County, 2022)"
"Circle K 2741604","1015 S COOPER RD","","CHANDLER","AZ","85225","MARICOPA","Convenience Store","","","USDA","Maricopa (County, 2022)"
"Circle K Store 2741603","5205 E McKellips Rd","","Mesa","AZ","85215","MARICOPA","Convenience Store","","","USDA","Maricopa (County, 2022)"
"Circle K Store 2741612","5850 W McDowell Rd","","Phoenix","AZ","85035","MARICOPA","Convenience Store","","","USDA","Maricopa (County, 2022)"
"Circle K Store 2741615","2754 N Power Rd","","Mesa","AZ","85215","MARICOPA","Convenience Store","","","USDA","Maricopa (County, 2022)"
"Circle K Store 2741621","5158 E University Dr","","Mesa","AZ","85205","MARICOPA","Convenience Store","","","USDA","Maricopa (County, 2022)"
"Circle K Store 2741622","2350 E Baseline Rd","","Phoenix","AZ","85042","MARICOPA","Convenience Store","","","USDA","Maricopa (County, 2022)"
"Circle K Store 2741626","6691 W Greenway Rd","","Glendale","AZ","85306","MARICOPA","Convenience Store","","","USDA","Maricopa (County, 2022)"
"Circle K Store 2741630","401 S Ellsworth Rd","","Mesa","AZ","85208","MARICOPA","Convenience Store","","","USDA","Maricopa (County, 2022)"
"Circle K Store 2741635","3980 E McDowell Rd","","Phoenix","AZ","85008","MARICOPA","Convenience Store","","","USDA","Maricopa (County, 2022)"
"Circle K Store 2741641","13908 W Bell Rd","","Surprise","AZ","85374","MARICOPA","Convenience Store","","","USDA","Maricopa (County, 2022)"
"Circle K Store 2741652","5049 W Buckeye Rd","","Phoenix","AZ","85043","MARICOPA","Convenience Store","","","USDA","Maricopa (County, 2022)"
"Circle K Store 2741655","5110 W Baseline Rd","","Laveen","AZ","85339","MARICOPA","Convenience Store","","","USDA","Maricopa (County, 2022)"
"Circle K Store 2741702","2955 E Riggs Rd","","Chandler","AZ","85249","MARICOPA","Convenience Store","","","USDA","Maricopa (County, 2022)"
"Circle K Store 2741705","13012 W Indian School Rd","","Litchfield Park","AZ","85340","MARICOPA","Convenience Store","","","USDA","Maricopa (County, 2022)"
"Circle K Store 2741707","2011 S Ellsworth Rd","","Mesa","AZ","85209","MARICOPA","Convenience Store","","","USDA","Maricopa (County, 2022)"
"Circle K Store 2741711","2865 N Scottsdale Rd","","Scottsdale","AZ","85257","MARICOPA","Convenience Store","","","USDA","Maricopa (County, 2022)"
"Circle K Store 2741712","14559 W Grand Ave","","Surprise","AZ","85374","MARICOPA","Convenience Store","","","USDA","Maricopa (County, 2022)"
"Circle K Store 2741713","16794 W Bell Rd","","Surprise","AZ","85374","MARICOPA","Convenience Store","","","USDA","Maricopa (County, 2022)"
"Cirlce K 2741653","7550 S Rural Rd","","Tempe","AZ","85283","MARICOPA","Convenience Store","","","USDA","Maricopa (County, 2022)"
"Clark Park Community Garden Farmers Market","1780 S Roosevelt St","","Tempe","AZ","85281","MARICOPA","Farmers and Markets","","Pinnacle Prevention Corporation","USDA","Maricopa (County, 2022)"
"Cloves Indian Grocery & Kitchen 02","1930 W Thunderbird Rd","Ste 108","Phoenix","AZ","85023","MARICOPA","Grocery Store","","","USDA","Maricopa (County, 2022)"
"Colbys","570 E Galveston St","","Chandler","AZ","85225","MARICOPA","Grocery Store","","","USDA","Maricopa (County, 2022)"
"Come N Go Market","4432 W Peoria Ave","","Glendale","AZ","85302","MARICOPA","Convenience Store","","","USDA","Maricopa (County, 2022)"
"Comunidad Latina","1616 E Main St","Ste 128","Mesa","AZ","85203","MARICOPA","Grocery Store","","","USDA","Maricopa (County, 2022)"
"Comunidad Latina #2","2018 N 35th Ave","","Phoenix","AZ","85009","MARICOPA","Convenience Store","","","USDA","Maricopa (County, 2022)"
"Concordia Farmers Market","142 N Date","","Mesa","AZ","85201","MARICOPA","Farmers and Markets","","Pinnacle Prevention Corporation","USDA","Maricopa (County, 2022)"
"Conoco","825 E Monroe Ave","","Buckeye","AZ","85326","MARICOPA","Convenience Store","","","USDA","Maricopa (County, 2022)"
"Convenience Mart","757 S Country Club Dr","","Mesa","AZ","85210","MARICOPA","Convenience Store","","","USDA","Maricopa (County, 2022)"
"Convenient Corner Market","9330 E Poinsettia Dr","Ste 108","Scottsdale","AZ","85260","MARICOPA","Convenience Store","","","USDA","Maricopa (County, 2022)"
"Copper Stop Mini Mart","2111 S Alma School Rd","Ste 4","Mesa","AZ","85210","MARICOPA","Convenience Store","","","USDA","Maricopa (County, 2022)"
"Corner Express","3202 E Mcdowell Rd","","Phoenix","AZ","85008","MARICOPA","Convenience Store","","","USDA","Maricopa (County, 2022)"
"Corner Market","1010 W Southern Ave","","Tempe","AZ","85282","MARICOPA","Convenience Store","","","USDA","Maricopa (County, 2022)"
"Corner Store 2741669","13777 N Dysart Rd","","El Mirage","AZ","85335","MARICOPA","Convenience Store","","","USDA","Maricopa (County, 2022)"
"Corner Store 2741675","1025 N 99th Ave","","Tolleson","AZ","85353","MARICOPA","Convenience Store","","","USDA","Maricopa (County, 2022)"
"Costco Wholesale 0427","15255 N Hayden Rd","","Scottsdale","AZ","85260","MARICOPA","Super Store","","","USDA","Maricopa (County, 2022)"
"Costco Wholesale 0436","1445 W Elliot Rd","","Tempe","AZ","85284","MARICOPA","Super Store","","","USDA","Maricopa (County, 2022)"
"Costco Wholesale 0465","4502 E Oak St","","Phoenix","AZ","85008","MARICOPA","Super Store","","","USDA","Maricopa (County, 2022)"
"Costco Wholesale 0481","1415 N Arizona Ave","","Gilbert","AZ","85233","MARICOPA","Super Store","","","USDA","Maricopa (County, 2022)"
"Costco Wholesale 0490","19001 N 27th Ave","","Phoenix","AZ","85027","MARICOPA","Super Store","","","USDA","Maricopa (County, 2022)"
"Costco Wholesale 0644","2887 S Market St","","Gilbert","AZ","85295","MARICOPA","Super Store","","","USDA","Maricopa (County, 2022)"
"Costco Wholesale 0674","17550 N 79th Ave","","Glendale","AZ","85308","MARICOPA","Super Store","","","USDA","Maricopa (County, 2022)"
"Costco Wholesale 0691","10000 W McDowell Rd","","Avondale","AZ","85392","MARICOPA","Super Store","","","USDA","Maricopa (County, 2022)"
"Costco Wholesale 0736","595 S Galleria Way","","Chandler","AZ","85226","MARICOPA","Super Store","","","USDA","Maricopa (County, 2022)"
"Costco Wholesale 0738","2450 E Beardsley Rd","","Phoenix","AZ","85050","MARICOPA","Super Store","","","USDA","Maricopa (County, 2022)"
"Costco Wholesale 0827","3801 N 33rd Ave","","Phoenix","AZ","85017","MARICOPA","Super Store","","","USDA","Maricopa (County, 2022)"
"Costco Wholesale 1028","1444 S Sossaman Rd","","Mesa","AZ","85209","MARICOPA","Super Store","","","USDA","Maricopa (County, 2022)"
"Costco Wholesale 1058","4570 E Cactus Rd","","Phoenix","AZ","85032","MARICOPA","Super Store","","","USDA","Maricopa (County, 2022)"
"Costco Wholesale 1375","16385 W Waddell Rd","","Surprise","AZ","85388","MARICOPA","Super Store","","","USDA","Maricopa (County, 2022)"
"Costco Wholesale 1620","20260 S. Ellsworth Rd.","","Queen Creek","AZ","85142","MARICOPA","Super Store","","","USDA","Maricopa (County, 2022)"
"Costco Wholesale 1653","1111 N Verrado Way","","Buckeye","AZ","85326","MARICOPA","Super Store","","","USDA","Maricopa (County, 2022)"
"Cst Corner Store 1642","7165 S Val Vista","","Gilbert","AZ","85298","MARICOPA","Convenience Store","","","USDA","Maricopa (County, 2022)"
"Cst Corner Store 2741639","2575 W Sonoran Desert Dr","","Phoenix","AZ","85085","MARICOPA","Convenience Store","","","USDA","Maricopa (County, 2022)"
"Cst Corner Store 2741683","28460 N Vistancia Blvd","","Peoria","AZ","85383","MARICOPA","Convenience Store","","","USDA","Maricopa (County, 2022)"
"D's Market","3640 N Miller Rd","","Scottsdale","AZ","85251","MARICOPA","Convenience Store","","","USDA","Maricopa (County, 2022)"
"DOLLAR GENERAL 13511","8550 S Central Ave","","Phoenix","AZ","85042","MARICOPA","Other","","","USDA","Maricopa (County, 2022)"
"DOLLAR GENERAL 14141","1855 W Buckeye Rd","","Phoenix","AZ","85007","MARICOPA","Other","","","USDA","Maricopa (County, 2022)"
"DOLLAR GENERAL 14142","3949 W McDowell Rd","","Phoenix","AZ","85009","MARICOPA","Other","","","USDA","Maricopa (County, 2022)"
"DOLLAR GENERAL 14375","6600 W Van Buren St","","Phoenix","AZ","85043","MARICOPA","Other","","","USDA","Maricopa (County, 2022)"
"DOLLAR GENERAL 14509","330 E Brown Rd","","Mesa","AZ","85201","MARICOPA","Other","","","USDA","Maricopa (County, 2022)"
"DOLLAR GENERAL 18390","21818 W Harding St","","Wittmann","AZ","85361","MARICOPA","Other","","","USDA","Maricopa (County, 2022)"
"Hookah Cash N Carry","1926 W Cactus Rd","","Phoenix","AZ","85029","MARICOPA","Convenience Store","","","USDA","Maricopa (County, 2022)"
"Hungry Howie's # 1838","3515 W Union Hills Dr","Suite 115","Glendale","AZ","85308","MARICOPA","Restaurant Meals Program","","","USDA","Maricopa (County, 2022)"
"Hungry Howie's #1814","1909 E Ray Road","Suite 6","Chandler","AZ","85225","MARICOPA","Restaurant Meals Program","","","USDA","Maricopa (County, 2022)"
"Hungry Howie's #1830","7448 W Glendale Ave","Ste 106","Glendale","AZ","85303","MARICOPA","Restaurant Meals Program","","","USDA","Maricopa (County, 2022)"
"Hungry Howie's #1850","323 E Brown Rd","","Mesa","AZ","85201","MARICOPA","Restaurant Meals Program","","","USDA","Maricopa (County, 2022)"
"Hungry Howies 1851","2535 N. Central Ave.","","Phoenix","AZ","85004","MARICOPA","Restaurant Meals Program","","","USDA","Maricopa (County, 2022)"
"Hungry Howies 1852","7227 S Central Ave","Suite 1025","Phoenix","AZ","85042","MARICOPA","Restaurant Meals Program","","","USDA","Maricopa (County, 2022)"
"I-mart","1250 N Alma School Rd","Ste 28","Chandler","AZ","85224","MARICOPA","Grocery Store","","","USDA","Maricopa (County, 2022)"
"ISLAND MANAGEMENT LLC SUBWAY","2817 N Central Ave","","Phoenix","AZ","85004","MARICOPA","Restaurant Meals Program","","","USDA","Maricopa (County, 2022)"
"Imperial Kosher Market","737 E Glendale Ave","Ste A","Phoenix","AZ","85020","MARICOPA","Grocery Store","","","USDA","Maricopa (County, 2022)"
"In & Out Convenience","6024 N 23rd Ave","","Phoenix","AZ","85015","MARICOPA","Convenience Store","","","USDA","Maricopa (County, 2022)"
"India Spices","2640 W Baseline Rd","Ste 101","Phoenix","AZ","85041","MARICOPA","Other","","","USDA","Maricopa (County, 2022)"
"Inyambo New African Market","5270 N 59th Ave","Ste 1","Glendale","AZ","85301","MARICOPA","Grocery Store","","","USDA","Maricopa (County, 2022)"
"Irc New Roots Farm","1616 W Camelback Rd","","Phoenix","AZ","85015","MARICOPA","Farmers and Markets","","","USDA","Maricopa (County, 2022)"
"Isaac Convenience Store","3140 W Indian School Rd","","Phoenix","AZ","85017","MARICOPA","Convenience Store","","","USDA","Maricopa (County, 2022)"
"JACK IN THE BOX  #1610","9113 E Guadalupe Rd","","Mesa","AZ","85212","MARICOPA","Restaurant Meals Program","","","USDA","Maricopa (County, 2022)"
"JACK IN THE BOX #1617","4338 S Signal Butte Rd","","Mesa","AZ","85212","MARICOPA","Restaurant Meals Program","","","USDA","Maricopa (County, 2022)"
"JACK IN THE BOX 1195 RUCKER RESTAURANT HOLDINGS LL","2090 NORTH ARIZONA AVENUE","","CHANDLER","AZ","85225","MARICOPA","Restaurant Meals Program","","","USDA","Maricopa (County, 2022)"
"JC Quik Stop","1702 S 7th Ave","","Phoenix","AZ","85007","MARICOPA","Convenience Store","","","USDA","Maricopa (County, 2022)"
"JJ Water & Ice N/A","5817 S Central Ave","","Phoenix","AZ","85040","MARICOPA","Convenience Store","","","USDA","Maricopa (County, 2022)"
"JMA Petro Inc.","3501 W Camelback Rd","","Phoenix","AZ","85019","MARICOPA","Convenience Store","","","USDA","Maricopa (County, 2022)"
"JOHN'S RANCHO MARKET","4447 S 15th Ave","","Phoenix","AZ","85041","MARICOPA","Convenience Store","","","USDA","Maricopa (County, 2022)"
"JZ Market LLC","2633 W Baseline Rd","","Mesa","AZ","85202","MARICOPA","Convenience Store","","","USDA","Maricopa (County, 2022)"
"Jack  in The Box #1519","1403 S Crismon Rd","","Mesa","AZ","85208","MARICOPA","Restaurant Meals Program","","","USDA","Maricopa (County, 2022)"
"Jack  in The Box #1535","2711 S. 40th Street","","Phoenix","AZ","85034","MARICOPA","Restaurant Meals Program","","","USDA","Maricopa (County, 2022)"
"Jack In The Box #1105","4741 E McDowell Rd","","Phoenix","AZ","85008","MARICOPA","Restaurant Meals Program","","","USDA","Maricopa (County, 2022)"
"Jack In The Box #1110","2440 W Thomas Rd","","Phoenix","AZ","85015","MARICOPA","Restaurant Meals Program","","","USDA","Maricopa (County, 2022)"
"Jack In The Box #1147","4020 E Bell Rd","","Phoenix","AZ","85032","MARICOPA","Restaurant Meals Program","","","USDA","Maricopa (County, 2022)"
"Jack In The Box #1632","19395 W Indian School Rd","","Litchfield Park","AZ","85340","MARICOPA","Restaurant Meals Program","","","USDA","Maricopa (County, 2022)"
"Jack In The Box 1526","955 E Riggs Rd","","Chandler","AZ","85249","MARICOPA","Restaurant Meals Program","","","USDA","Maricopa (County, 2022)"
"Jack In The Box 1574","21292 E Ocotillo Rd","","Queen Creek","AZ","85142","MARICOPA","Restaurant Meals Program","","","USDA","Maricopa (County, 2022)"
"Jack In The Box 1593","9147 E Broadway Rd","","Mesa","AZ","85208","MARICOPA","Restaurant Meals Program","","","USDA","Maricopa (County, 2022)"
"Jack in The Box #0105","3545 E Thomas Rd","","Phoenix","AZ","85018","MARICOPA","Restaurant Meals Program","","","USDA","Maricopa (County, 2022)"
"Jack in The Box #0116","4119 N 7th St","","Phoenix","AZ","85012","MARICOPA","Restaurant Meals Program","","","USDA","Maricopa (County, 2022)"
"Jack in The Box #0118","721 S Mill Ave","","Tempe","AZ","85281","MARICOPA","Restaurant Meals Program","","","USDA","Maricopa (County, 2022)"
"Jack in The Box #101","1833 W Van Buren St","","Phoenix","AZ","85007","MARICOPA","Restaurant Meals Program","","","USDA","Maricopa (County, 2022)"
"Jack in The Box #108","3455 W McDowell Rd","","Phoenix","AZ","85003","MARICOPA","Restaurant Meals Program","","","USDA","Maricopa (County, 2022)"
"Jack in The Box #1100","10621 N 43rd Ave.","","Phoenix","AZ","85029","MARICOPA","Restaurant Meals Program","","","USDA","Maricopa (County, 2022)"
"Jack in The Box #1102","2520 W Glendale","","Phoenix","AZ","85051","MARICOPA","Restaurant Meals Program","","","USDA","Maricopa (County, 2022)"
"Jack in The Box #1108","8302 W Lynwood St","","Tolleson","AZ","85353","MARICOPA","Restaurant Meals Program","","","USDA","Maricopa (County, 2022)"
"Jack in The Box #1112","901 E Curry Rd","","Tempe","AZ","85281","MARICOPA","Restaurant Meals Program","","","USDA","Maricopa (County, 2022)"
"Jack in The Box #1114","1902 W Buckeye Rd","","Phoenix","AZ","85009","MARICOPA","Restaurant Meals Program","","","USDA","Maricopa (County, 2022)"
"Jack in The Box #1116","1001 N 24th St","","Phoenix","AZ","85008","MARICOPA","Restaurant Meals Program","","","USDA","Maricopa (County, 2022)"
"Jack in The Box #112","132 W McDowell Rd","","Phoenix","AZ","85003","MARICOPA","Restaurant Meals Program","","","USDA","Maricopa (County, 2022)"
"Jack in The Box #1120","850 E Guadalupe Rd","","Tempe","AZ","85283","MARICOPA","Restaurant Meals Program","","","USDA","Maricopa (County, 2022)"
"Jack in The Box #1130","4950 E Ray Rd","","Phoenix","AZ","85044","MARICOPA","Restaurant Meals Program","","","USDA","Maricopa (County, 2022)"
"Jack in The Box #1133","1911 S Power Rd","","Mesa","AZ","85206","MARICOPA","Restaurant Meals Program","","","USDA","Maricopa (County, 2022)"
"Jack in The Box #1139","13088 W Rancho Santa Fe Blvd","","Avondale","AZ","85392","MARICOPA","Restaurant Meals Program","","","USDA","Maricopa (County, 2022)"
"Jack in The Box #1141","19818 N 27th Ave","","Phoenix","AZ","85027","MARICOPA","Restaurant Meals Program","","","USDA","Maricopa (County, 2022)"
"Jack in The Box #1142","900 N Cooper Rd","","Chandler","AZ","85225","MARICOPA","Restaurant Meals Program","","","USDA","Maricopa (County, 2022)"
"Jack in The Box #1144","1790 W Chandler Blvd.","","Chandler","AZ","85224","MARICOPA","Restaurant Meals Program","","","USDA","Maricopa (County, 2022)"
"Jack in The Box #1145","9066 W Olive Ave","","Peoria","AZ","85345","MARICOPA","Restaurant Meals Program","","","USDA","Maricopa (County, 2022)"
"Jack in The Box #1146","2719 N Power Rd","","Mesa","AZ","85215","MARICOPA","Restaurant Meals Program","","","USDA","Maricopa (County, 2022)"
"Jack in The Box #115","7412 E McDowell Rd","","Scottsdale","AZ","85257","MARICOPA","Restaurant Meals Program","","","USDA","Maricopa (County, 2022)"
"Jack in The Box #1154","7510 W Indian School Rd","","Phoenix","AZ","85033","MARICOPA","Restaurant Meals Program","","","USDA","Maricopa (County, 2022)"
"Jack in The Box #1158","3102 S Mill Ave","","Tempe","AZ","85282","MARICOPA","Restaurant Meals Program","","","USDA","Maricopa (County, 2022)"
"Jack in The Box #117","5145 N 59th Ave","","Glendale","AZ","85301","MARICOPA","Restaurant Meals Program","","","USDA","Maricopa (County, 2022)"
"Jack in The Box #1170","9021 N 59th Ave","","Glendale","AZ","85302","MARICOPA","Restaurant Meals Program","","","USDA","Maricopa (County, 2022)"
"Jack in The Box #1172","6001 W Thomas Rd","","Phoenix","AZ","85033","MARICOPA","Restaurant Meals Program","","","USDA","Maricopa (County, 2022)"
"Jack in The Box #1180","5814 S Central Ave","","Phoenix","AZ","85040","MARICOPA","Restaurant Meals Program","","","USDA","Maricopa (County, 2022)"
"Jack in The Box #1181","2701 W Camelback Rd","","Phoenix","AZ","85017","MARICOPA","Restaurant Meals Program","","","USDA","Maricopa (County, 2022)"
"Jack in The Box #1182","7850 N 35th Ave","","Phoenix","AZ","85051","MARICOPA","Restaurant Meals Program","","","USDA","Maricopa (County, 2022)"
"Jack in The Box #1183","4749 E Southern Ave","","Phoenix","AZ","85042","MARICOPA","Restaurant Meals Program","","","USDA","Maricopa (County, 2022)"
"Jack in The Box #1184","4305 W Bethany Home Rd","","Glendale","AZ","85301","MARICOPA","Restaurant Meals Program","","","USDA","Maricopa (County, 2022)"
"Jack in The Box #1186","2120 E Baseline Rd","","Mesa","AZ","85204","MARICOPA","Restaurant Meals Program","","","USDA","Maricopa (County, 2022)"
"Jack in The Box #1192","3150 E Washington St","","Phoenix","AZ","85034","MARICOPA","Restaurant Meals Program","","","USDA","Maricopa (County, 2022)"
"Jack in The Box #1193","6351 N 7th Street","","Phoenix","AZ","85014","MARICOPA","Restaurant Meals Program","","","USDA","Maricopa (County, 2022)"
"Jack in The Box #123","8951 N 19th Ave","","Phoenix","AZ","85021","MARICOPA","Restaurant Meals Program","","","USDA","Maricopa (County, 2022)"
"Jack in The Box #125","5447 W Glendale Ave","","Glendale","AZ","85301","MARICOPA","Restaurant Meals Program","","","USDA","Maricopa (County, 2022)"
"Jack in The Box #129","4313 W Thomas Rd","","Phoenix","AZ","85031","MARICOPA","Restaurant Meals Program","","","USDA","Maricopa (County, 2022)"
"Jack in The Box #142","1935 W Thunderbird Avenue","","Phoenix","AZ","85023","MARICOPA","Restaurant Meals Program","","","USDA","Maricopa (County, 2022)"
"Jack in The Box #143","12223 N 32nd St","","Phoenix","AZ","85032","MARICOPA","Restaurant Meals Program","","","USDA","Maricopa (County, 2022)"
"Jack in The Box #145","1802 W Bell Rd","","Phoenix","AZ","85023","MARICOPA","Restaurant Meals Program","","","USDA","Maricopa (County, 2022)"
"Jack in The Box #148","1145 W University Avenue","","Mesa","AZ","85201","MARICOPA","Restaurant Meals Program","","","USDA","Maricopa (County, 2022)"
"Jack in The Box #1500","20209 N 59th Ave","","Glendale","AZ","85308","MARICOPA","Restaurant Meals Program","","","USDA","Maricopa (County, 2022)"
"Jack in The Box #1501","4361 E Baseline Rd","","Gilbert","AZ","85234","MARICOPA","Restaurant Meals Program","","","USDA","Maricopa (County, 2022)"
"Jack in The Box #1502","1585 E Warner Rd","","Gilbert","AZ","85296","MARICOPA","Restaurant Meals Program","","","USDA","Maricopa (County, 2022)"
"Jack in The Box #1507","1105 S Val Vista Dr","","Mesa","AZ","85204","MARICOPA","Restaurant Meals Program","","","USDA","Maricopa (County, 2022)"
"Jack in The Box #1508","525 N Stapley Dr","","Mesa","AZ","85203","MARICOPA","Restaurant Meals Program","","","USDA","Maricopa (County, 2022)"
"Jack in The Box #1510","13738 W Bell Rd","","Surprise","AZ","85374","MARICOPA","Restaurant Meals Program","","","USDA","Maricopa (County, 2022)"
"Jack in The Box #1513","8236 W Deer Valley Rd","","Peoria","AZ","85382","MARICOPA","Restaurant Meals Program","","","USDA","Maricopa (County, 2022)"
"Jack in The Box #1514","9920 W Indian School Rd","","Phoenix","AZ","85037","MARICOPA","Restaurant Meals Program","","","USDA","Maricopa (County, 2022)"
"Jack in The Box #1516","427 W McKellips Rd","","Mesa","AZ","85201","MARICOPA","Restaurant Meals Program","","","USDA","Maricopa (County, 2022)"
"Jack in The Box #1517","8225 W Camelback Rd","","Phoenix","AZ","85033","MARICOPA","Restaurant Meals Program","","","USDA","Maricopa (County, 2022)"
"Jack in The Box #1518","2070 N Dobson Rd","","Chandler","AZ","85224","MARICOPA","Restaurant Meals Program","","","USDA","Maricopa (County, 2022)"
"Jack in The Box #1520","3502 W Buckeye Rd","","Phoenix","AZ","85009","MARICOPA","Restaurant Meals Program","","","USDA","Maricopa (County, 2022)"
"Jack in The Box #1522","9050 W Thomas Rd","","Phoenix","AZ","85037","MARICOPA","Restaurant Meals Program","","","USDA","Maricopa (County, 2022)"
"Jack in The Box #1524","620 E Buckeye Rd","","Phoenix","AZ","85004","MARICOPA","Restaurant Meals Program","","","USDA","Maricopa (County, 2022)"
"Jack in The Box #1525","2141 W Deer Valley Rd","","Phoenix","AZ","85027","MARICOPA","Restaurant Meals Program","","","USDA","Maricopa (County, 2022)"
"Jack in The Box #1529","1921 W Broadway Rd","","Phoenix","AZ","85041","MARICOPA","Restaurant Meals Program","","","USDA","Maricopa (County, 2022)"
"Jack in The Box #1533","2330 W Baseline Rd","","Phoenix","AZ","85041","MARICOPA","Restaurant Meals Program","","","USDA","Maricopa (County, 2022)"
"Jack in The Box #1536","520 N Estrella Pkwy","","Goodyear","AZ","85338","MARICOPA","Restaurant Meals Program","","","USDA","Maricopa (County, 2022)"
"Jack in The Box #1541","5115 W Southern Ave","","Laveen","AZ","85339","MARICOPA","Restaurant Meals Program","","","USDA","Maricopa (County, 2022)"
"Jack in The Box #1546","11101 Grand Ave","","Youngtown","AZ","85363","MARICOPA","Restaurant Meals Program","","","USDA","Maricopa (County, 2022)"
"Jack in The Box #1547","1460 S Watson Rd","","Buckeye","AZ","85326","MARICOPA","Restaurant Meals Program","","","USDA","Maricopa (County, 2022)"
"Jack in The Box #1548","4250 S Arizona Ave","","Chandler","AZ","85248","MARICOPA","Restaurant Meals Program","","","USDA","Maricopa (County, 2022)"
"Jack in The Box #1552","6120 S 35th Ave","","Phoenix","AZ","85041","MARICOPA","Restaurant Meals Program","","","USDA","Maricopa (County, 2022)"
"Jack in The Box #1553","2420 E Beardsley Rd","","Phoenix","AZ","85050","MARICOPA","Restaurant Meals Program","","","USDA","Maricopa (County, 2022)"
"Jack in The Box #1555","5207 S Power Rd","","Mesa","AZ","85212","MARICOPA","Restaurant Meals Program","","","USDA","Maricopa (County, 2022)"
"Jack in The Box #1560","2113 W Happy Valley Rd","","Phoenix","AZ","85085","MARICOPA","Restaurant Meals Program","","","USDA","Maricopa (County, 2022)"
"Jack in The Box #1561","9840 W Lower Buckeye Rd","","Tolleson","AZ","85353","MARICOPA","Restaurant Meals Program","","","USDA","Maricopa (County, 2022)"
"Jack in The Box #1563","16760 W Bell Rd","","Surprise","AZ","85374","MARICOPA","Restaurant Meals Program","","","USDA","Maricopa (County, 2022)"
"Jack in The Box #1566","9906 W Thunderbird Blvd","","Sun City","AZ","85351","MARICOPA","Restaurant Meals Program","","","USDA","Maricopa (County, 2022)"
"Jack in The Box #1572","9841 W Happy Valley Rd","","Peoria","AZ","85383","MARICOPA","Restaurant Meals Program","","","USDA","Maricopa (County, 2022)"
"Jack in The Box #1578","16900 W Yuma Rd","","Goodyear","AZ","85338","MARICOPA","Restaurant Meals Program","","","USDA","Maricopa (County, 2022)"
"Jack in The Box #1579","15333 W Waddell Rd","","Surprise","AZ","85379","MARICOPA","Restaurant Meals Program","","","USDA","Maricopa (County, 2022)"
"Jack in The Box 0103","2202 E Indian School Rd","","Phoenix","AZ","85016","MARICOPA","Restaurant Meals Program","","","USDA","Maricopa (County, 2022)"
"Jack in The Box 1156","5961 E Main St","","Mesa","AZ","85205","MARICOPA","Restaurant Meals Program","","","USDA","Maricopa (County, 2022)"
"Jack in The Box 1171","440 E Southern Ave","","Mesa","AZ","85204","MARICOPA","Restaurant Meals Program","","","USDA","Maricopa (County, 2022)"
"Jack in The Box 1178","2846 E Main St","","Mesa","AZ","85203","MARICOPA","Restaurant Meals Program","","","USDA","Maricopa (County, 2022)"
"Jack in The Box 1199 Rucker Rest Holdings LLC","1945 W Main St.","","Mesa","AZ","85201","MARICOPA","Restaurant Meals Program","","","USDA","Maricopa (County, 2022)"
"Jack in The Box 131 Rucker Restaurant Holdings LLC","942 E Broadway","","Tempe","AZ","85282","MARICOPA","Restaurant Meals Program","","","USDA","Maricopa (County, 2022)"
"Jack in The Box 144 Rucker Restaurant Holdings LLC","3512 W Thunderbird Rd","","Phoenix","AZ","85053","MARICOPA","Restaurant Meals Program","","","USDA","Maricopa (County, 2022)"
"Jack in The Box 1588","10307 W McDowell Rd","","Avondale","AZ","85323","MARICOPA","Restaurant Meals Program","","","USDA","Maricopa (County, 2022)"
"Jack in The Box 1590","1125 N 51st Ave.","","Phoenix","AZ","85043","MARICOPA","Restaurant Meals Program","","","USDA","Maricopa (County, 2022)"
"Jack in the Box # 1190","4151 W Bell Rd","","Phoenix","AZ","85053","MARICOPA","Restaurant Meals Program","","","USDA","Maricopa (County, 2022)"
"Jack in the Box #1140","4900 W Ray Rd","","Chandler","AZ","85226","MARICOPA","Restaurant Meals Program","","","USDA","Maricopa (County, 2022)"
"Jack in the Box #1165","1860 W Southern Ave","","Mesa","AZ","85202","MARICOPA","Restaurant Meals Program","","","USDA","Maricopa (County, 2022)"
"Jack in the Box #1587","1075 N 67th Ave","","Phoenix","AZ","85043","MARICOPA","Restaurant Meals Program","","","USDA","Maricopa (County, 2022)"
"Jack in the Box #1591","18441 N 7th St","","Phoenix","AZ","85024","MARICOPA","Restaurant Meals Program","","","USDA","Maricopa (County, 2022)"
"Jack in the Box #1594","1350 W Broadway Rd","","Tempe","AZ","85282","MARICOPA","Restaurant Meals Program","","","USDA","Maricopa (County, 2022)"
"Jack in the Box #1596","9152 W Glendale Ave","","Glendale","AZ","85305","MARICOPA","Restaurant Meals Program","","","USDA","Maricopa (County, 2022)"
"Jack in the Box #1599","2800 W Dunlap Ave","","Phoenix","AZ","85051","MARICOPA","Restaurant Meals Program","","","USDA","Maricopa (County, 2022)"
"Jack in the Box 1197","2145 E University Rd","","Tempe","AZ","85281","MARICOPA","Restaurant Meals Program","","","USDA","Maricopa (County, 2022)"
"Jack in the Box 1627","25026 S Ellsworth Rd","","Queen Creek","AZ","85142","MARICOPA","Restaurant Meals Program","","","USDA","Maricopa (County, 2022)"
"Jacksons Food Stores 801","8369 W Bell Rd","","Peoria","AZ","85382","MARICOPA","Convenience Store","","","USDA","Maricopa (County, 2022)"
"Jacksons Food Stores 802","2501 W Happy Valley Rd","Ste 43","Phoenix","AZ","85085","MARICOPA","Convenience Store","","","USDA","Maricopa (County, 2022)"
"Jacksons Food Stores 804","21001 N Tatum Blvd","","Phoenix","AZ","85050","MARICOPA","Convenience Store","","","USDA","Maricopa (County, 2022)"
"Jacksons Food Stores 805","16610 N Scottsdale Rd","","Phoenix","AZ","85254","MARICOPA","Convenience Store","","","USDA","Maricopa (County, 2022)"
"Jacksons Food Stores 806","15515 N Scottsdale Rd","","Scottsdale","AZ","85254","MARICOPA","Convenience Store","","","USDA","Maricopa (County, 2022)"
"Jacksons Food Stores 807","14717 N Northsight Blvd","","Scottsdale","AZ","85260","MARICOPA","Convenience Store","","","USDA","Maricopa (County, 2022)"
"Jacksons Food Stores 808","12010 N Tatum Blvd","","Phoenix","AZ","85028","MARICOPA","Convenience Store","","","USDA","Maricopa (County, 2022)"
"Jacksons Food Stores 809","1954 E Highland Ave","","Phoenix","AZ","85016","MARICOPA","Convenience Store","","","USDA","Maricopa (County, 2022)"
"Jacksons Food Stores 810","2096 E Rio Salado Pkwy","","Tempe","AZ","85281","MARICOPA","Convenience Store","","","USDA","Maricopa (County, 2022)"
"Jacksons Food Stores 811","4027 S Gilbert Rd","","Gilbert","AZ","85296","MARICOPA","Convenience Store","","","USDA","Maricopa (County, 2022)"
"Jacksons Food Stores 812","2870 S Market St","","Gilbert","AZ","85296","MARICOPA","Convenience Store","","","USDA","Maricopa (County, 2022)"
"Jas Arco 42533","935 N 43rd Ave","","Phoenix","AZ","85009","MARICOPA","Convenience Store","","","USDA","Maricopa (County, 2022)"
"Jassa Enterprises","4102 N 27th Ave","","Phoenix","AZ","85017","MARICOPA","Convenience Store","","","USDA","Maricopa (County, 2022)"
"Jc Convenience Store","6104 N 27th Ave","","Phoenix","AZ","85017","MARICOPA","Convenience Store","","","USDA","Maricopa (County, 2022)"
"Jefferson Food Market","2145 W Jefferson St","","Phoenix","AZ","85009","MARICOPA","Convenience Store","","","USDA","Maricopa (County, 2022)"
"Jerusalem International Market 1","7750 N 35th Ave","","Phoenix","AZ","85051","MARICOPA","Grocery Store","","","USDA","Maricopa (County, 2022)"
"Jerusalem International Market 2","3502 W Greenway Rd","Ste 12","Phoenix","AZ","85053","MARICOPA","Other","","","USDA","Maricopa (County, 2022)"
"Jesse's Food Mart","1959 E Broadway Rd","","Mesa","AZ","85204","MARICOPA","Convenience Store","","","USDA","Maricopa (County, 2022)"
"Jimmies Market 1","5127 N 43rd Ave","","Phoenix","AZ","85019","MARICOPA","Convenience Store","","","USDA","Maricopa (County, 2022)"
"Jimmies Market 1","6011 W Thomas Rd","","Phoenix","AZ","85033","MARICOPA","Convenience Store","","","USDA","Maricopa (County, 2022)"
"Jimmy and Joes Pizzeria Chandler","4040 W Ray Rd","Ste 12","Chandler","AZ","85226","MARICOPA","Restaurant Meals Program","","","USDA","Maricopa (County, 2022)"
"Jimmy and Joes Pizzeria Mesa","1960 W Baseline Rd","","Mesa","AZ","85202","MARICOPA","Restaurant Meals Program","","","USDA","Maricopa (County, 2022)"
"Jimmys Quick Stop","2344 W Glendale Ave","","Phoenix","AZ","85021","MARICOPA","Convenience Store","","","USDA","Maricopa (County, 2022)"
"Jj Grand Center","7035 N 35th Ave","","Phoenix","AZ","85051","MARICOPA","Convenience Store","","","USDA","Maricopa (County, 2022)"
"Jjs Food Mart","1419 N Jackrabbit Trl","","Buckeye","AZ","85326","MARICOPA","Convenience Store","","","USDA","Maricopa (County, 2022)"
"Jomil Asian Mart","3512 W Northern Ave","9","Phoenix","AZ","85051","MARICOPA","Grocery Store","","","USDA","Maricopa (County, 2022)"
"KWIK MART & LIQUOR","2650 W Glenrosa Ave","Ste 13 Ave14","Phoenix","AZ","85017","MARICOPA","Convenience Store","","","USDA","Maricopa (County, 2022)"
"Kabul Bakery & Foods Market","2320 W Northern Ave","","Phoenix","AZ","85021","MARICOPA","Specialty Store","","","USDA","Maricopa (County, 2022)"
"Kahramana Mediterranean Market","10001 W Bell Rd","","Sun City","AZ","85351","MARICOPA","Grocery Store","","","USDA","Maricopa (County, 2022)"
"Kennedy's Roots","28824 N 177th Ave","","Surprise","AZ","85387","MARICOPA","Farmers and Markets","","","USDA","Maricopa (County, 2022)"
"Kings Mini Mart","4150 N 35th Ave","","Phoenix","AZ","85017","MARICOPA","Convenience Store","","","USDA","Maricopa (County, 2022)"
"Kings Up In Smoke","10250 E Apache Trl","","Apache Junction","AZ","85120","MARICOPA","Convenience Store","","","USDA","Maricopa (County, 2022)"
"Komatke Market 809","17197 S 51st Avenue","","Laveen","AZ","85339","MARICOPA","Convenience Store","","","USDA","Maricopa (County, 2022)"
"Krispy Krunchy Chicken - Walmart Bethany","1607 W Bethany Home Rd","","Phoenix","AZ","85015","MARICOPA","Restaurant Meals Program","","","USDA","Maricopa (County, 2022)"
"Kwik 2165","2165 E Baseline Rd","","Tempe","AZ","85283","MARICOPA","Convenience Store","","","USDA","Maricopa (County, 2022)"
"Kwik Corner 102 Kwik 102","102 S 24th St","","Phoenix","AZ","85034","MARICOPA","Convenience Store","","","USDA","Maricopa (County, 2022)"
"Kwik Corner 3001 Kwik 3001","3001 E Washington St","","Phoenix","AZ","85034","MARICOPA","Convenience Store","","","USDA","Maricopa (County, 2022)"
"Kwik Corner 5402","5402 W Indian School Rd","","Phoenix","AZ","85031","MARICOPA","Convenience Store","","","USDA","Maricopa (County, 2022)"
"Kwik Corner 784","784 N McQueen Rd","","Gilbert","AZ","85233","MARICOPA","Convenience Store","","","USDA","Maricopa (County, 2022)"
"Kwik Mart","600 W Galveston St","","Chandler","AZ","85225","MARICOPA","Convenience Store","","","USDA","Maricopa (County, 2022)"
"Kwik Mart Tempe","606 W Broadway Rd","","Tempe","AZ","85282","MARICOPA","Convenience Store","","","USDA","Maricopa (County, 2022)"
"LA HEREFORD ROMAN","4002 N 67th Ave","Ste 2","Phoenix","AZ","85033","MARICOPA","Grocery Store","","","USDA","Maricopa (County, 2022)"
"LA'S MILK DEPOT","1626 N 87th St","","Scottsdale","AZ","85257","MARICOPA","Convenience Store","","","USDA","Maricopa (County, 2022)"
"LEE LEE ORIENTAL MARKET","2025 N Dobson Rd","","Chandler","AZ","85224","MARICOPA","Super Store","","","USDA","Maricopa (County, 2022)"
"LOI PHAT MARKET","1702 W Camelback Rd","Ste 5","Phoenix","AZ","85015","MARICOPA","Grocery Store","","","USDA","Maricopa (County, 2022)"
"La Bella Pizzeria Restaurant","6505 N 7th St","Ste 105","Phoenix","AZ","85014","MARICOPA","Restaurant Meals Program","","","USDA","Maricopa (County, 2022)"
"La Calidad Meat Market","4344 W Indian School Rd","Ste 25","Phoenix","AZ","85031","MARICOPA","Specialty Store","","","USDA","Maricopa (County, 2022)"
"La Esquina Market","317 W Alta Vista Rd","","Phoenix","AZ","85041","MARICOPA","Convenience Store","","","USDA","Maricopa (County, 2022)"
"La Familia Carniceria","2801 E Van Buren St","","Phoenix","AZ","85008","MARICOPA","Grocery Store","","","USDA","Maricopa (County, 2022)"
"La Familia New Market","545 N Arizona Ave","","Chandler","AZ","85225","MARICOPA","Convenience Store","","","USDA","Maricopa (County, 2022)"
"La Fiesta Market Carniceria","7707 Sw Us Highway 85","Ste 101","Buckeye","AZ","85326","MARICOPA","Convenience Store","","","USDA","Maricopa (County, 2022)"
"La Guatemalteca Market","4520 N 19th Ave","","Phoenix","AZ","85015","MARICOPA","Convenience Store","","","USDA","Maricopa (County, 2022)"
"La Mexicana","5045 W Thomas Rd","Ste 103","Phoenix","AZ","85031","MARICOPA","Grocery Store","","","USDA","Maricopa (County, 2022)"
"La Panamericana.","8925 N 43rd Ave","Ste 5","Phoenix","AZ","85051","MARICOPA","Other","","","USDA","Maricopa (County, 2022)"
"La Super Carniceria Llc","2535 E Bell Rd","Ste 3","Phoenix","AZ","85032","MARICOPA","Grocery Store","","","USDA","Maricopa (County, 2022)"
"La Victoria Super Carniceria","5109 W Thomas Rd","Ste 202","Phoenix","AZ","85031","MARICOPA","Grocery Store","","","USDA","Maricopa (County, 2022)"
"Lakay Caribbean Market","5008 W Northern Ave","Ste 5","Glendale","AZ","85301","MARICOPA","Grocery Store","","","USDA","Maricopa (County, 2022)"
"Lam's Supermarket","6740 W Indian School Rd","","Phoenix","AZ","85033","MARICOPA","Supermarket","","","USDA","Maricopa (County, 2022)"
"Lams International #2","11575 W Van Buren St","","Avondale","AZ","85323","MARICOPA","Grocery Store","","","USDA","Maricopa (County, 2022)"
"Lams International Llc","3446 W Camelback Rd","Ste 125","Phoenix","AZ","85017","MARICOPA","Grocery Store","","","USDA","Maricopa (County, 2022)"
"Latino Market Y Carniceria","5714 N 27th Ave","","Phoenix","AZ","85017","MARICOPA","Grocery Store","","","USDA","Maricopa (County, 2022)"
"Laveen Chevron","5115 W Southern Ave","","Laveen","AZ","85339","MARICOPA","Convenience Store","","","USDA","Maricopa (County, 2022)"
"Lee Lee Oriental Supermarket","7575 W Cactus Rd","","Peoria","AZ","85381","MARICOPA","Super Store","","","USDA","Maricopa (County, 2022)"
"Lee's Market","420 W Buckeye Rd","","Phoenix","AZ","85003","MARICOPA","Convenience Store","","","USDA","Maricopa (County, 2022)"
"Lee-bone's Fine Meats n/a","8190 W Union Hills Dr","Ste 115","Glendale","AZ","85308","MARICOPA","Specialty Store","","","USDA","Maricopa (County, 2022)"
"Lenny's Burger Central","2530 N Central Ave","","Phoenix","AZ","85004","MARICOPA","Restaurant Meals Program","","","USDA","Maricopa (County, 2022)"
"Lenny's Burger Glendale","2545 W Glendale Ave","","Phoenix","AZ","85051","MARICOPA","Restaurant Meals Program","","","USDA","Maricopa (County, 2022)"
"Lennys Burger Chandler","2156 N. Alma School Rd.","","Chandler","AZ","85224","MARICOPA","Restaurant Meals Program","","","USDA","Maricopa (County, 2022)"
"Lennys Burger Mesa","1245 E. Southern Ave.","Suite 11","Mesa","AZ","85204","MARICOPA","Restaurant Meals Program","","","USDA","Maricopa (County, 2022)"
"Lennys Burger Peoria","10635 N. 59TH Ave.","","Glendale","AZ","85304","MARICOPA","Restaurant Meals Program","","","USDA","Maricopa (County, 2022)"
"Libertad La Cubana Tienda Latina","7614 W Indian School Rd","Ste D7","Phoenix","AZ","85033","MARICOPA","Other","","","USDA","Maricopa (County, 2022)"
"Liquor Corral","429 E Monroe Ave","","Buckeye","AZ","85326","MARICOPA","Convenience Store","","","USDA","Maricopa (County, 2022)"
"Little India","1813 E Baseline Rd","Ste 108","Tempe","AZ","85283","MARICOPA","Other","","","USDA","Maricopa (County, 2022)"
"Little Lighthouse Farm","2120 W Marshall Ave","","Phoenix","AZ","85015","MARICOPA","Farmers and Markets","","","USDA","Maricopa (County, 2022)"
"Lohit Enterprises LLC","7938 N 59th Ave","","Glendale","AZ","85301","MARICOPA","Convenience Store","","","USDA","Maricopa (County, 2022)"
"Lolas African Variety Store","8021 N 43rd Ave","Ste 8B","Phoenix","AZ","85051","MARICOPA","Other","","","USDA","Maricopa (County, 2022)"
"Long Wong's Hot Wings","8345 W Thunderbird Rd","Ste B105","Peoria","AZ","85381","MARICOPA","Restaurant Meals Program","","","USDA","Maricopa (County, 2022)"
"Los Altos 7","1118 E Southern Ave","","Mesa","AZ","85204","MARICOPA","Super Store","","","USDA","Maricopa (County, 2022)"
"Los Altos Ranch Market 1","5833 S Central Ave","","Phoenix","AZ","85040","MARICOPA","Super Store","","","USDA","Maricopa (County, 2022)"
"Los Altos Ranch Market 2","5802 W Thomas Rd","","Phoenix","AZ","85031","MARICOPA","Super Store","","","USDA","Maricopa (County, 2022)"
"Los Altos Ranch Market 3","1602 E Roosevelt St","","Phoenix","AZ","85006","MARICOPA","Super Store","","","USDA","Maricopa (County, 2022)"
"Los Altos Ranch Market 4","6730 W Camelback Rd","","Glendale","AZ","85303","MARICOPA","Super Store","","","USDA","Maricopa (County, 2022)"
"Los Altos Ranch Market 5","3223 W Indian School Rd","","Phoenix","AZ","85017","MARICOPA","Super Store","","","USDA","Maricopa (County, 2022)"
"Los Altos Ranch Market 6","3415 W Glendale Ave","Ste 15A","Phoenix","AZ","85051","MARICOPA","Super Store","","","USDA","Maricopa (County, 2022)"
"Los Amigos Market","1876 E Apache Blvd","","Tempe","AZ","85281","MARICOPA","Convenience Store","","","USDA","Maricopa (County, 2022)"
"Los Compadres Carniceria","425 N Central Ave","","Avondale","AZ","85323","MARICOPA","Grocery Store","","","USDA","Maricopa (County, 2022)"
"Los Primos Food Mart","5201 S 7th St","","Phoenix","AZ","85040","MARICOPA","Convenience Store","","","USDA","Maricopa (County, 2022)"
"Love Hawaiian BBQ","6002 N 67th Ave","","Glendale","AZ","85301","MARICOPA","Restaurant Meals Program","","","USDA","Maricopa (County, 2022)"
"Love's Travel Stop 296","820 W Pima Rd","","Gila Bend","AZ","85337","MARICOPA","Convenience Store","","","USDA","Maricopa (County, 2022)"
"Love's Travel Stop 328","7001 W Sundust Rd","","Chandler","AZ","85226","MARICOPA","Convenience Store","","","USDA","Maricopa (County, 2022)"
"Love's Travel Stop 659","8313 W Roosevelt St","","Tolleson","AZ","85353","MARICOPA","Convenience Store","","","USDA","Maricopa (County, 2022)"
"Love's Travel Stops & Country Stores Inc. 280","1610 S Miller Rd","","Buckeye","AZ","85326","MARICOPA","Convenience Store","","","USDA","Maricopa (County, 2022)"
"Lucky Market 1","16401 N Cave Creek Rd","","Phoenix","AZ","85032","MARICOPA","Convenience Store","","","USDA","Maricopa (County, 2022)"
"Lucky's Favor African Market","6220 N 43rd Ave","","Glendale","AZ","85301","MARICOPA","Grocery Store","","","USDA","Maricopa (County, 2022)"
"Lucky's Liquor","2328 N 16th St","","Phoenix","AZ","85006","MARICOPA","Convenience Store","","","USDA","Maricopa (County, 2022)"
"Luke AFB Commissary 1920","7175 N 138th Ave","Bldg 1550","Glendale","AZ","85307","MARICOPA","Supermarket","","","USDA","Maricopa (County, 2022)"
"Lulu's Mini Mkt","11 W Baseline Rd","","Tempe","AZ","85283","MARICOPA","Other","","","USDA","Maricopa (County, 2022)"
"Lvf African Caribbean Supermarket/beauty Supply","3601 W Camelback Rd","Ste 180","Phoenix","AZ","85019","MARICOPA","Convenience Store","","","USDA","Maricopa (County, 2022)"
"M & M Market","810 S Stapley Dr","","Mesa","AZ","85204","MARICOPA","Convenience Store","","","USDA","Maricopa (County, 2022)"
"M2J Beer Wine & Mart","2651 W Glendale Ave","","Phoenix","AZ","85051","MARICOPA","Convenience Store","","","USDA","Maricopa (County, 2022)"
"MERCADO Y CARNICERIA EL RANCHO 1","330 S Gilbert Rd","Ste 11","Mesa","AZ","85204","MARICOPA","Supermarket","","","USDA","Maricopa (County, 2022)"
"MERCADO Y CARNICERIA EL RANCHO 4","303 E Southern Ave","Ste 102","Mesa","AZ","85210","MARICOPA","Grocery Store","","","USDA","Maricopa (County, 2022)"
"MESA FOOD & DELI","744 E Broadway Rd","","Mesa","AZ","85204","MARICOPA","Grocery Store","","","USDA","Maricopa (County, 2022)"
"MESA STAR CHEVRON","7956 E University Dr","","Mesa","AZ","85207","MARICOPA","Convenience Store","","","USDA","Maricopa (County, 2022)"
"MI RANCHITO 1","19 E Western Ave","","Avondale","AZ","85323","MARICOPA","Grocery Store","","","USDA","Maricopa (County, 2022)"
"Ma' Madou African Market","4124 N 27th Ave","","Phoenix","AZ","85017","MARICOPA","Other","","","USDA","Maricopa (County, 2022)"
"Maggie's Market 1","12017 W Thunderbird Rd","","El Mirage","AZ","85335","MARICOPA","Convenience Store","","","USDA","Maricopa (County, 2022)"
"Main Market","6262 E Main St","","Mesa","AZ","85205","MARICOPA","Convenience Store","","","USDA","Maricopa (County, 2022)"
"Malik Market 0001","5706 N 27th Ave","","Phoenix","AZ","85017","MARICOPA","Grocery Store","","","USDA","Maricopa (County, 2022)"
"Mango Mini Mart 1","760 S Alma School Rd","","Mesa","AZ","85210","MARICOPA","Convenience Store","","","USDA","Maricopa (County, 2022)"
"Mariscos Vuelve A La Vida 2","5630 W Camelback Rd","Ste 101","Glendale","AZ","85301","MARICOPA","Grocery Store","","","USDA","Maricopa (County, 2022)"
"Maryvale Market & Deli","5510 W Camelback Rd","Ste 1","Glendale","AZ","85301","MARICOPA","Convenience Store","","","USDA","Maricopa (County, 2022)"
"Marz Market 1","4111 N 19th Ave","","Phoenix","AZ","85015","MARICOPA","Convenience Store","","","USDA","Maricopa (County, 2022)"
"Masale Walla 1","501 W Van Buren St","Ste S","Avondale","AZ","85323","MARICOPA","Other","","","USDA","Maricopa (County, 2022)"
"Maverik 600","784 W Wickenburg Way","","Wickenburg","AZ","85390","MARICOPA","Convenience Store","","","USDA","Maricopa (County, 2022)"
"Mbs Fuel 17","2710 W Dunlap Ave","","Phoenix","AZ","85051","MARICOPA","Convenience Store","","","USDA","Maricopa (County, 2022)"
"McDONALD'S    26543","1090 E. PECOS RD","","CHANDLER","AZ","85225","MARICOPA","Restaurant Meals Program","","","USDA","Maricopa (County, 2022)"
"McDONALD'S   11552","990 N. ARIZONA  AVENUE","","CHANDLER","AZ","85224","MARICOPA","Restaurant Meals Program","","","USDA","Maricopa (County, 2022)"
"McDONALD'S   25154","2540 W CHANDLER BLVD","","CHANDLER","AZ","85224","MARICOPA","Restaurant Meals Program","","","USDA","Maricopa (County, 2022)"
"McDONALD'S  10384","1740 E. ELLIOT ROAD","","TEMPE","AZ","85282","MARICOPA","Restaurant Meals Program","","","USDA","Maricopa (County, 2022)"
"McDONALD'S  21151","475 GUADALUPE RD","","TEMPE","AZ","85283","MARICOPA","Restaurant Meals Program","","","USDA","Maricopa (County, 2022)"
"McDONALD'S  27822","9930 W. McDOWELL ROAD","","AVONDALE","AZ","85392","MARICOPA","Restaurant Meals Program","","","USDA","Maricopa (County, 2022)"
"McDONALD'S 1092","4430 E. THOMAS RD","","PHOENIX","AZ","85018","MARICOPA","Restaurant Meals Program","","","USDA","Maricopa (County, 2022)"
"McDONALD'S 11340","1900 W WARNER RD","","CHANDLER","AZ","85224","MARICOPA","Restaurant Meals Program","","","USDA","Maricopa (County, 2022)"
"McDONALD'S 15517","825 W WARNER RD","","GILBERT","AZ","85233","MARICOPA","Restaurant Meals Program","","","USDA","Maricopa (County, 2022)"
"McDONALD'S 24266","47 N. McQUEEN RD","","GILBERT","AZ","85233","MARICOPA","Restaurant Meals Program","","","USDA","Maricopa (County, 2022)"
"McDONALD'S 4909","3255 S. 48th STREET","","TEMPE","AZ","85282","MARICOPA","Restaurant Meals Program","","","USDA","Maricopa (County, 2022)"
"McDONALD'S 7784","1850 S 7th ST","","CHANDLER","AZ","85224","MARICOPA","Restaurant Meals Program","","","USDA","Maricopa (County, 2022)"
"McDonald's #10896","16936 E Shea Blvd","","Fountain Hills","AZ","85268","MARICOPA","Restaurant Meals Program","","","USDA","Maricopa (County, 2022)"
"McDonald's #10954","7017 N Litchfield Rd","","Glendale","AZ","85307","MARICOPA","Restaurant Meals Program","","","USDA","Maricopa (County, 2022)"
"McDonald's #11018","4019 E Chandler Blvd","","Phoenix","AZ","85048","MARICOPA","Restaurant Meals Program","","","USDA","Maricopa (County, 2022)"
"McDonald's #11064","4830 E Bell Rd","","Scottsdale","AZ","85254","MARICOPA","Restaurant Meals Program","","","USDA","Maricopa (County, 2022)"
"McDonald's #11075","9251 E Shea Blvd","","Scottsdale","AZ","85260","MARICOPA","Restaurant Meals Program","","","USDA","Maricopa (County, 2022)"
"McDonald's #11680","800 W Pima St","","Gila Bend","AZ","85337","MARICOPA","Restaurant Meals Program","","","USDA","Maricopa (County, 2022)"
"McDonald's #11739","3207 W Indian School Rd","","Phoenix","AZ","85017","MARICOPA","Restaurant Meals Program","","","USDA","Maricopa (County, 2022)"
"McDonald's #12536","2882 N Scottsdale Rd","","Scottsdale","AZ","85257","MARICOPA","Restaurant Meals Program","","","USDA","Maricopa (County, 2022)"
"McDonald's #1258","2427 W Thomas Rd","","Phoenix","AZ","85015","MARICOPA","Restaurant Meals Program","","","USDA","Maricopa (County, 2022)"
"McDonald's #13643","5900 W Chandler Blvd","","Chandler","AZ","85226","MARICOPA","Restaurant Meals Program","","","USDA","Maricopa (County, 2022)"
"McDonald's #1403","3323 N 24th St","","Phoenix","AZ","85016","MARICOPA","Restaurant Meals Program","","","USDA","Maricopa (County, 2022)"
"McDonald's #16040","4750 E Warner Rd","","Phoenix","AZ","85044","MARICOPA","Restaurant Meals Program","","","USDA","Maricopa (County, 2022)"
"McDonald's #17895","7515 W Bell Rd","","Glendale","AZ","85382","MARICOPA","Restaurant Meals Program","","","USDA","Maricopa (County, 2022)"
"McDonald's #18544","9955 S Priest Dr","","Tempe","AZ","85284","MARICOPA","Restaurant Meals Program","","","USDA","Maricopa (County, 2022)"
"McDonald's #21151","455 W Guadalupe Rd","","Tempe","AZ","85283","MARICOPA","Restaurant Meals Program","","","USDA","Maricopa (County, 2022)"
"McDonald's #21717","1516 N Hayden Rd","","Scottsdale","AZ","85257","MARICOPA","Restaurant Meals Program","","","USDA","Maricopa (County, 2022)"
"McDonald's #22738","6002 N 59th Ave","","Glendale","AZ","85301","MARICOPA","Restaurant Meals Program","","","USDA","Maricopa (County, 2022)"
"McDonald's #23311","223 N 7th Ave","","Phoenix","AZ","85007","MARICOPA","Restaurant Meals Program","","","USDA","Maricopa (County, 2022)"
"McDonald's #24601","13870 W McDowell Rd","","Goodyear","AZ","85395","MARICOPA","Restaurant Meals Program","","","USDA","Maricopa (County, 2022)"
"McDonald's #25112","8325 W Glendale Ave","","Glendale","AZ","85305","MARICOPA","Restaurant Meals Program","","","USDA","Maricopa (County, 2022)"
"McDonald's #2709","6762 W Camelback Rd","","Glendale","AZ","85303","MARICOPA","Restaurant Meals Program","","","USDA","Maricopa (County, 2022)"
"McDonald's #27823","13018 W Indian School Rd","","Litchfield Park","AZ","85340","MARICOPA","Restaurant Meals Program","","","USDA","Maricopa (County, 2022)"
"1 Store Llc","107 N CAPATOL AVE","Suite B","Gilabend","AZ","85337","MARICOPA","Convenience Store","","","USDA","Maricopa (County, 2022)"
"24 Hour Food Mart Inc","5035 W McDowell Rd","","Phoenix","AZ","85035","MARICOPA","Convenience Store","","","USDA","Maricopa (County, 2022)"
"24/7 Convenience Store","802 S Hardy Dr","","Tempe","AZ","85281","MARICOPA","Convenience Store","","","USDA","Maricopa (County, 2022)"
"24/7 Food Mart","2785 W Baseline Rd","","Tempe","AZ","85283","MARICOPA","Convenience Store","","","USDA","Maricopa (County, 2022)"
"27 Phoenix Llc","4101 N 27th Ave","","Phoenix","AZ","85017","MARICOPA","Convenience Store","","","USDA","Maricopa (County, 2022)"
"27phoenix Llc 3","10625 N 19th Ave","","Phoenix","AZ","85029","MARICOPA","Convenience Store","","","USDA","Maricopa (County, 2022)"
"3 Brothers Food Mart","3565 E Broadway Rd","","Mesa","AZ","85204","MARICOPA","Convenience Store","","","USDA","Maricopa (County, 2022)"
"3 Palms Market Llc","2115 S McClintock Dr","","Tempe","AZ","85282","MARICOPA","Convenience Store","","","USDA","Maricopa (County, 2022)"
"3A Food Store","2045 S 7th Ave","","Phoenix","AZ","85007","MARICOPA","Convenience Store","","","USDA","Maricopa (County, 2022)"
"3d's Discount Store","6550 W Glendale Ave","Ste 8","Glendale","AZ","85301","MARICOPA","Grocery Store","","","USDA","Maricopa (County, 2022)"
"3d's Discount Store Llc","13560 W Van Buren St","Ste B103","Goodyear","AZ","85338","MARICOPA","Convenience Store","","","USDA","Maricopa (County, 2022)"
"40th Street Chevron","2711 S 40th St","","Phoenix","AZ","85034","MARICOPA","Convenience Store","","","USDA","Maricopa (County, 2022)"
"43rd Ave Mini Mart","6520 N 43rd Ave","","Glendale","AZ","85301","MARICOPA","Convenience Store","","","USDA","Maricopa (County, 2022)"
"47 Ave Food Store Corp","4723 W Thomas Rd","","Phoenix","AZ","85031","MARICOPA","Convenience Store","","","USDA","Maricopa (County, 2022)"
"5th St Market Pizza And Deli","200 E 5th St","Ste 101","Tempe","AZ","85281","MARICOPA","Convenience Store","","","USDA","Maricopa (County, 2022)"
"63rd Ave Convenience Store Retail","6305 W Maryland Ave","","Glendale","AZ","85301","MARICOPA","Convenience Store","","","USDA","Maricopa (County, 2022)"
"7 Eleven 20433","12033 N 28th Dr","","Phoenix","AZ","85029","MARICOPA","Convenience Store","","","USDA","Maricopa (County, 2022)"
"7-11 32824B","9910 W Indian School Rd","","Phoenix","AZ","85037","MARICOPA","Convenience Store","","","USDA","Maricopa (County, 2022)"
"7-ELEVEN #26908B","1157 N Gilbert Rd","","Gilbert","AZ","85234","MARICOPA","Convenience Store","","","USDA","Maricopa (County, 2022)"
"7-ELEVEN 13017 B","1006 S McClintock Dr","","Tempe","AZ","85281","MARICOPA","Convenience Store","","","USDA","Maricopa (County, 2022)"
"7-ELEVEN 24169 D","850 E Bell Rd","","Phoenix","AZ","85022","MARICOPA","Convenience Store","","","USDA","Maricopa (County, 2022)"
"7-ELEVEN 27876 A","785 W Elliot Rd","","Gilbert","AZ","85233","MARICOPA","Convenience Store","","","USDA","Maricopa (County, 2022)"
"7-ELEVEN 32319 A","19848 N 27th Ave","","Phoenix","AZ","85027","MARICOPA","Convenience Store","","","USDA","Maricopa (County, 2022)"
"7-Eleven 13026B","4511 N 24th St","","Phoenix","AZ","85016","MARICOPA","Convenience Store","","","USDA","Maricopa (County, 2022)"
"7-Eleven 16082F","4831 N 75th Ave","","Phoenix","AZ","85033","MARICOPA","Convenience Store","","","USDA","Maricopa (County, 2022)"
"7-Eleven 16623E","5925 W Olive Ave","Ste 1","Glendale","AZ","85302","MARICOPA","Convenience Store","","","USDA","Maricopa (County, 2022)"
"7-Eleven 19158E","5901 W Mcdowell Rd","","Phoenix","AZ","85035","MARICOPA","Convenience Store","","","USDA","Maricopa (County, 2022)"
"7-Eleven 19650E","4748 E McDowell Rd","","Phoenix","AZ","85008","MARICOPA","Convenience Store","","","USDA","Maricopa (County, 2022)"
"7-Eleven 20168C","810 W Baseline Rd","","Mesa","AZ","85210","MARICOPA","Convenience Store","","","USDA","Maricopa (County, 2022)"
"7-Eleven 20212C","1950 E Indian School Rd","","Phoenix","AZ","85016","MARICOPA","Convenience Store","","","USDA","Maricopa (County, 2022)"
"7-Eleven 26085E","1850 W Glendale Ave","","Phoenix","AZ","85021","MARICOPA","Convenience Store","","","USDA","Maricopa (County, 2022)"
"7-Eleven 26086 D","3201 E Shea Blvd","","Phoenix","AZ","85028","MARICOPA","Convenience Store","","","USDA","Maricopa (County, 2022)"
"7-Eleven 26096 E","5125 S Mill Ave","","Tempe","AZ","85282","MARICOPA","Convenience Store","","","USDA","Maricopa (County, 2022)"
"7-Eleven 26411B","8410 E McDonald Dr","","Scottsdale","AZ","85250","MARICOPA","Convenience Store","","","USDA","Maricopa (County, 2022)"
"7-Eleven 26620 C","411 S Gilbert Rd","","Mesa","AZ","85204","MARICOPA","Convenience Store","","","USDA","Maricopa (County, 2022)"
"7-Eleven 27518E","4840 N 67th Ave","","Phoenix","AZ","85033","MARICOPA","Convenience Store","","","USDA","Maricopa (County, 2022)"
"7-Eleven 32602D","785 S Val Vista Dr","","Gilbert","AZ","85296","MARICOPA","Convenience Store","","","USDA","Maricopa (County, 2022)"
"7-Eleven 42301A","5303 W Bell Rd","","Glendale","AZ","85308","MARICOPA","Convenience Store","","","USDA","Maricopa (County, 2022)"
"7-Eleven 42313A","1818 S 7th St","","Phoenix","AZ","85034","MARICOPA","Convenience Store","","","USDA","Maricopa (County, 2022)"
"7-Eleven 47390A","1025 N Estrella Pkwy","","Goodyear","AZ","85338","MARICOPA","Convenience Store","","","USDA","Maricopa (County, 2022)"
"7-Eleven Store 22886E","3912 E Camelback Rd","","Phoenix","AZ","85018","MARICOPA","Convenience Store","","","USDA","Maricopa (County, 2022)"
"7-eleven","2424 W Greenway Rd","","Phoenix","AZ","85023","MARICOPA","Convenience Store","","","USDA","Maricopa (County, 2022)"
"7-eleven #20622f","646 W Indian School Rd","","Phoenix","AZ","85013","MARICOPA","Convenience Store","","","USDA","Maricopa (County, 2022)"
"7-eleven #21040f #21040F","5135 E Thomas Rd","","Phoenix","AZ","85018","MARICOPA","Convenience Store","","","USDA","Maricopa (County, 2022)"
"7-eleven #23215a 23215A","3948 E Thomas Rd","","Phoenix","AZ","85018","MARICOPA","Convenience Store","","","USDA","Maricopa (County, 2022)"
"7-eleven #26201d","2010 E Main St","","Mesa","AZ","85213","MARICOPA","Convenience Store","","","USDA","Maricopa (County, 2022)"
"7-eleven #26638e 26638E","6720 W Olive Ave","","Peoria","AZ","85345","MARICOPA","Convenience Store","","","USDA","Maricopa (County, 2022)"
"7-eleven #27215e","2025 W Warner Rd","","Chandler","AZ","85224","MARICOPA","Convenience Store","","","USDA","Maricopa (County, 2022)"
"7-eleven 13011E","774 N Arizona Ave","","Chandler","AZ","85225","MARICOPA","Convenience Store","","","USDA","Maricopa (County, 2022)"
"7-eleven 20416e","3306 W Bell Rd","","Phoenix","AZ","85053","MARICOPA","Convenience Store","","","USDA","Maricopa (County, 2022)"
"7-eleven 21821C","815 S Alma School Rd","","Mesa","AZ","85210","MARICOPA","Convenience Store","","","USDA","Maricopa (County, 2022)"
"7-eleven 25845g 25845G","8402 E McDowell Rd","","Scottsdale","AZ","85257","MARICOPA","Convenience Store","","","USDA","Maricopa (County, 2022)"
"7-eleven 26123D","5850 W Thomas Rd","","Phoenix","AZ","85031","MARICOPA","Convenience Store","","","USDA","Maricopa (County, 2022)"
"7-eleven 27036c 27036C","815 S Dobson Rd","","Mesa","AZ","85202","MARICOPA","Convenience Store","","","USDA","Maricopa (County, 2022)"
"7-eleven 27401C","4748 E Van Buren St","","Phoenix","AZ","85008","MARICOPA","Convenience Store","","","USDA","Maricopa (County, 2022)"
"7-eleven 32265 32265","485 W Warner Rd","","Tempe","AZ","85284","MARICOPA","Convenience Store","","","USDA","Maricopa (County, 2022)"
"7-eleven 42300A","13130 W Bell Rd","","Surprise","AZ","85378","MARICOPA","Convenience Store","","","USDA","Maricopa (County, 2022)"
"7-eleven 42391A","9110 W Thomas Rd","","Phoenix","AZ","85037","MARICOPA","Convenience Store","","","USDA","Maricopa (County, 2022)"
"76 Gas Station","1045 N 24th St","","Phoenix","AZ","85008","MARICOPA","Convenience Store","","","USDA","Maricopa (County, 2022)"
"76 Gas Station","363 S Gilbert Rd","","Mesa","AZ","85204","MARICOPA","Convenience Store","","","USDA","Maricopa (County, 2022)"
"76 Gas Station","4121 W Bell Rd","","Phoenix","AZ","85053","MARICOPA","Convenience Store","","","USDA","Maricopa (County, 2022)"
"88 International Market","3557 W Dunlap Ave","","Phoenix","AZ","85051","MARICOPA","Grocery Store","","","USDA","Maricopa (County, 2022)"
"90 First Market","9021 W Camelback Rd","Ste 100","Phoenix","AZ","85037","MARICOPA","Convenience Store","","","USDA","Maricopa (County, 2022)"
"99 Ranch Market 53","1920 W Chandler Blvd","","Chandler","AZ","85224","MARICOPA","Super Store","","","USDA","Maricopa (County, 2022)"
"A & A Hot Deals Llc","3016 N Dobson Rd","Ste 15","Chandler","AZ","85224","MARICOPA","Grocery Store","","","USDA","Maricopa (County, 2022)"
"A Amigos Food Mart","500 E Chandler Blvd","","Chandler","AZ","85225","MARICOPA","Convenience Store","","","USDA","Maricopa (County, 2022)"
"A to Z Mart","2259 W Broadway Rd","Ste B","Mesa","AZ","85202","MARICOPA","Convenience Store","","","USDA","Maricopa (County, 2022)"
"A&M Market","8601 E Apache Trail","","Mesa","AZ","85207","MARICOPA","Convenience Store","","","USDA","Maricopa (County, 2022)"
"A&V partners LLC 82751","2230 W Indian School Rd","","Phoenix","AZ","85015","MARICOPA","Convenience Store","","","USDA","Maricopa (County, 2022)"
"A-1 Liquor","901 E Indian School Rd","","Phoenix","AZ","85014","MARICOPA","Convenience Store","","","USDA","Maricopa (County, 2022)"
"A1 Food & Liquor","6514 W Bethany Home Rd","","Glendale","AZ","85301","MARICOPA","Convenience Store","","","USDA","Maricopa (County, 2022)"
"A1 Food Store","6505 N 59th Ave","","Glendale","AZ","85301","MARICOPA","Convenience Store","","","USDA","Maricopa (County, 2022)"
"AAA Food Store","5105 W Glendale Ave","","Glendale","AZ","85301","MARICOPA","Convenience Store","","","USDA","Maricopa (County, 2022)"
"ABC Food Store","816 E University Dr","","Mesa","AZ","85203","MARICOPA","Convenience Store","","","USDA","Maricopa (County, 2022)"
"AJ's Fine Foods 117","20050 N 67th Ave","","Glendale","AZ","85308","MARICOPA","Super Store","","","USDA","Maricopa (County, 2022)"
"AJ's Fine Foods 118","15031 N Thompson Peak Pkwy","","Scottsdale","AZ","85260","MARICOPA","Super Store","","","USDA","Maricopa (County, 2022)"
"AJ's Fine Foods 159","4430 E Camelback Rd","","Phoenix","AZ","85018","MARICOPA","Super Store","","","USDA","Maricopa (County, 2022)"
"AJ's Fine Foods 173","18271 N Pima Rd","","Scottsdale","AZ","85255","MARICOPA","Super Store","","","USDA","Maricopa (County, 2022)"
"AJ's Fine Foods 61","1836 S Val Vista Dr","","Mesa","AZ","85204","MARICOPA","Super Store","","","USDA","Maricopa (County, 2022)"
"AJ's Fine Foods 63","7141 E Lincoln Dr","","Scottsdale","AZ","85253","MARICOPA","Super Store","","","USDA","Maricopa (County, 2022)"
"AJ's Fine Foods 64","5017 N Central Ave","","Phoenix","AZ","85012","MARICOPA","Super Store","","","USDA","Maricopa (County, 2022)"
"AJ's Fine Foods 75","23251 N Pima Rd","","Scottsdale","AZ","85255","MARICOPA","Super Store","","","USDA","Maricopa (County, 2022)"
"AJ's Fine Foods 87","7131 W Ray Rd","","Chandler","AZ","85226","MARICOPA","Super Store","","","USDA","Maricopa (County, 2022)"
"AJ's Fine Foods 90","31311 N Scottsdale Rd","","Scottsdale","AZ","85266","MARICOPA","Super Store","","","USDA","Maricopa (County, 2022)"
"ALBERTSONS  1002","9243 E Baseline Rd","","Mesa","AZ","85209","MARICOPA","Supermarket","","","USDA","Maricopa (County, 2022)"
"ALBERTSONS  958","325 S Power Rd","","Mesa","AZ","85206","MARICOPA","Supermarket","","","USDA","Maricopa (County, 2022)"
"ALBERTSONS  966","6965 N Hayden Rd","","Scottsdale","AZ","85250","MARICOPA","Supermarket","","","USDA","Maricopa (County, 2022)"
"ALBERTSONS  980","1951 W Baseline Rd","","Mesa","AZ","85202","MARICOPA","Supermarket","","","USDA","Maricopa (County, 2022)"
"ALBERTSONS  981","3145 S Alma School Rd","","Chandler","AZ","85248","MARICOPA","Supermarket","","","USDA","Maricopa (County, 2022)"
"ALBERTSONS  991","8240 W Deer Valley Rd","","Peoria","AZ","85382","MARICOPA","Supermarket","","","USDA","Maricopa (County, 2022)"
"ALBERTSONS 977","14551 W Grand Ave","","Surprise","AZ","85374","MARICOPA","Supermarket","","","USDA","Maricopa (County, 2022)"
"ALDI 79152","1361 S Watson Rd","","Buckeye","AZ","85326","MARICOPA","Supermarket","","","USDA","Maricopa (County, 2022)"
"ALDI 79153","20229 S Ellsworth Rd","","Queen Creek","AZ","85142","MARICOPA","Supermarket","","","USDA","Maricopa (County, 2022)"
"ALDI 79154","16880 N 59th Ave","","Glendale","AZ","85306","MARICOPA","Supermarket","","","USDA","Maricopa (County, 2022)"
"ALDI 79155","1717 E Southern Ave","","Tempe","AZ","85282","MARICOPA","Supermarket","","","USDA","Maricopa (County, 2022)"
"ALDI 79156","2844 S Alma School Rd","","Chandler","AZ","85286","MARICOPA","Supermarket","","","USDA","Maricopa (County, 2022)"
"ALDI 79160","24665 N Lake Pleasant Pkwy","","Peoria","AZ","85383","MARICOPA","Supermarket","","","USDA","Maricopa (County, 2022)"
"ALDI 79161","845 N Estrella Pkwy","","Goodyear","AZ","85338","MARICOPA","Supermarket","","","USDA","Maricopa (County, 2022)"
"ALDI 79165","1801 E Pecos Rd","","Gilbert","AZ","85295","MARICOPA","Supermarket","","","USDA","Maricopa (County, 2022)"
"ALDI 79169","17038 W Waddell Rd","","Surprise","AZ","85388","MARICOPA","Supermarket","","","USDA","Maricopa (County, 2022)"
"ALDI 79171","4555 E Cactus Rd","","Phoenix","AZ","85032","MARICOPA","Supermarket","","","USDA","Maricopa (County, 2022)"
"ALDI 79175","13727 W Bell Rd","","Surprise","AZ","85374","MARICOPA","Supermarket","","","USDA","Maricopa (County, 2022)"
"ARCO AM/PM 85273","1207 N 75th Ave","","Phoenix","AZ","85043","MARICOPA","Convenience Store","","","USDA","Maricopa (County, 2022)"
"ARCO AM/PM 85274","6702 W Thomas Rd","","Phoenix","AZ","85033","MARICOPA","Convenience Store","","","USDA","Maricopa (County, 2022)"
"ATL WINGS AZ3320","3320 W Southern Ave","Ste 120","Phoenix","AZ","85041","MARICOPA","Restaurant Meals Program","","","USDA","Maricopa (County, 2022)"
"ATL Wings 10720","10720 W Indian School Rd","Ste 15","Phoenix","AZ","85037","MARICOPA","Restaurant Meals Program","","","USDA","Maricopa (County, 2022)"
"ATL Wings AZ3549","3549 W Thunderbird Rd","","Phoenix","AZ","85053","MARICOPA","Restaurant Meals Program","","","USDA","Maricopa (County, 2022)"
"AUJLA CORPORATION","2310 N 32nd St","","Phoenix","AZ","85008","MARICOPA","Convenience Store","","","USDA","Maricopa (County, 2022)"
"AUSTIN'S CASH MARKET","1445 S 13th Pl","","Phoenix","AZ","85034","MARICOPA","Convenience Store","","","USDA","Maricopa (County, 2022)"
"AZ Dollar Store","1550 W Van Buren St","","Phoenix","AZ","85007","MARICOPA","Convenience Store","","","USDA","Maricopa (County, 2022)"
"AZ Karen-Asian Market","5270 N 59th Ave","Ste 16","Glendale","AZ","85301","MARICOPA","Grocery Store","","","USDA","Maricopa (County, 2022)"
"AZ Mini Market","3437 W Dunlap Ave","Ste C","Phoenix","AZ","85051","MARICOPA","Convenience Store","","","USDA","Maricopa (County, 2022)"
"Aa's Corner Mart","2344 W Thomas Rd","","Phoenix","AZ","85015","MARICOPA","Convenience Store","","","USDA","Maricopa (County, 2022)"
"Aa's Corner Mart 2","4601 N 12th St","","Phoenix","AZ","85014","MARICOPA","Convenience Store","","","USDA","Maricopa (County, 2022)"
"Abarrotes La Union   ( Mini Market)","9405 N Cave Creek Rd","","Phoenix","AZ","85020","MARICOPA","Convenience Store","","","USDA","Maricopa (County, 2022)"
"Abc Mart N/A","4801 N 19th Ave","Ste 8","Phoenix","AZ","85015","MARICOPA","Grocery Store","","Pinnacle Prevention Corp.","USDA","Maricopa (County, 2022)"
"Ace of Wingz","8052 N 19th Ave","","Phoenix","AZ","85021","MARICOPA","Restaurant Meals Program","","","USDA","Maricopa (County, 2022)"
"Adrian's Market Llc","1042 N 26th St","","Phoenix","AZ","85008","MARICOPA","Convenience Store","","","USDA","Maricopa (County, 2022)"
"Africa Staples","12801 W Bell Rd","Ste 111","Surprise","AZ","85378","MARICOPA","Grocery Store","","","USDA","Maricopa (County, 2022)"
"African Market Shop Llc","721 E Guadalupe Rd","","Tempe","AZ","85283","MARICOPA","Grocery Store","","","USDA","Maricopa (County, 2022)"
"Aguila 76 1","51348 W Highway 60","","Aguila","AZ","85320","MARICOPA","Convenience Store","","","USDA","Maricopa (County, 2022)"
"Ahadi African Market","6445 N 51st Ave","Ste 105","Glendale","AZ","85301","MARICOPA","Grocery Store","","","USDA","Maricopa (County, 2022)"
"Ahwatukee 9086","4802 E. Ray Road","Suite A-11","Phoenix","AZ","85044","MARICOPA","Specialty Store","","","USDA","Maricopa (County, 2022)"
"Ako International Markets","1400 S McClintock Dr","Ste 14","Tempe","AZ","85281","MARICOPA","Other","","","USDA","Maricopa (County, 2022)"
"Al Rahma Grocery And Halal Foods","2937 E McDowell Rd","","Phoenix","AZ","85008","MARICOPA","Grocery Store","","","USDA","Maricopa (County, 2022)"
"Alamo Foods","2001 E Van Buren St","","Phoenix","AZ","85006","MARICOPA","Convenience Store","","","USDA","Maricopa (County, 2022)"
"Alan's Beer & Wine","361 S Lindsay Rd","Ste 7","Mesa","AZ","85204","MARICOPA","Convenience Store","","","USDA","Maricopa (County, 2022)"
"Albertsons 1221","2935 E Riggs Rd","","Chandler","AZ","85249","MARICOPA","Supermarket","","","USDA","Maricopa (County, 2022)"
"Albertsons 1948","441 N Val Vista Dr","","Mesa","AZ","85213","MARICOPA","Supermarket","","","USDA","Maricopa (County, 2022)"
"Albertsons 197","11475 E Via Linda","","Scottsdale","AZ","85259","MARICOPA","Supermarket","","","USDA","Maricopa (County, 2022)"
"Albertsons 1971","8950 W Bell Rd","","Peoria","AZ","85382","MARICOPA","Supermarket","","","USDA","Maricopa (County, 2022)"
"Albertsons 23","861 E Warner Rd","","Gilbert","AZ","85296","MARICOPA","Supermarket","","","USDA","Maricopa (County, 2022)"
"Albertsons 25","21001 N TATUM BLVD","","PHOENIX","AZ","85050","MARICOPA","Supermarket","","","USDA","Maricopa (County, 2022)"
"Albertsons 2952","8035 N 19th Ave","","Phoenix","AZ","85021","MARICOPA","Supermarket","","","USDA","Maricopa (County, 2022)"
"Albertsons 2955","2785 N Scottsdale Rd","","Scottsdale","AZ","85257","MARICOPA","Supermarket","","","USDA","Maricopa (County, 2022)"
"Albertsons 2985","18411 N CAVE CREEK ROAD","","PHOENIX","AZ","85032","MARICOPA","Supermarket","","","USDA","Maricopa (County, 2022)"
"Albertsons 2997","4060 W Ray Rd","","Chandler","AZ","85226","MARICOPA","Supermarket","","","USDA","Maricopa (County, 2022)"
"Albertsons 3926","12970 W Indian School Rd","","Litchfield Park","AZ","85340","MARICOPA","Supermarket","","","USDA","Maricopa (County, 2022)"
"Albertsons 3941","5040 W Cactus Rd","","Glendale","AZ","85304","MARICOPA","Supermarket","","","USDA","Maricopa (County, 2022)"
"Albertsons 3989","2727 N Power Rd","","Mesa","AZ","85215","MARICOPA","Supermarket","","","USDA","Maricopa (County, 2022)"
"Albertsons 4","3130 W Carefree Hwy","","Phoenix","AZ","85086","MARICOPA","Supermarket","","","USDA","Maricopa (County, 2022)"
"Aldi 79157","5775 W Baseline Rd","","Phoenix","AZ","85339","MARICOPA","Supermarket","","","USDA","Maricopa (County, 2022)"
"Aldi 79158","1401 E Bell Rd","","Phoenix","AZ","85022","MARICOPA","Supermarket","","","USDA","Maricopa (County, 2022)"
"Aldi 79163","2737 S Signal Butte Rd","","Mesa","AZ","85209","MARICOPA","Supermarket","","","USDA","Maricopa (County, 2022)"
"Alpha Fresh Food Supermarket Store","5138 W Northern Ave","","Glendale","AZ","85301","MARICOPA","Grocery Store","","","USDA","Maricopa (County, 2022)"
"Altayebat Market","7136 N 35th Ave","","Phoenix","AZ","85051","MARICOPA","Grocery Store","","","USDA","Maricopa (County, 2022)"
"America Market Place Llc","6802 E Thomas Rd","","Scottsdale","AZ","85251","MARICOPA","Other","","","USDA","Maricopa (County, 2022)"
"American Discount Foods","1360 W Southern Ave","","Mesa","AZ","85202","MARICOPA","Other","","","USDA","Maricopa (County, 2022)"
"American Discount Foods 2","9333 E Apache TR","Ste 115","Mesa","AZ","85207","MARICOPA","Grocery Store","","","USDA","Maricopa (County, 2022)"
"Amigo's Market 1","7536 W Glendale Ave","","Glendale","AZ","85303","MARICOPA","Convenience Store","","","USDA","Maricopa (County, 2022)"
"Amigos Market 1","1350 W University Dr","","Mesa","AZ","85201","MARICOPA","Convenience Store","","","USDA","Maricopa (County, 2022)"
"Ampm Nio Market","2902 N 16th St","","Phoenix","AZ","85016","MARICOPA","Convenience Store","","","USDA","Maricopa (County, 2022)"
"Angie's Mini Market 1","3563 W Dunlap Ave","","Phoenix","AZ","85051","MARICOPA","Convenience Store","","","USDA","Maricopa (County, 2022)"
"Apna Bazaar","3607 E Bell Rd","Ste 2","Phoenix","AZ","85032","MARICOPA","Grocery Store","","","USDA","Maricopa (County, 2022)"
"Arco #42445 Ampm 42445","7849 N 43rd Ave","","Phoenix","AZ","85051","MARICOPA","Convenience Store","","","USDA","Maricopa (County, 2022)"
"Arco 42530","3610 E Bell Rd","","Phoenix","AZ","85032","MARICOPA","Convenience Store","","","USDA","Maricopa (County, 2022)"
"Arco AM/PM","1825 N 24th St","","Phoenix","AZ","85008","MARICOPA","Convenience Store","","","USDA","Maricopa (County, 2022)"
"Arco AM/PM 2816","2816 E Mckellips Rd","","Mesa","AZ","85213","MARICOPA","Convenience Store","","","USDA","Maricopa (County, 2022)"
"Arco Am Pm 42666","37 N Mcqueen Rd","","Gilbert","AZ","85233","MARICOPA","Convenience Store","","","USDA","Maricopa (County, 2022)"
"Arco Am Pm 42707","5101 W Thomas Rd","","Phoenix","AZ","85031","MARICOPA","Convenience Store","","","USDA","Maricopa (County, 2022)"
"Arco Am Pm 5439","25 W McKellips Rd","","Mesa","AZ","85201","MARICOPA","Convenience Store","","","USDA","Maricopa (County, 2022)"
"Arco Am Pm 82090","1208 S Ellsworth Rd","","Mesa","AZ","85209","MARICOPA","Convenience Store","","","USDA","Maricopa (County, 2022)"
"Arco Am/pm","10601 N Scottsdale Rd","","Scottsdale","AZ","85254","MARICOPA","Convenience Store","","","USDA","Maricopa (County, 2022)"
"Arco Am/pm 42443","980 W University Dr","","Tempe","AZ","85281","MARICOPA","Convenience Store","","","USDA","Maricopa (County, 2022)"
"Arco Am/pm 42879","786 W Guadalupe Rd","","Gilbert","AZ","85233","MARICOPA","Convenience Store","","","USDA","Maricopa (County, 2022)"
"Arco Am/pm Store","4245 W Bethany Home Rd","","Phoenix","AZ","85019","MARICOPA","Convenience Store","","","USDA","Maricopa (County, 2022)"
"Arco Ampm","12222 N 32nd St","","Phoenix","AZ","85032","MARICOPA","Convenience Store","","","USDA","Maricopa (County, 2022)"
"Arco Ampm","1601 N 27th Ave","","Phoenix","AZ","85009","MARICOPA","Convenience Store","","","USDA","Maricopa (County, 2022)"
"Arco Ampm 42460","5105 W Camelback Rd","","Phoenix","AZ","85031","MARICOPA","Convenience Store","","","USDA","Maricopa (County, 2022)"
"Arco Ampm 42469","3501 W Peoria Ave","","Phoenix","AZ","85029","MARICOPA","Convenience Store","","","USDA","Maricopa (County, 2022)"
"Arco Ampm 42524","10303 Grand Ave","","Sun City","AZ","85351","MARICOPA","Convenience Store","","","USDA","Maricopa (County, 2022)"
"Arco Ampm 42525","1735 S Cooper Rd","","Chandler","AZ","85286","MARICOPA","Convenience Store","","","USDA","Maricopa (County, 2022)"
"Arco Ampm 42527","1201 E Northern Ave","","Phoenix","AZ","85020","MARICOPA","Convenience Store","","","USDA","Maricopa (County, 2022)"
"Arco Ampm 42572","8350 E McDowell Rd","","Scottsdale","AZ","85257","MARICOPA","Convenience Store","","","USDA","Maricopa (County, 2022)"
"Arco Ampm 42749","4249 E Thomas Rd","","Phoenix","AZ","85018","MARICOPA","Convenience Store","","","USDA","Maricopa (County, 2022)"
"Arco Ampm Gas Station 42593","8271 W Thunderbird Rd","","Peoria","AZ","85381","MARICOPA","Convenience Store","","","USDA","Maricopa (County, 2022)"
"Arco Food Mart","10809 N Frank Lloyd Wright Blvd","","Scottsdale","AZ","85259","MARICOPA","Convenience Store","","","USDA","Maricopa (County, 2022)"
"Arco Food Mart","2740 W Northern Ave","","Phoenix","AZ","85051","MARICOPA","Convenience Store","","","USDA","Maricopa (County, 2022)"
"Arco am/pm","365 E Southern Ave","","Mesa","AZ","85210","MARICOPA","Convenience Store","","","USDA","Maricopa (County, 2022)"
"Arizona Restaurant Wholesale","832 W Baseline Rd","Ste 1","Mesa","AZ","85210","MARICOPA","Other","","","USDA","Maricopa (County, 2022)"
"Arizona Sky Ent Inc dba Subway 1318","3329 E Bell Rd","Ste 16","Phoenix","AZ","85032","MARICOPA","Restaurant Meals Program","","","USDA","Maricopa (County, 2022)"
"Arizona Sky Ent Inc dba Subway 61517","3230 East Union Hills Dr","Ste 125","Phoenix","AZ","85050","MARICOPA","Restaurant Meals Program","","","USDA","Maricopa (County, 2022)"
"Arizona State University","671 E Apache Blvd","Ste 128","Tempe","AZ","85281","MARICOPA","Convenience Store","","","USDA","Maricopa (County, 2022)"
"Ark Asian Mart Llc","6023 N 43rd Ave","","Phoenix","AZ","85019","MARICOPA","Convenience Store","","","USDA","Maricopa (County, 2022)"
"Arlington Cattle Co Beef Shop","903 E Monroe Ave","","Buckeye","AZ","85326","MARICOPA","Specialty Store","","","USDA","Maricopa (County, 2022)"
"Asian Grocery Store","2650 W Glenrosa Ave","Ste 10","Phoenix","AZ","85017","MARICOPA","Grocery Store","","","USDA","Maricopa (County, 2022)"
"Asian Nest Market","3411 W Northern Ave","Ste D & E","Phoenix","AZ","85051","MARICOPA","Grocery Store","","","USDA","Maricopa (County, 2022)"
"Asiana Market","1135 S Dobson Rd","","Mesa","AZ","85202","MARICOPA","Super Store","","","USDA","Maricopa (County, 2022)"
"Asiana Market Glendale Inc.","4410 W Union Hills Dr","","Glendale","AZ","85308","MARICOPA","Super Store","","","USDA","Maricopa (County, 2022)"
"Az Liquors","8207 S Avenida del Yaqui","","Guadalupe","AZ","85283","MARICOPA","Convenience Store","","","USDA","Maricopa (County, 2022)"
"BURGER KING 11462","695 S Val Vista Dr","","Gilbert","AZ","85296","MARICOPA","Restaurant Meals Program","","","USDA","Maricopa (County, 2022)"
"BURGER KING 14737","709 E Broadway Rd","","Phoenix","AZ","85040","MARICOPA","Restaurant Meals Program","","","USDA","Maricopa (County, 2022)"
"BURGER KING 15021","23682 S Power Rd","","Queen Creek","AZ","85142","MARICOPA","Restaurant Meals Program","","","USDA","Maricopa (County, 2022)"
"BURGER KING 15848","7455 S Power Rd","","Queen Creek","AZ","85142","MARICOPA","Restaurant Meals Program","","","USDA","Maricopa (County, 2022)"
"BURGER KING 16209","1970 W Baseline Rd","","Phoenix","AZ","85041","MARICOPA","Restaurant Meals Program","","","USDA","Maricopa (County, 2022)"
"BURGER KING 21378","10025 E Southern Ave","","Mesa","AZ","85209","MARICOPA","Restaurant Meals Program","","","USDA","Maricopa (County, 2022)"
"BURGER KING 21771","34193 N Cave Creek Rd","","Cave Creek","AZ","85331","MARICOPA","Restaurant Meals Program","","","USDA","Maricopa (County, 2022)"
"BURGER KING 2303","4422 W Glendale Ave","","Glendale","AZ","85301","MARICOPA","Restaurant Meals Program","","","USDA","Maricopa (County, 2022)"
"BURGER KING 23257","1730 N HIGLEY ROAD","","GILBERT","AZ","85234","MARICOPA","Restaurant Meals Program","","","USDA","Maricopa (County, 2022)"
"BURGER KING 23627","1901 W Buckeye Rd","","Phoenix","AZ","85009","MARICOPA","Restaurant Meals Program","","","USDA","Maricopa (County, 2022)"
"BURGER KING 23670","4102 N 19th Ave","","Phoenix","AZ","85015","MARICOPA","Restaurant Meals Program","","","USDA","Maricopa (County, 2022)"
"BURGER KING 23884","2260 W Baseline Rd","","Tempe","AZ","85283","MARICOPA","Restaurant Meals Program","","","USDA","Maricopa (County, 2022)"
"BURGER KING 25689","353 E Brown Rd","","Mesa","AZ","85201","MARICOPA","Restaurant Meals Program","","","USDA","Maricopa (County, 2022)"
"BURGER KING 26142","2436 E Indian School Rd","","Phoenix","AZ","85016","MARICOPA","Restaurant Meals Program","","","USDA","Maricopa (County, 2022)"
"BURGER KING 26706","6758 E University Dr","","Mesa","AZ","85205","MARICOPA","Restaurant Meals Program","","","USDA","Maricopa (County, 2022)"
"BURGER KING 4105","1611 E Thomas Rd","","Phoenix","AZ","85016","MARICOPA","Restaurant Meals Program","","","USDA","Maricopa (County, 2022)"
"BURGER KING 4747","2640 W Bethany Home Rd","","Phoenix","AZ","85017","MARICOPA","Restaurant Meals Program","","","USDA","Maricopa (County, 2022)"
"BURGER KING 4985","6737 E Thomas Rd","","Scottsdale","AZ","85251","MARICOPA","Restaurant Meals Program","","","USDA","Maricopa (County, 2022)"
"BURGER KING 5241","4002 E Broadway Rd","","Phoenix","AZ","85040","MARICOPA","Restaurant Meals Program","","","USDA","Maricopa (County, 2022)"
"BURGER KING 6368","5859 E McKellips Rd","","Mesa","AZ","85215","MARICOPA","Restaurant Meals Program","","","USDA","Maricopa (County, 2022)"
"BURGER KING 7035","9154 E Main St","","Mesa","AZ","85207","MARICOPA","Restaurant Meals Program","","","USDA","Maricopa (County, 2022)"
"BURGER KING 8941","6820 E Superstition Springs Blvd","","Mesa","AZ","85209","MARICOPA","Restaurant Meals Program","","","USDA","Maricopa (County, 2022)"
"BURGER KING 9258","3164 E McDowell Rd","","Phoenix","AZ","85008","MARICOPA","Restaurant Meals Program","","","USDA","Maricopa (County, 2022)"
"Babel Mediterranean Market","18425 N 19th Ave","Ste 124","Phoenix","AZ","85023","MARICOPA","Grocery Store","","","USDA","Maricopa (County, 2022)"
"Baity Market 1","12450 N 35th Ave","Ste 95","Phoenix","AZ","85029","MARICOPA","Grocery Store","","","USDA","Maricopa (County, 2022)"
"Baiz Fresh Food","523 N 20th St","","Phoenix","AZ","85006","MARICOPA","Supermarket","","","USDA","Maricopa (County, 2022)"
"Baiz Fresh Foods","1858 W Baseline Rd","","Mesa","AZ","85202","MARICOPA","Super Store","","","USDA","Maricopa (County, 2022)"
"Bambi Buckeye Operating Llc","702 W Broadway Rd","","Phoenix","AZ","85041","MARICOPA","Convenience Store","","","USDA","Maricopa (County, 2022)"
"Baraka African Market Llc","5060 W Bethany Home Rd","Ste 17","Glendale","AZ","85301","MARICOPA","Grocery Store","","","USDA","Maricopa (County, 2022)"
"Bashas' 102","20351 N Lake Pleasant Rd","","Peoria","AZ","85382","MARICOPA","Super Store","","","USDA","Maricopa (County, 2022)"
"Bashas' 11","4855 E Warner Rd","","Phoenix","AZ","85044","MARICOPA","Super Store","","","USDA","Maricopa (County, 2022)"
"Bashas' 110","1133 N Ellsworth Rd","","Mesa","AZ","85207","MARICOPA","Super Store","","","USDA","Maricopa (County, 2022)"
"Bashas' 113","731 E Union Hills Dr","","Phoenix","AZ","85024","MARICOPA","Super Store","","","USDA","Maricopa (County, 2022)"
"Bashas' 130","5115 N Dysart Rd","Ste 150","Litchfield Park","AZ","85340","MARICOPA","Super Store","","","USDA","Maricopa (County, 2022)"
"Bashas' 137","15367 W Waddell Rd","","Surprise","AZ","85379","MARICOPA","Super Store","","","USDA","Maricopa (County, 2022)"
"Bashas' 15","10631 N 32nd St","","Phoenix","AZ","85028","MARICOPA","Super Store","","","USDA","Maricopa (County, 2022)"
"Bashas' 155","9925 E Baseline Rd","","Mesa","AZ","85209","MARICOPA","Super Store","","","USDA","Maricopa (County, 2022)"
"Bashas' 158","5521 N 7th St","","Phoenix","AZ","85014","MARICOPA","Super Store","","","USDA","Maricopa (County, 2022)"
"Bashas' 16","8423 E McDonald Dr","","Scottsdale","AZ","85250","MARICOPA","Super Store","","","USDA","Maricopa (County, 2022)"
"Bashas' 161","4940 S Gilbert Rd","","Chandler","AZ","85249","MARICOPA","Super Store","","","USDA","Maricopa (County, 2022)"
"Bashas' 172","99 S Higley Rd","","Gilbert","AZ","85296","MARICOPA","Super Store","","","USDA","Maricopa (County, 2022)"
"Bashas' 43","10325 E Riggs Rd","","Sun Lakes","AZ","85248","MARICOPA","Super Store","","","USDA","Maricopa (County, 2022)"
"Bashas' 46","23760 S Power Rd","","Queen Creek","AZ","85142","MARICOPA","Super Store","","","USDA","Maricopa (County, 2022)"
"Bashas' 47","16605 E Palisades Blvd","Ste 125","Fountain Hills","AZ","85268","MARICOPA","Super Store","","","USDA","Maricopa (County, 2022)"
"Bashas' 48","1761 E Warner Rd","","Tempe","AZ","85284","MARICOPA","Super Store","","","USDA","Maricopa (County, 2022)"
"Bashas' 51","1122 N Higley Rd","","Mesa","AZ","85205","MARICOPA","Super Store","","","USDA","Maricopa (County, 2022)"
"Bashas' 55","275 N Tegner St","","Wickenburg","AZ","85390","MARICOPA","Super Store","","","USDA","Maricopa (County, 2022)"
"Bashas' 56","21064 W Main St","","Buckeye","AZ","85396","MARICOPA","Super Store","","","USDA","Maricopa (County, 2022)"
"Bashas' 66","36889 TOM DARLINGTON","","CAREFREE","AZ","85377","MARICOPA","Super Store","","","USDA","Maricopa (County, 2022)"
"Bashas' 7","8035 E Indian School Rd","","Scottsdale","AZ","85251","MARICOPA","Super Store","","","USDA","Maricopa (County, 2022)"
"Bashas' 73","2864 N Power Rd","","Mesa","AZ","85215","MARICOPA","Super Store","","","USDA","Maricopa (County, 2022)"
"Bashas' 99","10111 E Bell Rd","","Scottsdale","AZ","85260","MARICOPA","Super Store","","","USDA","Maricopa (County, 2022)"
"Bati Bites","1510 W Mcdowell Rd","Ste 4","Phoenix","AZ","85007","MARICOPA","Other","","","USDA","Maricopa (County, 2022)"
"Bell Rd Food Mart","1602 E Bell Rd","","Phoenix","AZ","85022","MARICOPA","Convenience Store","","","USDA","Maricopa (County, 2022)"
"Ben Brothers Market LLC","1645 E Van Buren St","","Phoenix","AZ","85006","MARICOPA","Convenience Store","","","USDA","Maricopa (County, 2022)"
"Benchris African & Carribean Market","5532 N 43rd Ave","","Glendale","AZ","85301","MARICOPA","Other","","","USDA","Maricopa (County, 2022)"
"Bengal Mart","6114 N 59th Ave","Ste 8","Glendale","AZ","85301","MARICOPA","Other","","","USDA","Maricopa (County, 2022)"
"Bescadria Mi Guaymas 1","7223 W Indian School Rd","Ste A103","Phoenix","AZ","85033","MARICOPA","Grocery Store","","","USDA","Maricopa (County, 2022)"
"Best Farmers Market LLC","4825 N 27th Ave","","Phoenix","AZ","85017","MARICOPA","Grocery Store","","","USDA","Maricopa (County, 2022)"
"Best Liquor","3320 S Priest Dr","Ste 1","Tempe","AZ","85282","MARICOPA","Convenience Store","","","USDA","Maricopa (County, 2022)"
"Bethany Chevron 98190","1901 W Bethany Home Rd","","Phoenix","AZ","85015","MARICOPA","Convenience Store","","","USDA","Maricopa (County, 2022)"
"Bienvenido Al Buen Gusto Paisano","15601 N Greasewood St","","Surprise","AZ","85378","MARICOPA","Convenience Store","","","USDA","Maricopa (County, 2022)"
"Big Bs Market","4835 N 37th Ave","","Phoenix","AZ","85019","MARICOPA","Convenience Store","","","USDA","Maricopa (County, 2022)"
"Big Papa Pizza","825 W Southern Ave","Ste 108","Phoenix","AZ","85041","MARICOPA","Restaurant Meals Program","","","USDA","Maricopa (County, 2022)"
"Bill's Oak Grove Gas & Food Mart Inc.","7000 W Chandler Blvd","","Chandler","AZ","85226","MARICOPA","Convenience Store","","","USDA","Maricopa (County, 2022)"
"Bimbo Bakeries 9141","10414 N 19th Ave","","Phoenix","AZ","85021","MARICOPA","Specialty Store","","","USDA","Maricopa (County, 2022)"
"Bimbo Bakeries 9145","10050 W Bell Rd","Ste 24","Sun City","AZ","85351","MARICOPA","Specialty Store","","","USDA","Maricopa (County, 2022)"
"Block & Apron 1","20820 N 25th Pl","","Phoenix","AZ","85050","MARICOPA","Specialty Store","","","USDA","Maricopa (County, 2022)"
"El Pollo Loco #3755","5009 McDowell Rd","","Phoenix","AZ","85043","MARICOPA","Restaurant Meals Program","","","USDA","Maricopa (County, 2022)"
"El Pollo Loco #3756","6535 W Indian School Rd","","Phoenix","AZ","85033","MARICOPA","Restaurant Meals Program","","","USDA","Maricopa (County, 2022)"
"El Pollo Loco #3757","1715 S Power Rd","","Mesa","AZ","85206","MARICOPA","Restaurant Meals Program","","","USDA","Maricopa (County, 2022)"
"El Pollo Loco #3758","510 E Bell Rd","","Phoenix","AZ","85022","MARICOPA","Restaurant Meals Program","","","USDA","Maricopa (County, 2022)"
"El Pollo Loco #3759","2410 W Northern Avenue","","Phoenix","AZ","85021","MARICOPA","Restaurant Meals Program","","","USDA","Maricopa (County, 2022)"
"El Pollo Loco #3760","4102 E Thomas Rd","","Phoenix","AZ","85018","MARICOPA","Restaurant Meals Program","","","USDA","Maricopa (County, 2022)"
"El Pollo Loco #3761","1036 S Country Club Dr.","","Mesa","AZ","85210","MARICOPA","Restaurant Meals Program","","","USDA","Maricopa (County, 2022)"
"El Pollo Loco #3763","2253 E Baseline Rd","","Gilbert","AZ","85234","MARICOPA","Restaurant Meals Program","","","USDA","Maricopa (County, 2022)"
"El Pollo Loco #3908","1530 W Baseline Rd","","Tempe","AZ","85283","MARICOPA","Restaurant Meals Program","","","USDA","Maricopa (County, 2022)"
"El Pollo Loco 3561","5810 W Bell Rd","","Glendale","AZ","85308","MARICOPA","Restaurant Meals Program","","","USDA","Maricopa (County, 2022)"
"El Pollo Loco 3566","5130 S McClintock Dr","","Tempe","AZ","85282","MARICOPA","Restaurant Meals Program","","","USDA","Maricopa (County, 2022)"
"El Pollo Loco 3578","4091 S Gilbert Rd","","Gilbert","AZ","85297","MARICOPA","Restaurant Meals Program","","","USDA","Maricopa (County, 2022)"
"El Pollo Loco 3584","949 N Dobson Rd","","Mesa","AZ","85201","MARICOPA","Restaurant Meals Program","","","USDA","Maricopa (County, 2022)"
"El Pollo Loco 3598","758 S Watson Rd","","Buckeye","AZ","85326","MARICOPA","Restaurant Meals Program","","","USDA","Maricopa (County, 2022)"
"El Pollo Loco 3599","10000 W Happy Valley Pkwy","","Peoria","AZ","85383","MARICOPA","Restaurant Meals Program","","","USDA","Maricopa (County, 2022)"
"El Pollo Loco 3854","13233 W McDowell Rd","","Goodyear","AZ","85395","MARICOPA","Restaurant Meals Program","","","USDA","Maricopa (County, 2022)"
"El Pollo Loco 3855","15540 N Hayden Rd","","Scottsdale","AZ","85260","MARICOPA","Restaurant Meals Program","","","USDA","Maricopa (County, 2022)"
"El Pollo Loco 3856","4728 E Ray Rd","","Phoenix","AZ","85044","MARICOPA","Restaurant Meals Program","","","USDA","Maricopa (County, 2022)"
"El Pollo Loco 3857","15255 N 64th St","","Scottsdale","AZ","85254","MARICOPA","Restaurant Meals Program","","","USDA","Maricopa (County, 2022)"
"El Pollo Loco 3858","4302 W Cactus Rd","","Glendale","AZ","85304","MARICOPA","Restaurant Meals Program","","","USDA","Maricopa (County, 2022)"
"El Pollo Loco 3859","10135 W McDowell Rd","","Avondale","AZ","85392","MARICOPA","Restaurant Meals Program","","","USDA","Maricopa (County, 2022)"
"El Pollo Loco 3860","2520 W Chandler Blvd","","Chandler","AZ","85224","MARICOPA","Restaurant Meals Program","","","USDA","Maricopa (County, 2022)"
"El Primos Mini Mart","1020 S 19th Ave","","Phoenix","AZ","85009","MARICOPA","Convenience Store","","","USDA","Maricopa (County, 2022)"
"El Rancho Market","8901 N 19th Ave","","Phoenix","AZ","85021","MARICOPA","Super Store","","","USDA","Maricopa (County, 2022)"
"El Rey De Los Ostiones","4141 N 35th Ave","","Phoenix","AZ","85017","MARICOPA","Other","","","USDA","Maricopa (County, 2022)"
"El Super 19","7502 W Thomas Rd","","Phoenix","AZ","85033","MARICOPA","Supermarket","","","USDA","Maricopa (County, 2022)"
"El Super 22","3130 E Thomas Rd","","Phoenix","AZ","85016","MARICOPA","Supermarket","","","USDA","Maricopa (County, 2022)"
"El Super 53","1251 E Southern Ave","","Mesa","AZ","85204","MARICOPA","Supermarket","","","USDA","Maricopa (County, 2022)"
"El Super 55","2211 W Camelback Rd","","Phoenix","AZ","85015","MARICOPA","Supermarket","","","USDA","Maricopa (County, 2022)"
"El Super 8","5127 W Indian School Rd","","Phoenix","AZ","85031","MARICOPA","Supermarket","","","USDA","Maricopa (County, 2022)"
"El Super Rancho","4501 N 27th Ave","","Phoenix","AZ","85017","MARICOPA","Grocery Store","","","USDA","Maricopa (County, 2022)"
"Elliot Market","17750 W Elliot Rd","","Goodyear","AZ","85338","MARICOPA","Convenience Store","","","USDA","Maricopa (County, 2022)"
"Elsa's Food Mart 1","812 E University Dr","","Mesa","AZ","85203","MARICOPA","Convenience Store","","","USDA","Maricopa (County, 2022)"
"Em Valero (Scottsdale Minimart)","6842 E Thomas Rd","","Scottsdale","AZ","85251","MARICOPA","Convenience Store","","","USDA","Maricopa (County, 2022)"
"Escalante Community Garden","2150 E Orange St","","Tempe","AZ","85281","MARICOPA","Farmers and Markets","","Pinnacle Prevention Corporation","USDA","Maricopa (County, 2022)"
"Eubate African Market & Beauty Supply","5925 W Olive Ave","Ste 10b","Glendale","AZ","85302","MARICOPA","Other","","","USDA","Maricopa (County, 2022)"
"Euro Bakery","15440 N 35th Ave","Ste 15","Phoenix","AZ","85053","MARICOPA","Convenience Store","","","USDA","Maricopa (County, 2022)"
"Ez Trip","4002 E Mcdowell Rd","","Phoenix","AZ","85008","MARICOPA","Convenience Store","","","USDA","Maricopa (County, 2022)"
"F1 Food And Fuel Llc","8941 N 12th St","","Phoenix","AZ","85020","MARICOPA","Convenience Store","","","USDA","Maricopa (County, 2022)"
"FOOD STATE MARKET","3202 E Broadway Rd","","Phoenix","AZ","85040","MARICOPA","Grocery Store","","","USDA","Maricopa (County, 2022)"
"FRY'S #694","2800 W Dove Valley Rd","","Phoenix","AZ","85085","MARICOPA","Super Store","","","USDA","Maricopa (County, 2022)"
"FRY'S 10","4353 W Bethany Home Rd","","Glendale","AZ","85301","MARICOPA","Super Store","","","USDA","Maricopa (County, 2022)"
"FRY'S 101","3232 S Mill Ave","","Tempe","AZ","85282","MARICOPA","Super Store","","","USDA","Maricopa (County, 2022)"
"FRY'S 11","6710 W Bethany Home Rd","","Glendale","AZ","85303","MARICOPA","Super Store","","","USDA","Maricopa (County, 2022)"
"FRY'S 112","1575 N Dysart Rd","","Avondale","AZ","85392","MARICOPA","Super Store","","","USDA","Maricopa (County, 2022)"
"FRY'S 113","1245 W Main St","","Mesa","AZ","85201","MARICOPA","Super Store","","","USDA","Maricopa (County, 2022)"
"FRY'S 114","9245 W Union Hills Dr","","Peoria","AZ","85382","MARICOPA","Super Store","","","USDA","Maricopa (County, 2022)"
"FRY'S 115","435 S Ellsworth Rd","","Mesa","AZ","85208","MARICOPA","Super Store","","","USDA","Maricopa (County, 2022)"
"FRY'S 12","18420 N 19th Ave","","Phoenix","AZ","85023","MARICOPA","Super Store","","","USDA","Maricopa (County, 2022)"
"FRY'S 120","6321 E Greenway Rd","","Scottsdale","AZ","85254","MARICOPA","Super Store","","","USDA","Maricopa (County, 2022)"
"FRY'S 121","4025 E Thunderbird Rd","","Phoenix","AZ","85032","MARICOPA","Super Store","","","USDA","Maricopa (County, 2022)"
"FRY'S 122","10660 Grand Ave","","Sun City","AZ","85351","MARICOPA","Super Store","","","USDA","Maricopa (County, 2022)"
"FRY'S 123","2727 E Broadway Rd","","Mesa","AZ","85204","MARICOPA","Super Store","","","USDA","Maricopa (County, 2022)"
"FRY'S 124","3255 S Rural Rd","","Tempe","AZ","85282","MARICOPA","Super Store","","","USDA","Maricopa (County, 2022)"
"FRY'S 125","10450 N 90th St","","Scottsdale","AZ","85258","MARICOPA","Super Store","","","USDA","Maricopa (County, 2022)"
"FRY'S 126","6601 W Indian School Rd","","Phoenix","AZ","85033","MARICOPA","Super Store","","","USDA","Maricopa (County, 2022)"
"FRY'S 127","4204 W Cactus Rd","","Phoenix","AZ","85029","MARICOPA","Super Store","","","USDA","Maricopa (County, 2022)"
"FRY'S 128","744 W Camelback Rd","","Phoenix","AZ","85013","MARICOPA","Super Store","","","USDA","Maricopa (County, 2022)"
"FRY'S 129","4724 N 20th St","","Phoenix","AZ","85016","MARICOPA","Super Store","","","USDA","Maricopa (County, 2022)"
"FRY'S 135","4505 E Thomas Rd","","Phoenix","AZ","85018","MARICOPA","Super Store","","","USDA","Maricopa (County, 2022)"
"FRY'S 136","4329 W Northern Ave","","Glendale","AZ","85301","MARICOPA","Super Store","","","USDA","Maricopa (County, 2022)"
"FRY'S 2","3036 E Thomas Rd","","Phoenix","AZ","85016","MARICOPA","Super Store","","","USDA","Maricopa (County, 2022)"
"FRY'S 22","1835 E Guadalupe Rd","","Tempe","AZ","85283","MARICOPA","Super Store","","","USDA","Maricopa (County, 2022)"
"FRY'S 23","5941 E McKellips Rd","","Mesa","AZ","85215","MARICOPA","Super Store","","","USDA","Maricopa (County, 2022)"
"FRY'S 26","5116 W Olive Ave","","Glendale","AZ","85302","MARICOPA","Super Store","","","USDA","Maricopa (County, 2022)"
"FRY'S 27","3616 E Ray Rd","","Phoenix","AZ","85044","MARICOPA","Super Store","","","USDA","Maricopa (County, 2022)"
"FRY'S 28","4315 W Bell Rd","","Glendale","AZ","85308","MARICOPA","Super Store","","","USDA","Maricopa (County, 2022)"
"FRY'S 37","981 W Elliot Rd","","Chandler","AZ","85225","MARICOPA","Super Store","","","USDA","Maricopa (County, 2022)"
"FRY'S 40","3421 W Thunderbird Rd","","Phoenix","AZ","85053","MARICOPA","Super Store","","","USDA","Maricopa (County, 2022)"
"FRY'S 43","2700 W Baseline Rd","","Tempe","AZ","85283","MARICOPA","Super Store","","","USDA","Maricopa (County, 2022)"
"FRY'S 45","7455 W Cactus Rd","","Peoria","AZ","85381","MARICOPA","Super Store","","","USDA","Maricopa (County, 2022)"
"FRY'S 46","520 E Baseline Rd","","Phoenix","AZ","85042","MARICOPA","Super Store","","","USDA","Maricopa (County, 2022)"
"FRY'S 5","7770 E McDowell Rd","","Scottsdale","AZ","85257","MARICOPA","Super Store","","","USDA","Maricopa (County, 2022)"
"FRY'S 51","1950 W Ray Rd","","Chandler","AZ","85224","MARICOPA","Super Store","","","USDA","Maricopa (County, 2022)"
"FRY'S 52","855 W Warner Rd","","Gilbert","AZ","85233","MARICOPA","Super Store","","","USDA","Maricopa (County, 2022)"
"FRY'S 54","4842 E Bell Rd","","Scottsdale","AZ","85254","MARICOPA","Super Store","","","USDA","Maricopa (County, 2022)"
"FRY'S 55","1915 S Power Rd","","Mesa","AZ","85206","MARICOPA","Super Store","","","USDA","Maricopa (County, 2022)"
"FRY'S 56","9043 W Olive Ave","","Peoria","AZ","85345","MARICOPA","Super Store","","","USDA","Maricopa (County, 2022)"
"FRY'S 6","5771 W Thunderbird Rd","","Glendale","AZ","85306","MARICOPA","Super Store","","","USDA","Maricopa (County, 2022)"
"FRY'S 60","20220 N 59th Ave","","Glendale","AZ","85308","MARICOPA","Super Store","","","USDA","Maricopa (County, 2022)"
"FRY'S 607","5100 S McClintock Dr","","Tempe","AZ","85282","MARICOPA","Super Store","","","USDA","Maricopa (County, 2022)"
"FRY'S 609","850 E Hatcher Rd","","Phoenix","AZ","85020","MARICOPA","Super Store","","","USDA","Maricopa (County, 2022)"
"FRY'S 61","15510 W Bell Rd","","Surprise","AZ","85374","MARICOPA","Super Store","","","USDA","Maricopa (County, 2022)"
"FRY'S 610","4230 W McDowell Rd","","Phoenix","AZ","85009","MARICOPA","Super Store","","","USDA","Maricopa (County, 2022)"
"FRY'S 611","4440 E Main St","","Mesa","AZ","85205","MARICOPA","Super Store","","","USDA","Maricopa (County, 2022)"
"FRY'S 612","4707 E Shea Blvd","","Phoenix","AZ","85028","MARICOPA","Super Store","","","USDA","Maricopa (County, 2022)"
"FRY'S 617","2727 W Bell Rd","","Phoenix","AZ","85053","MARICOPA","Super Store","","","USDA","Maricopa (County, 2022)"
"FRY'S 618","3246 E Bell Rd","","Phoenix","AZ","85032","MARICOPA","Super Store","","","USDA","Maricopa (County, 2022)"
"FRY'S 619","8325 W Indian School Rd","","Phoenix","AZ","85037","MARICOPA","Super Store","","","USDA","Maricopa (County, 2022)"
"FRY'S 62","554 W Baseline Rd","","Mesa","AZ","85210","MARICOPA","Super Store","","","USDA","Maricopa (County, 2022)"
"FRY'S 621","8900 E Via Linda","","Scottsdale","AZ","85258","MARICOPA","Super Store","","","USDA","Maricopa (County, 2022)"
"FRY'S 623","1815 W Glendale Ave","","Phoenix","AZ","85021","MARICOPA","Super Store","","","USDA","Maricopa (County, 2022)"
"FRY'S 624","1845 E Baseline Rd","","Gilbert","AZ","85233","MARICOPA","Super Store","","","USDA","Maricopa (County, 2022)"
"FRY'S 625","6611 W Bell Rd","","Glendale","AZ","85308","MARICOPA","Super Store","","","USDA","Maricopa (County, 2022)"
"FRY'S 627","9900 S Rural Rd","","Tempe","AZ","85284","MARICOPA","Super Store","","","USDA","Maricopa (County, 2022)"
"FRY'S 628","3949 E Chandler Blvd","","Phoenix","AZ","85048","MARICOPA","Super Store","","","USDA","Maricopa (County, 2022)"
"FRY'S 64","714 S Val Vista Dr","","Gilbert","AZ","85296","MARICOPA","Super Store","","","USDA","Maricopa (County, 2022)"
"FRY'S 641","3511 W Peoria Ave","","Phoenix","AZ","85029","MARICOPA","Super Store","","","USDA","Maricopa (County, 2022)"
"FRY'S 66","10675 W Indian School Rd","","Avondale","AZ","85392","MARICOPA","Super Store","","","USDA","Maricopa (County, 2022)"
"FRY'S 668","985 E Riggs Rd","","Chandler","AZ","85249","MARICOPA","Super Store","","","USDA","Maricopa (County, 2022)"
"FRY'S 67","4815 E Carefree Hwy Bldg 100","","Cave Creek","AZ","85331","MARICOPA","Super Store","","","USDA","Maricopa (County, 2022)"
"FRY'S 69","2010 S Alma School Rd","","Chandler","AZ","85248","MARICOPA","Super Store","","","USDA","Maricopa (County, 2022)"
"FRY'S 70","14845 E Shea Blvd","","Fountain Hills","AZ","85268","MARICOPA","Super Store","","","USDA","Maricopa (County, 2022)"
"FRY'S 72","87 E Williams Field Rd","","Gilbert","AZ","85295","MARICOPA","Super Store","","","USDA","Maricopa (County, 2022)"
"FRY'S 73","6625 W Happy Valley Rd","","Glendale","AZ","85310","MARICOPA","Super Store","","","USDA","Maricopa (County, 2022)"
"FRY'S 74","8375 W Deer Valley Rd","","Peoria","AZ","85382","MARICOPA","Super Store","","","USDA","Maricopa (County, 2022)"
"FRY'S 75","3261 E Pecos Rd","","Gilbert","AZ","85295","MARICOPA","Super Store","","","USDA","Maricopa (County, 2022)"
"FRY'S 79","2626 S 83rd Ave","","Phoenix","AZ","85043","MARICOPA","Super Store","","","USDA","Maricopa (County, 2022)"
"FRY'S 81","2250 E Baseline Rd","","Phoenix","AZ","85042","MARICOPA","Super Store","","","USDA","Maricopa (County, 2022)"
"FRY'S 87","5140 W Baseline Rd","","Laveen","AZ","85339","MARICOPA","Super Store","","","USDA","Maricopa (County, 2022)"
"FRY'S 89","11425 W Buckeye Rd","","Avondale","AZ","85323","MARICOPA","Super Store","","","USDA","Maricopa (County, 2022)"
"FRY'S MARKETPLACE 622","1935 N Stapley Dr","","Mesa","AZ","85203","MARICOPA","Super Store","","","USDA","Maricopa (County, 2022)"
"Fabry Food Market Llc 1","3243 W Thomas Rd","Ste B","Phoenix","AZ","85017","MARICOPA","Other","","","USDA","Maricopa (County, 2022)"
"Fairway Liquor Market","340 W Brown Rd","","Mesa","AZ","85201","MARICOPA","Convenience Store","","","USDA","Maricopa (County, 2022)"
"Fam's Fred Fish","4117 N 19th Ave","","Phoenix","AZ","85015","MARICOPA","Restaurant Meals Program","","","USDA","Maricopa (County, 2022)"
"Family Dollar 10071","5846 N 43rd Ave","","Glendale","AZ","85301","MARICOPA","Other","","","USDA","Maricopa (County, 2022)"
"Family Dollar 10413","8801 N 7th St","","Phoenix","AZ","85020","MARICOPA","Other","","","USDA","Maricopa (County, 2022)"
"Family Dollar 10848","725 W Indian School Rd","Ste 126","Phoenix","AZ","85013","MARICOPA","Other","","","USDA","Maricopa (County, 2022)"
"Family Dollar 11140","12101 W Thunderbird Rd","","El Mirage","AZ","85335","MARICOPA","Other","","","USDA","Maricopa (County, 2022)"
"Family Dollar 11184","5435 N 59th Ave","","Glendale","AZ","85301","MARICOPA","Other","","","USDA","Maricopa (County, 2022)"
"Family Dollar 11495","3605 W Thomas Rd","","Phoenix","AZ","85019","MARICOPA","Other","","","USDA","Maricopa (County, 2022)"
"Family Dollar 11505","2230 E Broadway Rd","","Phoenix","AZ","85040","MARICOPA","Other","","","USDA","Maricopa (County, 2022)"
"Family Dollar 11565","5628 N 27th Ave","","Phoenix","AZ","85017","MARICOPA","Other","","","USDA","Maricopa (County, 2022)"
"Family Dollar 11626","6868 W Indian School Rd","","Phoenix","AZ","85033","MARICOPA","Other","","","USDA","Maricopa (County, 2022)"
"Family Dollar 11691","12025 N 19th Ave","","Phoenix","AZ","85029","MARICOPA","Other","","","USDA","Maricopa (County, 2022)"
"Family Dollar 11786","3121 E Van Buren St","","Phoenix","AZ","85008","MARICOPA","Other","","","USDA","Maricopa (County, 2022)"
"Family Dollar 11787","12214 W Lower Buckeye Rd","","Avondale","AZ","85353","MARICOPA","Other","","","USDA","Maricopa (County, 2022)"
"Family Dollar 11796","5109 W Thomas Rd","Ste 101","Phoenix","AZ","85031","MARICOPA","Other","","","USDA","Maricopa (County, 2022)"
"Family Dollar 12019","3349 N 19th Ave","","Phoenix","AZ","85015","MARICOPA","Other","","","USDA","Maricopa (County, 2022)"
"Family Dollar 12211","6895 N 44th Ave","","Glendale","AZ","85301","MARICOPA","Other","","","USDA","Maricopa (County, 2022)"
"Family Dollar 12301","2046 E Thomas Rd","","Phoenix","AZ","85016","MARICOPA","Other","","","USDA","Maricopa (County, 2022)"
"Family Dollar 12437","2709 W Camelback Rd","","Phoenix","AZ","85017","MARICOPA","Other","","","USDA","Maricopa (County, 2022)"
"Family Dollar 12694","6036 E Main Street","","Mesa","AZ","85205","MARICOPA","Other","","","USDA","Maricopa (County, 2022)"
"Family Dollar 8291","13602 N 99th Ave","","Sun City","AZ","85351","MARICOPA","Other","","","USDA","Maricopa (County, 2022)"
"Family Dollar 8531","4725 E Southern Ave","","Phoenix","AZ","85042","MARICOPA","Other","","","USDA","Maricopa (County, 2022)"
"Family Dollar 8644","4239 W McDowell Rd","Ste 24","Phoenix","AZ","85009","MARICOPA","Other","","","USDA","Maricopa (County, 2022)"
"Family Dollar 9117","400 N 67th Ave","","Phoenix","AZ","85043","MARICOPA","Other","","","USDA","Maricopa (County, 2022)"
"Family Dollar 9149","5255 S Central Ave","","Phoenix","AZ","85040","MARICOPA","Other","","","USDA","Maricopa (County, 2022)"
"Family Dollar Store 10741","50518 N Eagle View Dr","","Aguila","AZ","85320","MARICOPA","Other","","","USDA","Maricopa (County, 2022)"
"Family Dollar Store 11819","15813 N Cave Creek Rd","Ste 101","Phoenix","AZ","85032","MARICOPA","Other","","","USDA","Maricopa (County, 2022)"
"Family Dollar Store 3692","6420 N 59th Ave","","Glendale","AZ","85301","MARICOPA","Other","","","USDA","Maricopa (County, 2022)"
"Family Dollar Store 3914","255 E Southern Ave","Suite 9","Mesa","AZ","85210","MARICOPA","Other","","","USDA","Maricopa (County, 2022)"
"Family Dollar Store 4024","3542 W Northern Ave","","Phoenix","AZ","85051","MARICOPA","Other","","","USDA","Maricopa (County, 2022)"
"Family Dollar Store 4410","9796 W Peoria Ave","","Peoria","AZ","85345","MARICOPA","Other","","","USDA","Maricopa (County, 2022)"
"Family Dollar Store 4743","1635 E Southern Ave","","Phoenix","AZ","85040","MARICOPA","Other","","","USDA","Maricopa (County, 2022)"
"Family Dollar Store 5024","1027 N Arizona Ave","","Chandler","AZ","85225","MARICOPA","Other","","","USDA","Maricopa (County, 2022)"
"Family Dollar Store 5048","1235 W Wickenburg Way","","Wickenburg","AZ","85390","MARICOPA","Other","","","USDA","Maricopa (County, 2022)"
"Family Dollar Store 5095","709 E Monroe Ave","","Buckeye","AZ","85326","MARICOPA","Other","","","USDA","Maricopa (County, 2022)"
"Family Dollar Store 5107","725 N Dysart Rd","","Avondale","AZ","85323","MARICOPA","Other","","","USDA","Maricopa (County, 2022)"
"Family Dollar Store 5218","865 S Dobson Rd","","Mesa","AZ","85202","MARICOPA","Other","","","USDA","Maricopa (County, 2022)"
"Family Dollar Store 5284","1628 W Camelback Rd","","Phoenix","AZ","85015","MARICOPA","Other","","","USDA","Maricopa (County, 2022)"
"Family Dollar Store 5773","1831 E McDowell Rd","","Phoenix","AZ","85006","MARICOPA","Other","","","USDA","Maricopa (County, 2022)"
"Family Dollar Store 5931","1630 N 36th St","","Phoenix","AZ","85008","MARICOPA","Other","","","USDA","Maricopa (County, 2022)"
"Family Dollar Store 6098","10645 N 19th Ave","","Phoenix","AZ","85029","MARICOPA","Other","","","USDA","Maricopa (County, 2022)"
"Family Dollar Store 6101","9602 W Van Buren St","","Tolleson","AZ","85353","MARICOPA","Other","","","USDA","Maricopa (County, 2022)"
"Family Dollar Store 6103","7026 S Central Ave","","Phoenix","AZ","85042","MARICOPA","Other","","","USDA","Maricopa (County, 2022)"
"Family Dollar Store 6228","1623 N 59th Ave","","Phoenix","AZ","85035","MARICOPA","Other","","","USDA","Maricopa (County, 2022)"
"Family Dollar Store 6291","1014 N 24th St","Ste 7","Phoenix","AZ","85008","MARICOPA","Other","","","USDA","Maricopa (County, 2022)"
"Family Dollar Store 6308","8411 W Indian School Rd","","Phoenix","AZ","85037","MARICOPA","Other","","","USDA","Maricopa (County, 2022)"
"Family Dollar Store 6362","2548 N 32nd St","","Phoenix","AZ","85008","MARICOPA","Other","","","USDA","Maricopa (County, 2022)"
"Family Dollar Store 6375","3555 W Van Buren St","","Phoenix","AZ","85009","MARICOPA","Other","","","USDA","Maricopa (County, 2022)"
"Family Dollar Store 6447","5801 E Calle Guadalupe","","Guadalupe","AZ","85283","MARICOPA","Other","","","USDA","Maricopa (County, 2022)"
"Family Dollar Store 7697","415 W Pima Ave","","Gila Bend","AZ","85337","MARICOPA","Other","","","USDA","Maricopa (County, 2022)"
"Family Dollar Store 7899","1717 W Southern Ave","","Phoenix","AZ","85041","MARICOPA","Other","","","USDA","Maricopa (County, 2022)"
"Family Dollar Store 7904","6744 W Glendale Ave","Ste 155","Glendale","AZ","85303","MARICOPA","Other","","","USDA","Maricopa (County, 2022)"
"Family Dollar Stores 11153","31206 N US Highway 60","","Wittmann","AZ","85361","MARICOPA","Other","","","USDA","Maricopa (County, 2022)"
"Family Market 1","1701 S 15th Ave","","Phoenix","AZ","85007","MARICOPA","Convenience Store","","","USDA","Maricopa (County, 2022)"
"Farm Express","275 N Gateway Dr","","Phoenix","AZ","85034","MARICOPA","Other","","","USDA","Maricopa (County, 2022)"
"Fast Market 4592","719 E Thunderbird Rd","","Phoenix","AZ","85022","MARICOPA","Convenience Store","","","USDA","Maricopa (County, 2022)"
"Fast Market 4593","20205 N Cave Creek Rd","","Phoenix","AZ","85024","MARICOPA","Convenience Store","","","USDA","Maricopa (County, 2022)"
"Fast Market 4597","21198 E Ocotillo Rd","","Queen Creek","AZ","85142","MARICOPA","Convenience Store","","","USDA","Maricopa (County, 2022)"
"Fast Market 4598","7542 E Southern Ave","","Mesa","AZ","85209","MARICOPA","Convenience Store","","","USDA","Maricopa (County, 2022)"
"Fast Market 4599","7060 E Baseline Rd","","Mesa","AZ","85209","MARICOPA","Convenience Store","","","USDA","Maricopa (County, 2022)"
"Fast Market 4600","9151 E Guadalupe Rd","","Mesa","AZ","85212","MARICOPA","Convenience Store","","","USDA","Maricopa (County, 2022)"
"Fast Market 4601","4020 W Ray Rd","","Chandler","AZ","85226","MARICOPA","Convenience Store","","","USDA","Maricopa (County, 2022)"
"Fast Market 4602","2367 S Val Vista Dr","","Gilbert","AZ","85295","MARICOPA","Convenience Store","","","USDA","Maricopa (County, 2022)"
"Fast Market 4603","1636 S Higley Rd","","Gilbert","AZ","85295","MARICOPA","Convenience Store","","","USDA","Maricopa (County, 2022)"
"Fast Market 4604","3171 E Pecos Rd","","Gilbert","AZ","85295","MARICOPA","Convenience Store","","","USDA","Maricopa (County, 2022)"
"Fast Market 4605","8424 S Power Rd","","Gilbert","AZ","85297","MARICOPA","Convenience Store","","","USDA","Maricopa (County, 2022)"
"Fast Market 4607","6701 W Olive Ave","","Peoria","AZ","85345","MARICOPA","Convenience Store","","","USDA","Maricopa (County, 2022)"
"Fast Market 4608","1520 N Verrado Way","","Buckeye","AZ","85396","MARICOPA","Convenience Store","","","USDA","Maricopa (County, 2022)"
"Fast Market 4634","1655 E Queen Creek Rd","","Gilbert","AZ","85297","MARICOPA","Convenience Store","","","USDA","Maricopa (County, 2022)"
"Fast Stop & Go","709 W Southern Ave","","Phoenix","AZ","85041","MARICOPA","Convenience Store","","","USDA","Maricopa (County, 2022)"
"Faustin African Market","7112 N 35th Ave","","Phoenix","AZ","85051","MARICOPA","Grocery Store","","","USDA","Maricopa (County, 2022)"
"Faustin International Market","7102 North 35th Avenue","","Phoenix","AZ","85051","MARICOPA","Grocery Store","","","USDA","Maricopa (County, 2022)"
"Federicos Restaurant","6631 N 59th Ave","","Glendale","AZ","85301","MARICOPA","Restaurant Meals Program","","","USDA","Maricopa (County, 2022)"
"Fiesta Barn Market","12301 W Buckeye Rd","","Avondale","AZ","85323","MARICOPA","Convenience Store","","","USDA","Maricopa (County, 2022)"
"Firehouse Subs","107 E Baseline Rd","Ste A1","Tempe","AZ","85283","MARICOPA","Restaurant Meals Program","","","USDA","Maricopa (County, 2022)"
"Firehouse Subs","1616 S Stapley Dr","Ste 101","Mesa","AZ","85204","MARICOPA","Restaurant Meals Program","","","USDA","Maricopa (County, 2022)"
"Firehouse Subs","3245 W Ray Rd","Ste 1","Chandler","AZ","85226","MARICOPA","Restaurant Meals Program","","","USDA","Maricopa (County, 2022)"
"Firehouse Subs","5225 W Baseline Rd","Ste 102","Laveen","AZ","85339","MARICOPA","Restaurant Meals Program","","","USDA","Maricopa (County, 2022)"
"Firehouse Subs","6050 W Chandler Blvd","Ste 1","Chandler","AZ","85226","MARICOPA","Restaurant Meals Program","","","USDA","Maricopa (County, 2022)"
"Firehouse Subs","7700 S Priest Dr","Ste 101","Tempe","AZ","85284","MARICOPA","Restaurant Meals Program","","","USDA","Maricopa (County, 2022)"
"Firehouse Subs #1844","42407 N Vision Way","Ste 103","Phoenix","AZ","85086","MARICOPA","Restaurant Meals Program","","","USDA","Maricopa (County, 2022)"
"Firehouse Subs 1068","485 S Watson Rd  Suite 107","","Buckeye","AZ","85326","MARICOPA","Restaurant Meals Program","","","USDA","Maricopa (County, 2022)"
"Firehouse Subs 1302","9897 W McDowell Rd","Suite 510","Tolleson","AZ","85353","MARICOPA","Restaurant Meals Program","","","USDA","Maricopa (County, 2022)"
"Firehouse Subs 1482","15525 W Roosevelt St","Suite 111","Goodyear","AZ","85338","MARICOPA","Restaurant Meals Program","","","USDA","Maricopa (County, 2022)"
"Firehouse Subs 1487","5803 W Northern Ave","Ste 100","Glendale","AZ","85301","MARICOPA","Restaurant Meals Program","","","USDA","Maricopa (County, 2022)"
"Firehouse Subs 1642","4764 S. Higley Rd.","","Gilbert","AZ","85297","MARICOPA","Restaurant Meals Program","","","USDA","Maricopa (County, 2022)"
"Firehouse Subs 1720","5122 N Dysart Rd","Suite 100","Litchfield Park","AZ","85340","MARICOPA","Restaurant Meals Program","","","USDA","Maricopa (County, 2022)"
"Firehouse Subs 918","2894 S. SanTan Village Pkwy.","","Gilbert","AZ","85295","MARICOPA","Restaurant Meals Program","","","USDA","Maricopa (County, 2022)"
"Firehouse Subs Queen Creek","20851 E Rittenhouse Rd","Ste 101","Queen Creek","AZ","85142","MARICOPA","Restaurant Meals Program","","","USDA","Maricopa (County, 2022)"
"Flowers Bakery Outlet 1265","300 W Southern Ave","","Mesa","AZ","85210","MARICOPA","Convenience Store","","","USDA","Maricopa (County, 2022)"
"Flowers Bakery Outlet 770","7275 W Detroit St","","Chandler","AZ","85226","MARICOPA","Convenience Store","","","USDA","Maricopa (County, 2022)"
"Flowers Bakery Outlet 780","10107 E Apache Trl","","Apache Junction","AZ","85120","MARICOPA","Convenience Store","","","USDA","Maricopa (County, 2022)"
"Flowers Bakery Outlet 781","18631 N 19th Ave","Ste 110","Phoenix","AZ","85027","MARICOPA","Convenience Store","","","USDA","Maricopa (County, 2022)"
"Food City 10","1342 E Main St","","Mesa","AZ","85203","MARICOPA","Super Store","","","USDA","Maricopa (County, 2022)"
"Food City 103","4239 W McDowell Rd","","Phoenix","AZ","85009","MARICOPA","Super Store","","","USDA","Maricopa (County, 2022)"
"Food City 104","3202 E Greenway Rd","","Phoenix","AZ","85036","MARICOPA","Super Store","","","USDA","Maricopa (County, 2022)"
"Food City 105","3514 W Glendale Ave","","Phoenix","AZ","85051","MARICOPA","Super Store","","","USDA","Maricopa (County, 2022)"
"Food City 107","7227 S Central Ave","","Phoenix","AZ","85042","MARICOPA","Super Store","","","USDA","Maricopa (County, 2022)"
"Food City 12","2124 E McDowell Rd","","Phoenix","AZ","85006","MARICOPA","Super Store","","","USDA","Maricopa (County, 2022)"
"Food City 123","822 S Alma School Rd","","Mesa","AZ","85210","MARICOPA","Super Store","","","USDA","Maricopa (County, 2022)"
"Food City 132","2709 W Van Buren St","","Phoenix","AZ","85009","MARICOPA","Super Store","","","USDA","Maricopa (County, 2022)"
"Food City 135","5114 W McDowell Rd","","Phoenix","AZ","85035","MARICOPA","Super Store","","","USDA","Maricopa (County, 2022)"
"Food City 140","6544 W Thomas Rd","","Phoenix","AZ","85033","MARICOPA","Super Store","","","USDA","Maricopa (County, 2022)"
"Food City 142","6020 N 59th Ave","","Glendale","AZ","85301","MARICOPA","Super Store","","","USDA","Maricopa (County, 2022)"
"Food City 143","4430 E McDowell Rd","","Phoenix","AZ","85008","MARICOPA","Super Store","","","USDA","Maricopa (County, 2022)"
"Food City 148","3205 E McDowell Rd","","Phoenix","AZ","85008","MARICOPA","Super Store","","","USDA","Maricopa (County, 2022)"
"Food City 149","6025 N 27th Ave","","Phoenix","AZ","85017","MARICOPA","Super Store","","","USDA","Maricopa (County, 2022)"
"Food City 152","4727 E Southern Ave","","Phoenix","AZ","85042","MARICOPA","Super Store","","","USDA","Maricopa (County, 2022)"
"Food City 154","9020 W Thomas Rd","","Phoenix","AZ","85037","MARICOPA","Super Store","","","USDA","Maricopa (County, 2022)"
"Food City 157","725 W Baseline Rd","","Tempe","AZ","85283","MARICOPA","Super Store","","","USDA","Maricopa (County, 2022)"
"Food City 162","845 W Southern Ave","","Phoenix","AZ","85041","MARICOPA","Super Store","","","USDA","Maricopa (County, 2022)"
"Food City 2","339 E Brown Rd","","Mesa","AZ","85201","MARICOPA","Super Store","","","USDA","Maricopa (County, 2022)"
"Food City 25","450 E Southern Ave","","Mesa","AZ","85204","MARICOPA","Super Store","","","USDA","Maricopa (County, 2022)"
"Food City 26","1005 N Arizona Ave","","Chandler","AZ","85225","MARICOPA","Super Store","","","USDA","Maricopa (County, 2022)"
"Food City 41","1845 N Scottsdale Rd","","Tempe","AZ","85281","MARICOPA","Super Store","","","USDA","Maricopa (County, 2022)"
"Food City 83","323 E Main St","","Avondale","AZ","85323","MARICOPA","Super Store","","","USDA","Maricopa (County, 2022)"
"Food City 89","12321 NW Grand Ave","","El Mirage","AZ","85335","MARICOPA","Super Store","","","USDA","Maricopa (County, 2022)"
"Food City 93","1450 N Dysart Rd","","Avondale","AZ","85335","MARICOPA","Super Store","","","USDA","Maricopa (County, 2022)"
"Food City 94","3442 W Van Buren St","","Phoenix","AZ","85009","MARICOPA","Super Store","","","USDA","Maricopa (County, 2022)"
"Food City 95","1940 W Indian School Rd","","Phoenix","AZ","85015","MARICOPA","Super Store","","","USDA","Maricopa (County, 2022)"
"Food Island Market","4421 S 19th Ave","","Phoenix","AZ","85041","MARICOPA","Convenience Store","","","USDA","Maricopa (County, 2022)"
"Food Mart","5124 S Mill Ave","","Tempe","AZ","85282","MARICOPA","Convenience Store","","","USDA","Maricopa (County, 2022)"
"Foodway Market","1151 E Moreland St","","Phoenix","AZ","85006","MARICOPA","Convenience Store","","","USDA","Maricopa (County, 2022)"
"Franchise of Federicos Restaurant","16995 W Greenway Rd","Ste 100","Surprise","AZ","85388","MARICOPA","Restaurant Meals Program","","","USDA","Maricopa (County, 2022)"
"Franchise of Federicos Restaurant","2455 N Pebble Creek Pkwy","","Goodyear","AZ","85395","MARICOPA","Restaurant Meals Program","","","USDA","Maricopa (County, 2022)"
"Franchise ofFedericos Restuarant","12100 N Dysart Rd","Ste 100","Surprise","AZ","85379","MARICOPA","Restaurant Meals Program","","","USDA","Maricopa (County, 2022)"
"French's Meat Shoppe Inc","7851 E McDowell Rd","","Scottsdale","AZ","85257","MARICOPA","Specialty Store","","","USDA","Maricopa (County, 2022)"
"Frenchies Pizza","8525 W Grand Ave","","Peoria","AZ","85345","MARICOPA","Restaurant Meals Program","","","USDA","Maricopa (County, 2022)"
"Frescazona","2309 N 24th St","","Phoenix","AZ","85008","MARICOPA","Farmers and Markets","","","USDA","Maricopa (County, 2022)"
"Fresh Fare Wear African Market","3559 W Northern Ave","","Phoenix","AZ","85051","MARICOPA","Other","","","USDA","Maricopa (County, 2022)"
"Fresh Meat & Discount Store","6128 N 43rd Ave","","Glendale","AZ","85301","MARICOPA","Specialty Store","","","USDA","Maricopa (County, 2022)"
"Fry's 474","29455 N Cave Creek Rd","","Cave Creek","AZ","85331","MARICOPA","Super Store","","","USDA","Maricopa (County, 2022)"
"Fry's 615","1455 N Higley Rd","","Gilbert","AZ","85234","MARICOPA","Super Store","","","USDA","Maricopa (County, 2022)"
"Fry's 654","4625 S Miller Rd","","Buckeye","AZ","85326","MARICOPA","Super Store","","","USDA","Maricopa (County, 2022)"
"Fry's 656","22101 E Queen Creek Rd","","Queen Creek","AZ","85142","MARICOPA","Super Store","","","USDA","Maricopa (County, 2022)"
"Fry's 657","25401 N Lake Pleasant Pkwy","","Peoria","AZ","85383","MARICOPA","Super Store","","","USDA","Maricopa (County, 2022)"
"Fry's 658","4075 E. Williams Field Rd.","","Gilbert","AZ","85295","MARICOPA","Super Store","","","USDA","Maricopa (County, 2022)"
"Fry's 661","16371 W Cactus Rd","","Surprise","AZ","85388","MARICOPA","Super Store","","","USDA","Maricopa (County, 2022)"
"Fry's 667","13730 W Camelback Rd","","Litchfield Park","AZ","85340","MARICOPA","Super Store","","","USDA","Maricopa (County, 2022)"
"Fry's 670","6470 S Higley Rd","","Gilbert","AZ","85298","MARICOPA","Super Store","","","USDA","Maricopa (County, 2022)"
"Fry's 673","20427 N Hayden Rd","","Scottsdale","AZ","85255","MARICOPA","Super Store","","","USDA","Maricopa (County, 2022)"
"Fry's 674","13982 W Waddell Rd","","Surprise","AZ","85379","MARICOPA","Super Store","","","USDA","Maricopa (County, 2022)"
"Fry's 675","1300 S Watson Rd","","Buckeye","AZ","85326","MARICOPA","Super Store","","","USDA","Maricopa (County, 2022)"
"Fry's 676","16380 W Yuma Rd","","Goodyear","AZ","85338","MARICOPA","Super Store","","","USDA","Maricopa (County, 2022)"
"Fry's 678","16400 W Pat Tillman Blvd","","Phoenix","AZ","85085","MARICOPA","Super Store","","","USDA","Maricopa (County, 2022)"
"Fry's 680","15215 N Cotton Ln","","Surprise","AZ","85388","MARICOPA","Super Store","","","USDA","Maricopa (County, 2022)"
"Fry's 681","2929 E Ocotillo Rd","","Chandler","AZ","85249","MARICOPA","Super Store","","","USDA","Maricopa (County, 2022)"
"Fry's 686","2724 S Signal Butte Rd","","Mesa","AZ","85209","MARICOPA","Super Store","","","USDA","Maricopa (County, 2022)"
"Fry's 692","19676 W. Indian School Rd.","","Buckeye","AZ","85085","MARICOPA","Super Store","","","USDA","Maricopa (County, 2022)"
"Fry's 693","25105 S Ellsworth Rd","","Queen Creek","AZ","85142","MARICOPA","Super Store","","","USDA","Maricopa (County, 2022)"
"Fry's 698","1311 E Bell Rd","","Phoenix","AZ","85022","MARICOPA","Super Store","","","USDA","Maricopa (County, 2022)"
"Fry's 78","39508 N Daisy Mountain Dr","","Phoenix","AZ","85086","MARICOPA","Super Store","","","USDA","Maricopa (County, 2022)"
"Fry's 86","19403 N R H Johnson Blvd","","Sun City West","AZ","85375","MARICOPA","Super Store","","","USDA","Maricopa (County, 2022)"
"Fry's 88","100 E Jefferson St","","Phoenix","AZ","85004","MARICOPA","Super Store","","","USDA","Maricopa (County, 2022)"
"Fry's 96","26300 N Norterra Pkwy","","Phoenix","AZ","85085","MARICOPA","Super Store","","","USDA","Maricopa (County, 2022)"
"Fry's Marketplace 655","3490 S Power Rd","","Gilbert","AZ","85234","MARICOPA","Super Store","","","USDA","Maricopa (County, 2022)"
"Fry's Marketplace 683","11701 W Lone Mountain Pkwy","","Peoria","AZ","85383","MARICOPA","Super Store","","","USDA","Maricopa (County, 2022)"
"Fuel Bros","6806 E Brown Rd","","Mesa","AZ","85207","MARICOPA","Convenience Store","","","USDA","Maricopa (County, 2022)"
"Fuel Bros Chandler","2025 E Chandler Blvd","","Chandler","AZ","85225","MARICOPA","Convenience Store","","","USDA","Maricopa (County, 2022)"
"GND Marker Water And Ice","995 W Ray Rd","","Chandler","AZ","85225","MARICOPA","Convenience Store","","","USDA","Maricopa (County, 2022)"
"GS JK Inc dba Subway 1471","1130 W University Dr","Ste 101","Mesa","AZ","85201","MARICOPA","Restaurant Meals Program","","","USDA","Maricopa (County, 2022)"
"GS JK Inc dba Subway 30561","2753 E Broadway","Ste 103","Mesa","AZ","85204","MARICOPA","Restaurant Meals Program","","","USDA","Maricopa (County, 2022)"
"GS JK Inc dba Subway 3528","4355 E University Dr","Ste 116","Mesa","AZ","85205","MARICOPA","Restaurant Meals Program","","","USDA","Maricopa (County, 2022)"
"Garcia's Market And Carniceria","5644 N 27th Ave","","Phoenix","AZ","85017","MARICOPA","Convenience Store","","","USDA","Maricopa (County, 2022)"
"Gasco Minimart","3163 W Buckeye Rd","","Phoenix","AZ","85009","MARICOPA","Convenience Store","","","USDA","Maricopa (County, 2022)"
"Get It & Go Liquor no","3125 W Buckeye Rd","","Phoenix","AZ","85009","MARICOPA","Convenience Store","","","USDA","Maricopa (County, 2022)"
"Ghett Yo Taco + Wings","241 S Oregon St","","Chandler","AZ","85225","MARICOPA","Restaurant Meals Program","","","USDA","Maricopa (County, 2022)"
"Gilligan's On Maryland","6502 N 7th St","","Phoenix","AZ","85014","MARICOPA","Convenience Store","","","USDA","Maricopa (County, 2022)"
"Git 'n Run","1631 S Val Vista Dr","","Gilbert","AZ","85295","MARICOPA","Convenience Store","","","USDA","Maricopa (County, 2022)"
"Glendale Seafood Supermarket Inc.","5127 W Glendale Ave","","Glendale","AZ","85301","MARICOPA","Supermarket","","","USDA","Maricopa (County, 2022)"
"Go Snap Shop 1","830 N W Broadway Rd","","Tempe","AZ","85282","MARICOPA","Convenience Store","","","USDA","Maricopa (County, 2022)"
"Golden Land International Market","7031 N 35th Ave","","Phoenix","AZ","85051","MARICOPA","Grocery Store","","","USDA","Maricopa (County, 2022)"
"Goods For Good LLC","3522 W Calavar Rd","","Phoenix","AZ","85053","MARICOPA","Other","","","USDA","Maricopa (County, 2022)"
"Goodyear Food Store 1","13310 W Van Buren St","","Goodyear","AZ","85338","MARICOPA","Convenience Store","","","USDA","Maricopa (County, 2022)"
"Gopal Invest LLC dba Subway 52833","550 W Baseline Rd","Ste 103","Mesa","AZ","85210","MARICOPA","Restaurant Meals Program","","","USDA","Maricopa (County, 2022)"
"Gopal Invest LLC dba Subway 57288","325 W Southern Ave","","Mesa","AZ","85210","MARICOPA","Restaurant Meals Program","","","USDA","Maricopa (County, 2022)"
"Grab & Go","1605 W Broadway Rd","","Mesa","AZ","85202","MARICOPA","Convenience Store","","","USDA","Maricopa (County, 2022)"
"Grab N Go 406","406 N Country Club Dr","","Mesa","AZ","85201","MARICOPA","Convenience Store","","","USDA","Maricopa (County, 2022)"
"Grab N Go 707 707","6002 N Black Canyon Hwy","","Phoenix","AZ","85017","MARICOPA","Convenience Store","","","USDA","Maricopa (County, 2022)"
"Grab N Go 808","5835 N 27th Ave","","Phoenix","AZ","85017","MARICOPA","Convenience Store","","","USDA","Maricopa (County, 2022)"
"Grab N Go 909 No","8802 S Central Ave","","Phoenix","AZ","85042","MARICOPA","Convenience Store","","","USDA","Maricopa (County, 2022)"
"Grab N Go 9920","9920 W Glendale Ave","","Glendale","AZ","85307","MARICOPA","Convenience Store","","","USDA","Maricopa (County, 2022)"
"Grab N Go Market","13828 N 35th Ave","","Phoenix","AZ","85053","MARICOPA","Convenience Store","","","USDA","Maricopa (County, 2022)"
"Grab N Go Westside","2709 W Northern Ave","","Phoenix","AZ","85051","MARICOPA","Convenience Store","","","USDA","Maricopa (County, 2022)"
"Grand Ave Produce","8990 W Windsor Dr","","Peoria","AZ","85381","MARICOPA","Grocery Store","","","USDA","Maricopa (County, 2022)"
"Grand Market","13216 N 111th Ave","","Youngtown","AZ","85363","MARICOPA","Convenience Store","","","USDA","Maricopa (County, 2022)"
"Grand Stop #2","3702 W McDowell Rd","","Phoenix","AZ","85009","MARICOPA","Convenience Store","","","USDA","Maricopa (County, 2022)"
"Grand Stop 3 Inc","4039 N 51st Ave","","Phoenix","AZ","85031","MARICOPA","Convenience Store","","","USDA","Maricopa (County, 2022)"
"Grand Stop 4","6707 W Glendale Ave","","Glendale","AZ","85303","MARICOPA","Convenience Store","","","USDA","Maricopa (County, 2022)"
"Greka Pita","1747 E Camelback Rd","Ste 103","Phoenix","AZ","85016","MARICOPA","Restaurant Meals Program","","","USDA","Maricopa (County, 2022)"
"Guadalupe Farmers Market Too","4011 S Power Rd","","Mesa","AZ","85212","MARICOPA","Grocery Store","","","USDA","Maricopa (County, 2022)"
"H MART MESA LLC.","1919 W Main St","","Mesa","AZ","85201","MARICOPA","Super Store","","","USDA","Maricopa (County, 2022)"
"HAPPY MARKET","6425 N 47th Ave","","Glendale","AZ","85301","MARICOPA","Convenience Store","","","USDA","Maricopa (County, 2022)"
"HG SUBS INC SUBWAY 29454","4425 EAST MCKELLIPS ROAD","SUITE 102","MESA","AZ","85215","MARICOPA","Restaurant Meals Program","","","USDA","Maricopa (County, 2022)"
"HJ&B Groceries And African Market LLC 1","4132 E Mcdowell Rd","Ste 5","Phoenix","AZ","85008","MARICOPA","Grocery Store","","","USDA","Maricopa (County, 2022)"
"Halal Mart","912 N Alma School Rd","","Chandler","AZ","85224","MARICOPA","Specialty Store","","","USDA","Maricopa (County, 2022)"
"Haree Mart","10444 N Scottsdale Rd","","Paradise Valley","AZ","85253","MARICOPA","Convenience Store","","","USDA","Maricopa (County, 2022)"
"Healthy Habit Health Foods","6029 N 7th St","","Phoenix","AZ","85014","MARICOPA","Convenience Store","","","USDA","Maricopa (County, 2022)"
"Hilal & Hilac LLC","2916 E McDowell Rd","Unit 4/5","Phoenix","AZ","85008","MARICOPA","Grocery Store","","","USDA","Maricopa (County, 2022)"
"Hobe Meats","6044 N 16th St","","Phoenix","AZ","85016","MARICOPA","Specialty Store","","","USDA","Maricopa (County, 2022)"
"DOLLAR GENERAL 6624","5136 W Peoria Ave","","Glendale","AZ","85302","MARICOPA","Other","","","USDA","Maricopa (County, 2022)"
"DOLLAR GENERAL 6743","602 E Monroe Ave","","Buckeye","AZ","85326","MARICOPA","Other","","","USDA","Maricopa (County, 2022)"
"DOLLARTREE 10001","1060 E. Southern Ave.","Suite A101","Mesa","AZ","85204","MARICOPA","Other","","","USDA","Maricopa (County, 2022)"
"DOLLARTREE 10063","6773 W Bell Rd","","Glendale","AZ","85308","MARICOPA","Other","","","USDA","Maricopa (County, 2022)"
"DOLLARTREE 10173","910 E Elliot Rd","","Tempe","AZ","85284","MARICOPA","Other","","","USDA","Maricopa (County, 2022)"
"DOLLARTREE 10268","10273 W McDowell Rd","","Avondale","AZ","85392","MARICOPA","Other","","","USDA","Maricopa (County, 2022)"
"DOLLARTREE 10328","4323 E Bell Rd","","Phoenix","AZ","85032","MARICOPA","Other","","","USDA","Maricopa (County, 2022)"
"DOLLARTREE 10381","3610 W Baseline Rd","","Laveen","AZ","85339","MARICOPA","Other","","","USDA","Maricopa (County, 2022)"
"DOLLARTREE 10391","12805 N Tatum Blvd","","Phoenix","AZ","85032","MARICOPA","Other","","","USDA","Maricopa (County, 2022)"
"DOLLARTREE 10397","750 N Gilbert Rd","","Gilbert","AZ","85234","MARICOPA","Other","","","USDA","Maricopa (County, 2022)"
"DOLLARTREE 10407","4240 W Bell Rd","","Glendale","AZ","85308","MARICOPA","Other","","","USDA","Maricopa (County, 2022)"
"DOLLARTREE 10415","1240 E Indian School Rd","","Phoenix","AZ","85014","MARICOPA","Other","","","USDA","Maricopa (County, 2022)"
"DOLLARTREE 10433","20165 N. 67th Ave.","","Glendale","AZ","85308","MARICOPA","Other","","","USDA","Maricopa (County, 2022)"
"DOLLARTREE 10436","8940 E Indian Bend Rd","","Scottsdale","AZ","85250","MARICOPA","Other","","","USDA","Maricopa (County, 2022)"
"DOLLARTREE 10487","7620 W Thomas Rd","","Phoenix","AZ","85033","MARICOPA","Other","","","USDA","Maricopa (County, 2022)"
"DOLLARTREE 10500","5340 W Glendale Ave","","Glendale","AZ","85301","MARICOPA","Other","","","USDA","Maricopa (County, 2022)"
"DOLLARTREE 10501","12801 W Bell Rd","","Surprise","AZ","85378","MARICOPA","Other","","","USDA","Maricopa (County, 2022)"
"DOLLARTREE 10515","790 E Southern Ave","","Tempe","AZ","85282","MARICOPA","Other","","","USDA","Maricopa (County, 2022)"
"DOLLARTREE 10517","8375 W Thunderbird Rd","","Peoria","AZ","85381","MARICOPA","Other","","","USDA","Maricopa (County, 2022)"
"DOLLARTREE 10709","39510 N Gavilan Peak Pkwy","","Anthem","AZ","85086","MARICOPA","Other","","","USDA","Maricopa (County, 2022)"
"DOLLARTREE 11009","1236 E. Baseline Rd.","#101","Mesa","AZ","85204","MARICOPA","Other","","","USDA","Maricopa (County, 2022)"
"DOLLARTREE 11064","15740 N Pima Rd","","Scottsdale","AZ","85260","MARICOPA","Other","","","USDA","Maricopa (County, 2022)"
"DOLLARTREE 4366","21238 S Ellsworth Loop Rd","","Queen Creek","AZ","85142","MARICOPA","Other","","","USDA","Maricopa (County, 2022)"
"DOLLARTREE 6917","112 E McKellips Rd","","Mesa","AZ","85201","MARICOPA","Other","","","USDA","Maricopa (County, 2022)"
"DOLLARTREE 8206","1737 E. Broadway Rd.","","Tempe","AZ","85282","MARICOPA","Other","","","USDA","Maricopa (County, 2022)"
"DOLLARTREE 8423","13055 W Thunderbird Rd","","El Mirage","AZ","85335","MARICOPA","Other","","","USDA","Maricopa (County, 2022)"
"DOLLARTREE 8687","1155 S Power Rd","Ste 110","Mesa","AZ","85206","MARICOPA","Other","","","USDA","Maricopa (County, 2022)"
"DOLLARTREE 9537","8123 N 35th Ave","Ste 2","Phoenix","AZ","85051","MARICOPA","Other","","","USDA","Maricopa (County, 2022)"
"DOLLARTREE 9839","5051 E Elliot Rd","","Phoenix","AZ","85044","MARICOPA","Other","","","USDA","Maricopa (County, 2022)"
"DOLLARTREE 9861","3131 E. Thunderbird Rd.","","Phoenix","AZ","85032","MARICOPA","Other","","","USDA","Maricopa (County, 2022)"
"DOLLARTREE 9891","3350 N Hayden Rd","","Scottsdale","AZ","85251","MARICOPA","Other","","","USDA","Maricopa (County, 2022)"
"DOLLARTREE PLUS 8983","315 E Southern Ave","Ste 106","Mesa","AZ","85210","MARICOPA","Other","","","USDA","Maricopa (County, 2022)"
"DOLLARTREE PLUS 9131","1055 E Riggs Rd","","Chandler","AZ","85249","MARICOPA","Other","","","USDA","Maricopa (County, 2022)"
"DOS HERMANOS","1109 W Hatcher Rd","","Phoenix","AZ","85021","MARICOPA","Grocery Store","","","USDA","Maricopa (County, 2022)"
"DQ 13488","4410 W Union Hills Dr","Ste 3","Glendale","AZ","85308","MARICOPA","Restaurant Meals Program","","","USDA","Maricopa (County, 2022)"
"DQ 13747","4809 N 75th Ave","","Phoenix","AZ","85033","MARICOPA","Restaurant Meals Program","","","USDA","Maricopa (County, 2022)"
"DQ 13753","12456 N 28th Dr","","Phoenix","AZ","85029","MARICOPA","Restaurant Meals Program","","","USDA","Maricopa (County, 2022)"
"DQ 43504","3308 E Baseline Rd","","Phoenix","AZ","85042","MARICOPA","Restaurant Meals Program","","","USDA","Maricopa (County, 2022)"
"DQ 46234","5105 W Thomas Rd","","Phoenix","AZ","85031","MARICOPA","Restaurant Meals Program","","","USDA","Maricopa (County, 2022)"
"Dabedi Kosher Mini Mart","8357 N 7th St","","Phoenix","AZ","85020","MARICOPA","Grocery Store","","","USDA","Maricopa (County, 2022)"
"Dairy Queen","4231 W Dunlap Ave","","Phoenix","AZ","85051","MARICOPA","Restaurant Meals Program","","","USDA","Maricopa (County, 2022)"
"Dairy Queen #13474","5217 S Central Ave","","Phoenix","AZ","85040","MARICOPA","Restaurant Meals Program","","","USDA","Maricopa (County, 2022)"
"Dannys Deli","4202 W Camelback Rd","Ste 1","Phoenix","AZ","85019","MARICOPA","Convenience Store","","","USDA","Maricopa (County, 2022)"
"De Mi Pais Market","3110 N 35th Ave","","Phoenix","AZ","85019","MARICOPA","Grocery Store","","","USDA","Maricopa (County, 2022)"
"De Mi Pais Market #6","9204 N 7th St","Ste 9","Phoenix","AZ","85020","MARICOPA","Convenience Store","","","USDA","Maricopa (County, 2022)"
"Del Taco # 1039","7665 W Lower Buckeye Rd","","Phoenix","AZ","85043","MARICOPA","Restaurant Meals Program","","","USDA","Maricopa (County, 2022)"
"Del Taco # 1103","4115 W Anthem Way","","Anthem","AZ","85086","MARICOPA","Restaurant Meals Program","","","USDA","Maricopa (County, 2022)"
"Del Taco # 704","13367 W Grand Ave","","Surprise","AZ","85374","MARICOPA","Restaurant Meals Program","","","USDA","Maricopa (County, 2022)"
"Del Taco # 723","1483 N Dysart Rd","","Avondale","AZ","85323","MARICOPA","Restaurant Meals Program","","","USDA","Maricopa (County, 2022)"
"Del Taco # 737","9672 W Camelback Rd","","Glendale","AZ","85305","MARICOPA","Restaurant Meals Program","","","USDA","Maricopa (County, 2022)"
"Del Taco # 746","16649 N Tatum Blvd","","Phoenix","AZ","85032","MARICOPA","Restaurant Meals Program","","","USDA","Maricopa (County, 2022)"
"Del Taco # 796","1901 W Northern Ave","","Phoenix","AZ","85021","MARICOPA","Restaurant Meals Program","","","USDA","Maricopa (County, 2022)"
"Del Taco # 870","1628 N 44th St","","Phoenix","AZ","85008","MARICOPA","Restaurant Meals Program","","","USDA","Maricopa (County, 2022)"
"Del Taco #1347","1313 S Power Rd","","Mesa","AZ","85206","MARICOPA","Restaurant Meals Program","","","USDA","Maricopa (County, 2022)"
"Del Taco #765","1900 W Ray Rd","","Chandler","AZ","85224","MARICOPA","Restaurant Meals Program","","","USDA","Maricopa (County, 2022)"
"Del Taco #806","1864 S Country Club Dr","","Mesa","AZ","85210","MARICOPA","Restaurant Meals Program","","","USDA","Maricopa (County, 2022)"
"Del Taco #838","900 S Val Vista Dr","","Gilbert","AZ","85296","MARICOPA","Restaurant Meals Program","","","USDA","Maricopa (County, 2022)"
"Del Taco #851","4926 E Chandler Blvd","","Phoenix","AZ","85048","MARICOPA","Restaurant Meals Program","","","USDA","Maricopa (County, 2022)"
"Del Taco #861","3648 E Southern Ave","","Mesa","AZ","85206","MARICOPA","Restaurant Meals Program","","","USDA","Maricopa (County, 2022)"
"Denny's #6356","4303 W Peoria Ave","","Glendale","AZ","85302","MARICOPA","Restaurant Meals Program","","","USDA","Maricopa (County, 2022)"
"Denny's #6556","1401 N 75th Ave","","Phoenix","AZ","85043","MARICOPA","Restaurant Meals Program","","","USDA","Maricopa (County, 2022)"
"Denny's #6619","8131 W Bell Rd","","Peoria","AZ","85382","MARICOPA","Restaurant Meals Program","","","USDA","Maricopa (County, 2022)"
"Denny's #6644","1994 W Baseline Rd","","Tempe","AZ","85283","MARICOPA","Restaurant Meals Program","","","USDA","Maricopa (County, 2022)"
"Denny's #6648","1330 S Power Rd","","Mesa","AZ","85206","MARICOPA","Restaurant Meals Program","","","USDA","Maricopa (County, 2022)"
"Denny's #6758","1218 N Litchfield Rd","","Goodyear","AZ","85395","MARICOPA","Restaurant Meals Program","","","USDA","Maricopa (County, 2022)"
"Denny's #9583","5002 N 7th St","","Phoenix","AZ","85014","MARICOPA","Restaurant Meals Program","","","USDA","Maricopa (County, 2022)"
"Denny's #9584","3315 N Scottsdale Rd","","Scottsdale","AZ","85251","MARICOPA","Restaurant Meals Program","","","USDA","Maricopa (County, 2022)"
"Denny's #9585","3456 W Bethany Home Rd","","Phoenix","AZ","85017","MARICOPA","Restaurant Meals Program","","","USDA","Maricopa (County, 2022)"
"Denny's #9587","1150 S Country Club Dr","","Mesa","AZ","85210","MARICOPA","Restaurant Meals Program","","","USDA","Maricopa (County, 2022)"
"Denny's #9628","9960 W Lower Buckeye Rd","","Tolleson","AZ","85353","MARICOPA","Restaurant Meals Program","","","USDA","Maricopa (County, 2022)"
"Denny's #9656","5975 W Baseline Rd","","Laveen","AZ","85339","MARICOPA","Restaurant Meals Program","","","USDA","Maricopa (County, 2022)"
"Denny's #9660","16970 W Yuma Rd","","Goodyear","AZ","85338","MARICOPA","Restaurant Meals Program","","","USDA","Maricopa (County, 2022)"
"Denny's 6372","4120 N 51st Ave","","Phoenix","AZ","85031","MARICOPA","Restaurant Meals Program","","","USDA","Maricopa (County, 2022)"
"Denny's 6612","3205 E Bell Rd","","Phoenix","AZ","85032","MARICOPA","Restaurant Meals Program","","","USDA","Maricopa (County, 2022)"
"Denny's 6669","5161 W Thunderbird Rd","","Glendale","AZ","85306","MARICOPA","Restaurant Meals Program","","","USDA","Maricopa (County, 2022)"
"Desert Rose Express","37 S McQueen Rd","","Gilbert","AZ","85233","MARICOPA","Convenience Store","","","USDA","Maricopa (County, 2022)"
"Desert Taco East LLC.","1842 S Signal Butte Rd","","Mesa","AZ","85209","MARICOPA","Restaurant Meals Program","","","USDA","Maricopa (County, 2022)"
"Desert Taco East LLC.","20485 E Rittenhouse Rd","","Queen Creek","AZ","85142","MARICOPA","Restaurant Meals Program","","","USDA","Maricopa (County, 2022)"
"Desert Taco East LLC.","5216 E Baseline Rd","","Gilbert","AZ","85234","MARICOPA","Restaurant Meals Program","","","USDA","Maricopa (County, 2022)"
"Desi Plaza","1037 E Lemon St","","Tempe","AZ","85281","MARICOPA","Grocery Store","","","USDA","Maricopa (County, 2022)"
"Diamond Dot Convenience Market","25851 S Power Rd","","Queen Creek","AZ","85142","MARICOPA","Convenience Store","","","USDA","Maricopa (County, 2022)"
"Diamond Shamrock 2741631","8270 W Cactus Rd","","Peoria","AZ","85381","MARICOPA","Convenience Store","","","USDA","Maricopa (County, 2022)"
"Diana Gregory Outreach Services","1200 W Vineyard","","Phoenix","AZ","85041","MARICOPA","Farmers and Markets","","","USDA","Maricopa (County, 2022)"
"Direct To You","24235 W Gibson Ln","","Buckeye","AZ","85326","MARICOPA","Other","","","USDA","Maricopa (County, 2022)"
"Direct To You","24235 W Gibson Ln","","Buckeye","AZ","85326","MARICOPA","Other","","","USDA","Maricopa (County, 2022)"
"Dodge City Market","705 E Main St","","Avondale","AZ","85323","MARICOPA","Convenience Store","","","USDA","Maricopa (County, 2022)"
"Dollar  General 11185","951 E Pima St","","Gila Bend","AZ","85337","MARICOPA","Other","","","USDA","Maricopa (County, 2022)"
"Dollar Dealz","6642 W. Maryland Ave","","Glendale","AZ","85301","MARICOPA","Convenience Store","","","USDA","Maricopa (County, 2022)"
"Dollar General 10200","400 W Ray Rd","","Chandler","AZ","85225","MARICOPA","Other","","","USDA","Maricopa (County, 2022)"
"Dollar General 10257","10633 W Peoria Ave","","Sun City","AZ","85351","MARICOPA","Other","","","USDA","Maricopa (County, 2022)"
"Dollar General 10837","10720 W Indian School Rd","","Phoenix","AZ","85037","MARICOPA","Other","","","USDA","Maricopa (County, 2022)"
"Dollar General 10996","18631 N 19th Ave","Ste 318","Phoenix","AZ","85027","MARICOPA","Other","","","USDA","Maricopa (County, 2022)"
"Dollar General 11976","1901 W Camelback Rd","","Phoenix","AZ","85015","MARICOPA","Other","","","USDA","Maricopa (County, 2022)"
"Dollar General 12457","7350 E Main St","","Mesa","AZ","85207","MARICOPA","Other","","","USDA","Maricopa (County, 2022)"
"Dollar General 13380","415 S Higley Rd","","Mesa","AZ","85206","MARICOPA","Other","","","USDA","Maricopa (County, 2022)"
"Dollar General 19349","17174 W Jomax Rd","","Surprise","AZ","85387","MARICOPA","Other","","","USDA","Maricopa (County, 2022)"
"Dollar General 19421","1219 E Van Buren St","","Phoenix","AZ","85006","MARICOPA","Other","","","USDA","Maricopa (County, 2022)"
"Dollar General 19475","10920 S Tuthill Rd","","Buckeye","AZ","85326","MARICOPA","Other","","","USDA","Maricopa (County, 2022)"
"Dollar General 19476","520 N 35th Ave","","Phoenix","AZ","85009","MARICOPA","Other","","","USDA","Maricopa (County, 2022)"
"Dollar General 19504","1529 W Van Buren St","","Phoenix","AZ","85007","MARICOPA","Other","","","USDA","Maricopa (County, 2022)"
"Dollar General 19554","13639 W Glendale Ave","","Glendale","AZ","85307","MARICOPA","Other","","","USDA","Maricopa (County, 2022)"
"Dollar General 19997","1807 N 195th Ave","","Buckeye","AZ","85396","MARICOPA","Other","","","USDA","Maricopa (County, 2022)"
"Dollar General 20071","1809 W Southern Ave","","Phoenix","AZ","85041","MARICOPA","Other","","","USDA","Maricopa (County, 2022)"
"Dollar General 22512","10670 North Perryville Rd","","Surprise","AZ","85388","MARICOPA","Other","","","USDA","Maricopa (County, 2022)"
"Dollar General 25371","2650 W Glendale Ave","","Phoenix","AZ","85051","MARICOPA","Other","","","USDA","Maricopa (County, 2022)"
"Dollar General 6937","825 N Tegner St","","Wickenburg","AZ","85390","MARICOPA","Other","","","USDA","Maricopa (County, 2022)"
"Dollar General 7345","10725 W Thomas Rd","","Avondale","AZ","85392","MARICOPA","Other","","","USDA","Maricopa (County, 2022)"
"Dollar General 9887","8010 N 27th Ave","","Phoenix","AZ","85051","MARICOPA","Other","","","USDA","Maricopa (County, 2022)"
"Dollar General Store 17324","8418 E. Southern Ave","","MESA","AZ","85209","MARICOPA","Other","","","USDA","Maricopa (County, 2022)"
"Dollar General Store 17377","37930 W Salome Hwy","","Tonopah","AZ","85354","MARICOPA","Other","","","USDA","Maricopa (County, 2022)"
"Dollar Tree 2607","4831 E Greenway Rd","","Scottsdale","AZ","85254","MARICOPA","Other","","","USDA","Maricopa (County, 2022)"
"Dollar Tree 2616","3415 W Thunderbird Rd","Ste 2","Phoenix","AZ","85053","MARICOPA","Other","","","USDA","Maricopa (County, 2022)"
"Dollar Tree 2617","1260 S Gilbert Rd","#416","Mesa","AZ","85204","MARICOPA","Other","","","USDA","Maricopa (County, 2022)"
"Dollar Tree 2619","3636 W Glendale Ave","","Phoenix","AZ","85051","MARICOPA","Other","","","USDA","Maricopa (County, 2022)"
"Dollar Tree 2621","6865 E Main St","","Mesa","AZ","85207","MARICOPA","Other","","","USDA","Maricopa (County, 2022)"
"Dollar Tree 2622","26 E Baseline Rd","36","Phoenix","AZ","85042","MARICOPA","Other","","","USDA","Maricopa (County, 2022)"
"Dollar Tree 2623","5235 W Indian School Rd","","Phoenix","AZ","85031","MARICOPA","Other","","","USDA","Maricopa (County, 2022)"
"Dollar Tree 2625","2071 N Arizona Ave","","Chandler","AZ","85225","MARICOPA","Other","","","USDA","Maricopa (County, 2022)"
"Dollar Tree 2632","2714 E University Dr","","Mesa","AZ","85213","MARICOPA","Other","","","USDA","Maricopa (County, 2022)"
"Dollar Tree 2633","10708 E Southern Ave","","Mesa","AZ","85209","MARICOPA","Other","","","USDA","Maricopa (County, 2022)"
"Dollar Tree 2643","213 E Dunlap Ave","","Phoenix","AZ","85020","MARICOPA","Other","","","USDA","Maricopa (County, 2022)"
"Dollar Tree 2650","1855 E Guadalupe Rd","Ste 107","Tempe","AZ","85283","MARICOPA","Other","","","USDA","Maricopa (County, 2022)"
"Dollar Tree 2651","7750 E McDowell Rd","Ste 106","Scottsdale","AZ","85257","MARICOPA","Other","","","USDA","Maricopa (County, 2022)"
"Dollar Tree 2655","9966 N 91st Ave","","Peoria","AZ","85345","MARICOPA","Other","","","USDA","Maricopa (County, 2022)"
"Dollar Tree 2680","1533 N Dysart Rd","","Avondale","AZ","85392","MARICOPA","Other","","","USDA","Maricopa (County, 2022)"
"Dollar Tree 2687","1234 W Elliot Rd","","Tempe","AZ","85284","MARICOPA","Other","","","USDA","Maricopa (County, 2022)"
"Dollar Tree 2845","16815 E Shae Blvd","Ste 127","Fountain Hills","AZ","85268","MARICOPA","Other","","","USDA","Maricopa (County, 2022)"
"Dollar Tree 2950","1918 W Rio Salado Pkwy","","Mesa","AZ","85201","MARICOPA","Other","","","USDA","Maricopa (County, 2022)"
"Dollar Tree 2970","818 E Union Hills Dr","","Phoenix","AZ","85024","MARICOPA","Other","","","USDA","Maricopa (County, 2022)"
"Dollar Tree 2974","1126 S Litchfield Rd","","Goodyear","AZ","85338","MARICOPA","Other","","","USDA","Maricopa (County, 2022)"
"Dollar Tree 2975","5122 N 95th Ave","#A150","Glendale","AZ","85305","MARICOPA","Other","","","USDA","Maricopa (County, 2022)"
"Dollar Tree 2992","3909 E Thomas Rd","","Phoenix","AZ","85018","MARICOPA","Other","","","USDA","Maricopa (County, 2022)"
"Dollar Tree 3143","15472 N 99th Ave","Ste 7","Sun City","AZ","85351","MARICOPA","Other","","","USDA","Maricopa (County, 2022)"
"Dollar Tree 3465","4005 E Chandler Blvd","Ste 2","Phoenix","AZ","85048","MARICOPA","Other","","","USDA","Maricopa (County, 2022)"
"Dollar Tree 3467","6750 W Peoria Ave","Ste 126F","Peoria","AZ","85345","MARICOPA","Other","","","USDA","Maricopa (County, 2022)"
"Dollar Tree 3538","5250 W Baseline Rd","","Laveen","AZ","85339","MARICOPA","Other","","","USDA","Maricopa (County, 2022)"
"Dollar Tree 3591","9820 W Lower Buckeye Rd","Ste 115","Tolleson","AZ","85353","MARICOPA","Other","","","USDA","Maricopa (County, 2022)"
"Dollar Tree 3605","3330 W Southern Ave","Ste 125","Phoenix","AZ","85041","MARICOPA","Other","","","USDA","Maricopa (County, 2022)"
"Dollar Tree 3639","11227 E Via Linda","","Scottsdale","AZ","85259","MARICOPA","Other","","","USDA","Maricopa (County, 2022)"
"Dollar Tree 3656","2570 S Val Vista Dr","Ste 101","Gilbert","AZ","85295","MARICOPA","Other","","","USDA","Maricopa (County, 2022)"
"Dollar Tree 3684","2772 W Peoria Ave","","Phoenix","AZ","85029","MARICOPA","Other","","","USDA","Maricopa (County, 2022)"
"Dollar Tree 3703","857 N Val Vista Dr","Ste 112","Gilbert","AZ","85234","MARICOPA","Other","","","USDA","Maricopa (County, 2022)"
"Dollar Tree 3723","13206 N 7th St","Ste 2","Phoenix","AZ","85022","MARICOPA","Other","","","USDA","Maricopa (County, 2022)"
"Dollar Tree 3805","3522 W Bell Rd","","Glendale","AZ","85308","MARICOPA","Other","","","USDA","Maricopa (County, 2022)"
"Dollar Tree 3931","4455 E McKellips Rd","Ste 101","Mesa","AZ","85215","MARICOPA","Other","","","USDA","Maricopa (County, 2022)"
"Dollar Tree 3952","5745 N 19th Ave","","Phoenix","AZ","85015","MARICOPA","Other","","","USDA","Maricopa (County, 2022)"
"Dollar Tree 4011","4658 S Higley Rd","Ste 105","Gilbert","AZ","85297","MARICOPA","Other","","","USDA","Maricopa (County, 2022)"
"Dollar Tree 4258","4180 S Arizona Ave","Ste 6","Chandler","AZ","85248","MARICOPA","Other","","","USDA","Maricopa (County, 2022)"
"Dollar Tree 4343","4318 E Cactus Rd","","Phoenix","AZ","85032","MARICOPA","Other","","","USDA","Maricopa (County, 2022)"
"Dollar Tree 4352","1070 E Ray Rd","Ste 13","Chandler","AZ","85225","MARICOPA","Other","","","USDA","Maricopa (County, 2022)"
"Dollar Tree 4471","5012 W Olive Ave","","Glendale","AZ","85302","MARICOPA","Other","","","USDA","Maricopa (County, 2022)"
"Dollar Tree 4480","2501 W Happy Valley Rd","Ste 41","Phoenix","AZ","85085","MARICOPA","Other","","","USDA","Maricopa (County, 2022)"
"Dollar Tree 4606","860 S Watson Rd","Ste. 101","Buckeye","AZ","85326","MARICOPA","Other","","","USDA","Maricopa (County, 2022)"
"Dollar Tree 4669","8190 W Deer Valley Rd","Ste 110","Peoria","AZ","85382","MARICOPA","Other","","","USDA","Maricopa (County, 2022)"
"Dollar Tree 4709","8216 W Bell Rd","","Glendale","AZ","85308","MARICOPA","Other","","","USDA","Maricopa (County, 2022)"
"Dollar Tree 5005","2020 N 75th Ave","Ste 101","Phoenix","AZ","85035","MARICOPA","Other","","","USDA","Maricopa (County, 2022)"
"Dollar Tree 5048","805 S Cotton Ln","","Goodyear","AZ","85338","MARICOPA","Other","","","USDA","Maricopa (County, 2022)"
"Dollar Tree 5120","6750 W Camelback Rd","Ste 102","Glendale","AZ","85303","MARICOPA","Other","","","USDA","Maricopa (County, 2022)"
"Dollar Tree 5300","1110 W Southern Ave","Ste 16","Mesa","AZ","85210","MARICOPA","Other","","","USDA","Maricopa (County, 2022)"
"Dollar Tree 5466","5002 S Power Rd","","Mesa","AZ","85212","MARICOPA","Other","","","USDA","Maricopa (County, 2022)"
"Dollar Tree 5474","2044 E Thomas Rd","","Phoenix","AZ","85016","MARICOPA","Other","","","USDA","Maricopa (County, 2022)"
"Dollar Tree 5564","3668 W Anthem Way","Ste A102","Anthem","AZ","85086","MARICOPA","Other","","","USDA","Maricopa (County, 2022)"
"Dollar Tree 5567","8257 E Guadalupe Rd","Ste 108","Mesa","AZ","85212","MARICOPA","Other","","","USDA","Maricopa (County, 2022)"
"Dollar Tree 5581","17092 W Bell Rd","","Surprise","AZ","85374","MARICOPA","Other","","","USDA","Maricopa (County, 2022)"
"Dollar Tree 5696","63 N Greenfield Rd","Ste 101","Mesa","AZ","85205","MARICOPA","Other","","","USDA","Maricopa (County, 2022)"
"Dollar Tree 5783","2600 W Chandler Blvd","Ste 4","Chandler","AZ","85224","MARICOPA","Other","","","USDA","Maricopa (County, 2022)"
"Dollar Tree 5815","10730 W Bell Rd","","Sun City","AZ","85351","MARICOPA","Other","","","USDA","Maricopa (County, 2022)"
"Dollar Tree 5942","1818 W Bell Rd","Ste 120","Phoenix","AZ","85023","MARICOPA","Other","","","USDA","Maricopa (County, 2022)"
"Dollar Tree 5964","3329 E Bell Rd","Ste C","Phoenix","AZ","85032","MARICOPA","Other","","","USDA","Maricopa (County, 2022)"
"Dollar Tree 6250","2670 E Germann Rd","","Chandler","AZ","85286","MARICOPA","Other","","","USDA","Maricopa (County, 2022)"
"Dollar Tree 6280","5031 E Ray Rd","","Phoenix","AZ","85044","MARICOPA","Other","","","USDA","Maricopa (County, 2022)"
"Dollar Tree 6311","2050 N Alma School Rd","Ste 7","Chandler","AZ","85224","MARICOPA","Other","","","USDA","Maricopa (County, 2022)"
"Dollar Tree 6491","4645 E Broadway Rd","","Phoenix","AZ","85040","MARICOPA","Other","","","USDA","Maricopa (County, 2022)"
"Dollar Tree 6559","9124 E Main St","Ste 9","Mesa","AZ","85207","MARICOPA","Other","","","USDA","Maricopa (County, 2022)"
"Dollar Tree 7013","425 W Baseline Rd","","Tempe","AZ","85283","MARICOPA","Other","","","USDA","Maricopa (County, 2022)"
"Dollar Tree 7016","5118 W McDowell Rd","","Phoenix","AZ","85035","MARICOPA","Other","","","USDA","Maricopa (County, 2022)"
"Dollar Tree 7057","1927 N Gilbert Rd","Ste 1","Mesa","AZ","85203","MARICOPA","Other","","","USDA","Maricopa (County, 2022)"
"Dollar Tree 7090","25410 S Arizona Ave","Ste 166","Sun Lakes","AZ","85248","MARICOPA","Other","","","USDA","Maricopa (County, 2022)"
"Dollar Tree 7183","3353 N 19th Ave","","Phoenix","AZ","85015","MARICOPA","Other","","","USDA","Maricopa (County, 2022)"
"Dollar Tree 7262","3516 E Southern Ave","","Mesa","AZ","85204","MARICOPA","Other","","","USDA","Maricopa (County, 2022)"
"Dollar Tree 7338","9420 W Northern Ave","Ste 103","Glendale","AZ","85305","MARICOPA","Other","","","USDA","Maricopa (County, 2022)"
"Dollar Tree 7584","14175 W Indian School Rd","","Goodyear","AZ","85395","MARICOPA","Other","","","USDA","Maricopa (County, 2022)"
"Dollar Tree 7723","2820 S Alma School Rd","","Chandler","AZ","85286","MARICOPA","Other","","","USDA","Maricopa (County, 2022)"
"Dollar Tree 7974","2919 W Agua Fria Fwy","Ste. 102","Phoenix","AZ","85027","MARICOPA","Other","","","USDA","Maricopa (County, 2022)"
"Dollar Tree 8427","390 N Litchfield Rd","","Goodyear","AZ","85338","MARICOPA","Other","","","USDA","Maricopa (County, 2022)"
"Dollar Tree 8566","2728 S Alma School Rd","","Mesa","AZ","85210","MARICOPA","Other","","","USDA","Maricopa (County, 2022)"
"Dollartree 8893","19385 W Indian School Rd","","Litchfield Park","AZ","85340","MARICOPA","Other","","","USDA","Maricopa (County, 2022)"
"Domino's Pizza #7584","6170 S 51st Ave","Ste 101","Laveen","AZ","85339","MARICOPA","Restaurant Meals Program","","","USDA","Maricopa (County, 2022)"
"Domino's Pizza #7608","1960 E Broadway Rd","","Mesa","AZ","85204","MARICOPA","Restaurant Meals Program","","","USDA","Maricopa (County, 2022)"
"Domino's Pizza #7612","318 E Brown Rd","","Mesa","AZ","85201","MARICOPA","Restaurant Meals Program","","","USDA","Maricopa (County, 2022)"
"Domino's Pizza #7643","2442 E Thomas Rd","","Phoenix","AZ","85016","MARICOPA","Restaurant Meals Program","","","USDA","Maricopa (County, 2022)"
"Domino's Pizza #7658","1145 S Mesa Dr","","Mesa","AZ","85210","MARICOPA","Restaurant Meals Program","","","USDA","Maricopa (County, 2022)"
"Domino's Pizza #7659","2902 N 68th St","Ste 100","Scottsdale","AZ","85251","MARICOPA","Restaurant Meals Program","","","USDA","Maricopa (County, 2022)"
"Domino's Pizza #7663","324 E Southern Ave","","Phoenix","AZ","85040","MARICOPA","Restaurant Meals Program","","","USDA","Maricopa (County, 2022)"
"Dons NY Pizza","7539 W Peoria Ave","B104","Peoria","AZ","85345","MARICOPA","Restaurant Meals Program","","","USDA","Maricopa (County, 2022)"
"Downtown Phoenix Farmers Market NAFMNP","720 N 5th St","","Phoenix","AZ","85004","MARICOPA","Farmers and Markets","","","USDA","Maricopa (County, 2022)"
"Dulceria La Victoria Llc","9333 E Apache Trail","Ste 108","Mesa","AZ","85207","MARICOPA","Convenience Store","","","USDA","Maricopa (County, 2022)"
"EASY STOP CONVENIENCE STORE","5430 N 59th Ave","","Glendale","AZ","85301","MARICOPA","Convenience Store","","","USDA","Maricopa (County, 2022)"
"EL ALAMO SUPER CARNICERIA","773 E Chandler Blvd","","Chandler","AZ","85225","MARICOPA","Convenience Store","","","USDA","Maricopa (County, 2022)"
"EL RANCHO MARKET","1076 N Arizona Ave","","Chandler","AZ","85225","MARICOPA","Super Store","","","USDA","Maricopa (County, 2022)"
"Eagle Eye Mart","51445 US Hwy 60","","Aguila","AZ","85320","MARICOPA","Convenience Store","","","USDA","Maricopa (County, 2022)"
"East Mesa Market n/a","723 E Main St","","Mesa","AZ","85203","MARICOPA","Convenience Store","","","USDA","Maricopa (County, 2022)"
"Easy Mart","1216 S 7th Ave","","Phoenix","AZ","85007","MARICOPA","Convenience Store","","","USDA","Maricopa (County, 2022)"
"Easy Stop Corner Market","6010 W Bethany Home Rd","","Glendale","AZ","85301","MARICOPA","Convenience Store","","","USDA","Maricopa (County, 2022)"
"Eddies Food Market 1","2446 W Buckeye Rd","","Phoenix","AZ","85009","MARICOPA","Convenience Store","","","USDA","Maricopa (County, 2022)"
"El Corral","10171 N 19th Ave","Ste 1","Phoenix","AZ","85021","MARICOPA","Grocery Store","","","USDA","Maricopa (County, 2022)"
"El Herradero Carniceria Y Restaurante","10839 E Apache Trl","Ste 107","Apache Junction","AZ","85120","MARICOPA","Grocery Store","","","USDA","Maricopa (County, 2022)"
"El Metro","4904 N 19th Ave","","Phoenix","AZ","85015","MARICOPA","Convenience Store","","","USDA","Maricopa (County, 2022)"
"El Paisano Market 1","1035 E Lemon St","","Tempe","AZ","85281","MARICOPA","Convenience Store","","","USDA","Maricopa (County, 2022)"
"El Patron Drive Thru 1","1902 W Cactus Rd","","Phoenix","AZ","85029","MARICOPA","Convenience Store","","","USDA","Maricopa (County, 2022)"
